activity,compound_id,original_row_index,canonical_smiles,RDKit_AvgIpc,RDKit_BCUT2D_CHGHI,RDKit_BCUT2D_CHGLO,RDKit_BCUT2D_LOGPHI,RDKit_BCUT2D_LOGPLOW,RDKit_BCUT2D_MRHI,RDKit_BCUT2D_MRLOW,RDKit_BCUT2D_MWHI,RDKit_BCUT2D_MWLOW,RDKit_BalabanJ,RDKit_Chi2n,RDKit_Chi2v,RDKit_EState_VSA1,RDKit_EState_VSA10,RDKit_EState_VSA11,RDKit_EState_VSA2,RDKit_EState_VSA3,RDKit_EState_VSA4,RDKit_EState_VSA8,RDKit_EState_VSA9,RDKit_ExactMolWt,RDKit_FpDensityMorgan1,RDKit_FractionCSP3,RDKit_HallKierAlpha,RDKit_Ipc,RDKit_Kappa1,RDKit_Kappa3,RDKit_MaxAbsEStateIndex,RDKit_MaxAbsPartialCharge,RDKit_MaxPartialCharge,RDKit_MinAbsEStateIndex,RDKit_MinAbsPartialCharge,RDKit_MinEStateIndex,RDKit_MinPartialCharge,RDKit_MolLogP,RDKit_NHOHCount,RDKit_NOCount,RDKit_NumAliphaticCarbocycles,RDKit_NumAliphaticHeterocycles,RDKit_NumAliphaticRings,RDKit_NumAmideBonds,RDKit_NumAromaticCarbocycles,RDKit_NumAromaticHeterocycles,RDKit_NumAromaticRings,RDKit_NumAtomStereoCenters,RDKit_NumHAcceptors,RDKit_NumHDonors,RDKit_NumHeteroatoms,RDKit_NumHeterocycles,RDKit_NumRings,RDKit_NumRotatableBonds,RDKit_NumSaturatedCarbocycles,RDKit_NumSaturatedHeterocycles,RDKit_NumSaturatedRings,RDKit_PEOE_VSA1,RDKit_PEOE_VSA10,RDKit_PEOE_VSA11,RDKit_PEOE_VSA12,RDKit_PEOE_VSA13,RDKit_PEOE_VSA14,RDKit_PEOE_VSA2,RDKit_PEOE_VSA3,RDKit_PEOE_VSA4,RDKit_PEOE_VSA5,RDKit_PEOE_VSA6,RDKit_PEOE_VSA7,RDKit_PEOE_VSA8,RDKit_PEOE_VSA9,RDKit_Phi,RDKit_SMR_VSA1,RDKit_SMR_VSA10,RDKit_SMR_VSA2,RDKit_SMR_VSA3,RDKit_SMR_VSA4,RDKit_SMR_VSA5,RDKit_SMR_VSA6,RDKit_SMR_VSA7,RDKit_SMR_VSA9,RDKit_SPS,RDKit_SlogP_VSA1,RDKit_SlogP_VSA10,RDKit_SlogP_VSA11,RDKit_SlogP_VSA2,RDKit_SlogP_VSA3,RDKit_SlogP_VSA4,RDKit_SlogP_VSA5,RDKit_SlogP_VSA6,RDKit_SlogP_VSA7,RDKit_SlogP_VSA8,RDKit_VSA_EState1,RDKit_VSA_EState10,RDKit_VSA_EState2,RDKit_VSA_EState4,RDKit_VSA_EState5,RDKit_VSA_EState6,RDKit_VSA_EState7,RDKit_VSA_EState8,RDKit_VSA_EState9,RDKit_fr_Al_OH,RDKit_fr_ArN,RDKit_fr_Ar_COO,RDKit_fr_Ar_N,RDKit_fr_Ar_NH,RDKit_fr_C_O,RDKit_fr_Imine,RDKit_fr_NH0,RDKit_fr_NH1,RDKit_fr_NH2,RDKit_fr_Ndealkylation1,RDKit_fr_aldehyde,RDKit_fr_alkyl_halide,RDKit_fr_allylic_oxid,RDKit_fr_aniline,RDKit_fr_azo,RDKit_fr_benzodiazepine,RDKit_fr_bicyclic,RDKit_fr_dihydropyridine,RDKit_fr_epoxide,RDKit_fr_ester,RDKit_fr_ether,RDKit_fr_furan,RDKit_fr_halogen,RDKit_fr_hdrzone,RDKit_fr_imidazole,RDKit_fr_imide,RDKit_fr_ketone,RDKit_fr_ketone_Topliss,RDKit_fr_methoxy,RDKit_fr_nitro,RDKit_fr_nitro_arom,RDKit_fr_para_hydroxylation,RDKit_fr_phenol_noOrthoHbond,RDKit_fr_phos_acid,RDKit_fr_priamide,RDKit_fr_pyridine,RDKit_fr_sulfonamd,RDKit_fr_sulfone,RDKit_fr_urea,RDKit_qed
1.47,compound_137,137,O=[N+]([O-])c1ccc(Oc2c(Cl)cc(Cl)cc2Cl)cc1,0.3964417607113293,-0.7021067187144605,-0.20871884624062326,0.5641526645163643,0.9673105966046797,0.054286970102051614,-0.053720654594318705,0.8469369645819415,0.8053374082489124,-1.523149119080794,0.37442956581894865,0.5468902641656598,0.006203794368863431,-0.8364936638409942,-0.08164965809277261,0.635587328569835,-0.1078489619050793,-0.08164965809277262,-0.7291796181945297,2.0476501396435727,0.6551266434050805,-1.3027309927294934,-0.9971134346828908,0.4896859136504441,-0.10527829663916187,1.131878389226576,0.36539664161607505,-0.5900525904194333,0.6131118141660011,-0.8629993747989484,-0.9644063660348321,-0.7798062837492594,1.251062929871494,-0.6943285822621548,2.2770279162610447,-0.7924010217609605,-0.8902909975363662,-0.1850583025494013,-0.34426518632954817,-0.3813771739533777,-0.3004208840630549,1.9964591297103413,-0.2501851166488378,1.6741641355690164,-0.408030732073532,-0.8396668382714256,-0.798997378805129,-0.03562583172405988,-0.43502175163138596,1.0005429766377183,-0.34257077297759186,-0.11585688927269844,-0.1423736993628749,-0.1850583025494013,-0.2709423522500662,0.1467645826931329,1.5076178110181495,-0.46965587898313627,-0.3325250781121237,-0.7955793462767262,-0.7803142062310864,-0.4401646196306631,-0.29601761901900703,-0.23402132579539733,1.8385705678404445,0.9354302400880345,-0.3251547584877712,0.23543470840914185,1.229694060416242,-0.6765370938110037,1.4675372917197904,-0.44543540318737407,-0.36513981808175977,-0.30708344176251406,-0.6961133411633624,-0.8079066623809701,1.3734953939499621,2.1613666624727017,-0.8802330190356307,0.2938928536832671,-0.7160421888467345,2.5207167354157054,-1.0775691586539007,-0.7071681405616813,-0.6663308010709861,-0.6992243775858348,0.989822546554218,2.8653974943352223,-0.2948745963484151,-0.552222423603976,2.7741882218589957,-0.7805034410610834,0.7899928465959144,0.2774333324211627,-0.07281169400203184,0.3424214259965502,0.7257259661536316,0.3995122807956569,-0.10983780389073187,-0.41396633210742717,-0.18505830254940134,-0.20509449742850697,-0.0816496580927726,-0.5293123406455822,-0.1649572197684645,-0.6548947442298997,-0.4139663321074272,-0.4557837944376053,-0.11585688927269844,-0.11585688927269847,-0.3184399010871054,-0.21286501985332265,-0.5828678671740337,-0.11585688927269844,-0.11585688927269844,-0.24473874221703176,-0.2034190510862431,-0.08164965809277261,-0.2794722107346492,1.1169466712169605,-0.1423736993628749,1.7525006665295113,-0.08164965809277261,-0.0816496580927726,-0.14237369936287486,-0.2103806732152868,-0.18505830254940134,-0.280305955290694,-0.5578275643047641,-0.45651777194825466,-0.25629956685409805,-0.3813771739533776,-0.11585688927269844,-0.16495721976846447,-0.14237369936287486,-0.08164965809277261,-0.0816496580927726,-0.11585688927269844,0.8416616929332815
1.664,compound_59,59,CC(C)OC(=O)c1cc(C(=O)OC(C)C)cc([N+](=O)[O-])c1,0.6644223620274852,0.06972498636890184,-0.2923764592674722,-0.9466426768948845,-0.7991708466843563,-0.39912170679785297,-0.05433883669180944,-0.7592361057875817,-0.39430893564436204,0.5620542667944793,0.4756386031250015,-0.09356859366110098,0.7560129690373393,0.377103504707862,-0.08164965809277261,-0.43722819541551783,-0.1078489619050793,-0.08164965809277262,0.7428405136753408,0.16067569949505026,0.4216279426113612,-1.1673237360466533,1.3480348364740364,-0.6244369144725718,-0.10527400953008687,-0.2570291348042266,1.4535166524943124,1.039449153690297,0.6776705209912077,0.44959568144114237,1.6700075055895167,0.8104448802161901,-0.5040952268990243,-0.7535016892843737,0.1163795486359376,-0.7924010217609605,0.44958216486886254,-0.1850583025494013,-0.34426518632954817,-0.3813771739533777,-0.3004208840630549,-0.32250493633782445,-0.2501851166488378,-0.48650923597732115,-0.408030732073532,0.6757478140670439,-0.798997378805129,-0.03562583172405988,-0.43502175163138596,-0.5732277470320264,0.47204634071715407,-0.11585688927269844,-0.1423736993628749,-0.1850583025494013,0.701515823864345,-1.029882139131166,-0.7114743284423424,-0.46965587898313627,-0.3325250781121237,1.8640459102464086,-0.7803142062310864,2.7124877723726026,-0.29601761901900703,-0.23402132579539733,-0.9083432985070807,1.8876973628785496,0.4787482804001918,1.342536193384436,0.021299162734534628,1.5001610184893783,-0.33195722650681814,-0.44543540318737407,-0.36513981808175977,-0.30708344176251406,2.0358750746812646,-0.8079066623809701,-0.2519156743477632,-0.762291769811869,0.7281616965443118,-1.090194889000231,-0.7160421888467345,-0.7747657498463855,1.1951844218869478,0.46756386748877626,-0.6663308010709861,2.0761291235639923,-0.39498307471953714,-0.6922725817415895,-0.2948745963484151,1.0147493929681661,-0.671200784935944,1.7635538065456393,-0.2602685508676757,-1.0046779181178045,-0.2813965127661154,-1.1659105137683055,-1.1181038709799789,0.3995122807956569,-0.10983780389073187,-0.41396633210742717,-0.18505830254940134,-0.20509449742850697,-0.0816496580927726,2.486769298504716,-0.1649572197684645,-0.6548947442298997,-0.4139663321074272,-0.4557837944376053,-0.11585688927269844,-0.11585688927269847,-0.3184399010871054,-0.21286501985332265,-0.5828678671740337,-0.11585688927269844,-0.11585688927269844,-0.24473874221703176,-0.2034190510862431,-0.08164965809277261,4.162665033573985,2.6363966473769698,-0.1423736993628749,-0.603234650793541,-0.08164965809277261,-0.0816496580927726,-0.14237369936287486,-0.2103806732152868,-0.18505830254940134,-0.280305955290694,-0.5578275643047641,-0.45651777194825466,-0.25629956685409805,-0.3813771739533776,-0.11585688927269844,-0.16495721976846447,-0.14237369936287486,-0.08164965809277261,-0.0816496580927726,-0.11585688927269844,0.0018613411549410672
3.968,compound_68,68,O=[N+]([O-])c1ccc(OP(=O)(OCCCl)OCCCl)cc1,0.31884869264479737,0.7417237079521961,-0.8211044863253864,1.4226545499297043,-0.1603524385130734,1.1849817389699555,-0.05372386908698043,0.8468326651480009,0.9603275560112152,0.13502044678915814,-0.09371874626461903,0.6577777308346077,0.16050713370725778,-0.258739288373157,-0.08164965809277261,-0.43722819541551783,-0.1078489619050793,-0.08164965809277262,1.3795092836619935,1.421785033526005,0.9335469442676836,-0.7814130545005565,1.1916916183969086,1.2402528715438426,-0.10527798757618478,0.5454567136267953,1.9913073678240862,1.3149407883479167,1.5582582224224981,4.094206982081528,1.0643888934435726,2.328824037059856,-1.6194526106643203,-0.11758598252634209,0.8310473070132907,-0.7924010217609605,0.44958216486886254,-0.1850583025494013,-0.34426518632954817,-0.3813771739533777,-0.3004208840630549,-0.32250493633782445,-0.2501851166488378,-0.48650923597732115,-0.408030732073532,0.6757478140670439,-0.798997378805129,1.1171242947758773,-0.43502175163138596,-0.5732277470320264,2.1012805681066458,-0.11585688927269844,-0.1423736993628749,-0.1850583025494013,-0.31469413407205044,0.1467645826931329,-0.7114743284423424,-0.46965587898313627,-0.3325250781121237,0.9471228476289753,0.588473722025098,1.060711256659503,-0.29601761901900703,7.549020969414289,-0.9083432985070807,-0.30461351335365483,0.5278658920863238,0.7776787807685278,1.7449861112590899,0.9242118489246337,1.1701761575673517,-0.44543540318737407,-0.36513981808175977,-0.30708344176251406,-0.6961133411633624,2.374973898385353,-0.6264073474354356,0.6995374463304165,0.3075297016543014,0.23162148157929438,-0.7160421888467345,0.8729754927846599,1.2596491147048772,0.9807727676882316,-0.6663308010709861,-0.33806370073318875,0.06661879903838124,-0.6922725817415895,-0.2948745963484151,0.6480738680110162,1.3580288977872332,-0.7946552208006008,0.7145097622493646,-2.3650399739087455,-0.38813880997777556,0.3424214259965502,-0.17498569305705988,-2.2052185938793385,-0.10983780389073187,-0.41396633210742717,-0.18505830254940134,-0.20509449742850697,-0.0816496580927726,-0.5293123406455822,-0.1649572197684645,-0.6548947442298997,-0.4139663321074272,-0.4557837944376053,-0.11585688927269844,-0.11585688927269847,1.9180449856176813,-0.21286501985332265,-0.5828678671740337,-0.11585688927269844,-0.11585688927269844,-0.24473874221703176,-0.2034190510862431,-0.08164965809277261,-0.2794722107346492,-0.4025033049430488,-0.1423736993628749,0.9672555607551606,-0.08164965809277261,-0.0816496580927726,-0.14237369936287486,-0.2103806732152868,-0.18505830254940134,-0.280305955290694,-0.5578275643047641,-0.45651777194825466,-0.25629956685409805,-0.3813771739533776,8.631338250816034,-0.16495721976846447,-0.14237369936287486,-0.08164965809277261,-0.0816496580927726,-0.11585688927269844,-1.5454255308122455
2.878,compound_44,44,CN1C(=O)CN=C(c2ccccc2F)c2cc([N+](=O)[O-])ccc21,1.3104393629389464,0.51516422703429,-0.8433885015941534,-0.12022607542113958,-1.6506876974842795,-0.15697317041492706,-0.05349133104314663,-0.5452836946737077,-1.12113396158618,-1.5781963075807226,1.3385095907849325,0.4932289614358898,1.0583854178650376,-0.22969507956656612,12.247448713915894,0.6093740343354739,-0.1078489619050793,-0.08164965809277262,0.04653632973959895,-0.368033381246287,0.6139029082608441,-0.27245838753396556,-0.31311185559545357,-1.3867314810830556,-0.10527408219407167,0.41959183244747245,-0.13385668722315988,3.2201644102148275,-1.1540845318305806,-0.8523147708533793,-1.0545052587681372,-0.7668615421245103,-0.22185446691586633,0.9254451655927343,-0.029883021538143064,-0.7924010217609605,0.00295777740045296,-0.1850583025494013,2.904737509655563,2.360906314949481,1.9677567906130091,1.9964591297103413,-0.2501851166488378,1.6741641355690164,-0.408030732073532,-0.33452862082526913,-0.798997378805129,-0.03562583172405988,1.8300915068630719,2.574313700307463,-0.7498793298249649,-0.11585688927269844,-0.1423736993628749,-0.1850583025494013,-0.23746953005144317,1.490213984259486,-0.7114743284423424,1.2601177368580594,-0.3325250781121237,-0.7955793462767262,0.7003441364275275,1.0032961327358585,-0.29601761901900703,-0.23402132579539733,0.045487677914223,0.31540836336718986,0.8844052422765417,0.745210595269765,0.07066151305445775,0.26157502978980585,0.09049515271932954,-0.44543540318737407,-0.36513981808175977,2.348579251982752,-0.6961133411633624,1.551763487043209,1.9567336442079948,-0.762291769811869,0.5105572987039669,0.3415343091783027,0.6506186826642583,-0.7747657498463855,1.288825683862835,-0.11265059288818507,0.10815272362999205,0.15054651617521636,1.8328119888730239,-0.6922725817415895,-0.2948745963484151,0.543808970849546,-0.671200784935944,0.8515863910169159,-0.5134589578255531,-0.6483447405413906,-1.5901254824464968,0.3424214259965502,-0.11970318168766249,0.3995122807956569,-0.10983780389073187,-0.41396633210742717,-0.18505830254940134,-0.20509449742850697,-0.0816496580927726,0.9787284789295669,6.06217782649107,1.618418046085384,-0.4139663321074272,-0.4557837944376053,8.631338250816034,-0.11585688927269847,-0.3184399010871054,-0.21286501985332265,1.0173693681583134,-0.11585688927269844,8.631338250816034,2.0649831374562058,-0.2034190510862431,-0.08164965809277261,-0.2794722107346492,-0.4025033049430488,-0.1423736993628749,0.18201045498080975,-0.08164965809277261,-0.0816496580927726,-0.14237369936287486,-0.2103806732152868,-0.18505830254940134,-0.280305955290694,-0.5578275643047641,-0.45651777194825466,-0.25629956685409805,-0.3813771739533776,-0.11585688927269844,-0.16495721976846447,-0.14237369936287486,-0.08164965809277261,-0.0816496580927726,-0.11585688927269844,1.414386398710191
2.172,compound_6,6,O=C1c2ccccc2C(=O)c2c1ccc(C(=O)O)c2[N+](=O)[O-],0.8179013314779418,1.5901523241603426,-0.8320058894878446,0.2888950153975139,-1.35550160786892,-0.047220682116841196,-0.0629768233045421,-0.7592270290791585,-2.275473757741441,-1.7897142316954764,1.4032106836334746,0.5372291000876612,0.7836779457056698,0.9839020889822913,-0.08164965809277261,-0.43722819541551783,-0.1078489619050793,-0.08164965809277262,0.06462300819753596,-0.8920799692622845,0.4421780168298385,-1.3544319452811242,-0.9971134346828908,-1.6916493077272499,-0.10527789359668425,0.991481472349007,-0.7152758407271746,1.2802206256275843,0.904258865468041,0.5275278195785251,0.010225502878822804,0.9048621742583371,0.865110944059325,-0.9611876392836075,-0.4248331617321537,0.17253893215762853,0.44958216486886254,5.403702434442518,-0.34426518632954817,2.360906314949481,-0.3004208840630549,1.9964591297103413,-0.2501851166488378,1.6741641355690164,-0.408030732073532,0.6757478140670439,0.49829944054513414,-0.03562583172405988,-0.43502175163138596,2.574313700307463,-0.7498793298249649,-0.11585688927269844,-0.1423736993628749,-0.1850583025494013,-0.19458354883651188,1.2472562161071856,1.5206375052545034,1.223826456159427,-0.025081379573785204,0.5342332819848411,0.6704089187654778,1.1361615763709698,-0.29601761901900703,-0.23402132579539733,0.9993186543355267,-0.30461351335365483,-0.3545007457361695,-0.7014038313505988,0.17612389854136187,0.4157661707810595,0.10856109503415448,1.4763001934210112,-0.36513981808175977,-0.30708344176251406,-0.6961133411633624,-0.8079066623809701,2.3125342361432173,-0.762291769811869,-0.5717232214538303,-1.090194889000231,-0.7160421888467345,-0.7747657498463855,1.058052985766081,-0.7071681405616813,-0.6663308010709861,1.153921622861451,0.989822546554218,-0.6922725817415895,0.1282143743010553,-0.5128352672177866,-0.671200784935944,3.0258625319210157,-0.5114986857705918,-0.9070830894152782,-0.5256534059780265,0.3424214259965502,0.7257259661536316,0.3995122807956569,-0.10983780389073187,-0.41396633210742717,5.403702434442519,-0.20509449742850697,-0.0816496580927726,3.9948101180798656,-0.1649572197684645,-0.6548947442298997,-0.4139663321074272,-0.4557837944376053,-0.11585688927269844,-0.11585688927269847,-0.3184399010871054,-0.21286501985332265,-0.5828678671740337,-0.11585688927269844,-0.11585688927269844,4.374705017129442,-0.2034190510862431,-0.08164965809277261,-0.2794722107346492,-0.4025033049430488,-0.1423736993628749,-0.603234650793541,-0.08164965809277261,-0.0816496580927726,-0.14237369936287486,7.7314897406617895,-0.18505830254940134,-0.280305955290694,-0.5578275643047641,-0.45651777194825466,-0.25629956685409805,-0.3813771739533776,-0.11585688927269844,-0.16495721976846447,-0.14237369936287486,-0.08164965809277261,-0.0816496580927726,-0.11585688927269844,0.889828012458468
4.01,compound_185,185,CCOc1ccc([N+](=O)[O-])cc1CNCCCl,0.39601184471674433,-0.7511567966552124,-0.26363603372119965,-0.6089059249535802,-0.8800904147737519,-0.17657266019515655,-0.05454470180509589,0.8467398094514258,-0.03962753525432403,0.7110287544798276,-0.30542263372179224,-0.5065168390530927,0.3062353904197153,-0.8364936638409942,-0.08164965809277261,-0.43722819541551783,-0.1078489619050793,-0.08164965809277262,0.006830447740405579,0.8472705024747204,0.025667033664689885,1.284344123187371,1.4901650347259718,0.6773276531237928,-0.105277983055428,-0.6391923472207447,0.9964360863171959,-0.23960378766753904,1.10580850530598,-0.8567867217754712,-0.017775416692830524,-0.7722794546217765,-0.3465269069148019,-1.1459236570094686,-0.21594549108917088,0.17253893215762853,-0.44366661006795666,-0.1850583025494013,-0.34426518632954817,-0.3813771739533777,-0.3004208840630549,-0.32250493633782445,-0.2501851166488378,-0.48650923597732115,-0.408030732073532,-0.33452862082526913,0.49829944054513414,-0.4198758738907056,-0.43502175163138596,-0.5732277470320264,1.2866634544119,-0.11585688927269844,-0.1423736993628749,-0.1850583025494013,0.8191401473722616,0.4357003047802801,-0.7114743284423424,-0.46965587898313627,-0.3325250781121237,-0.7955793462767262,-0.7803142062310864,-0.4401646196306631,-0.29601761901900703,3.6574998218094454,-0.9083432985070807,-0.22155220183623706,1.9053257248550053,-0.21754104369139726,0.052463685441008566,0.23975717221252973,-0.35853310959605517,-0.44543540318737407,1.328629174805808,-0.30708344176251406,0.2255657882040276,1.617952749564292,-0.6616851109870963,0.6995374463304165,0.9768071618976057,1.8453938470417144,-0.7160421888467345,0.8729754927846599,0.7037615692678443,0.0984355994468685,-0.6663308010709861,0.32751206781207626,-0.39498307471953714,-0.3589236523083401,-0.2948745963484151,0.7071942804463758,0.3586922802097193,-0.7735326139273354,0.2762038440054047,-1.1073709645359322,-0.015994958610807096,0.3424214259965502,-1.0180840980441492,0.3995122807956569,-0.10983780389073187,-0.41396633210742717,-0.18505830254940134,-0.20509449742850697,-0.0816496580927726,-0.5293123406455822,-0.1649572197684645,-0.6548947442298997,1.9011787104192954,-0.4557837944376053,-0.11585688927269844,-0.11585688927269847,0.7998025422652879,-0.21286501985332265,-0.5828678671740337,-0.11585688927269844,-0.11585688927269844,-0.24473874221703176,-0.2034190510862431,-0.08164965809277261,-0.2794722107346492,1.1169466712169605,-0.1423736993628749,0.18201045498080975,-0.08164965809277261,-0.0816496580927726,-0.14237369936287486,-0.2103806732152868,-0.18505830254940134,-0.280305955290694,-0.5578275643047641,-0.45651777194825466,-0.25629956685409805,-0.3813771739533776,-0.11585688927269844,-0.16495721976846447,-0.14237369936287486,-0.08164965809277261,-0.0816496580927726,-0.11585688927269844,-1.032184594815138
3.66,compound_172,172,CC(=O)Oc1c([N+](=O)[O-])cc([N+](=O)[O-])cc1C(C)(C)C,0.27243792451475823,1.027750974456884,-1.1306029129516821,0.7834772241104591,-0.8985735898876739,-0.6374247571942414,-0.236059177864277,-0.7585622692353997,-2.0527475691750445,1.7982483496915909,0.6017221666935224,-0.007825153566342877,0.49607910861395516,1.05037717157316,-0.08164965809277261,-0.43722819541551783,-0.1078489619050793,-0.08164965809277262,0.006830447740405579,-0.1565497489497518,0.28239534033134767,-0.6013214031123779,1.2828918289419002,-0.7065301754921622,-0.10527758689783757,-0.14727349373476717,0.35910725559736506,0.38471613880017513,0.17181217545938135,0.07304964420785984,1.8242314515107114,0.35424723483417353,-0.6691056746702779,-0.28984292828592556,0.1168739573238503,-0.7924010217609605,0.8962065523372722,-0.1850583025494013,-0.34426518632954817,-0.3813771739533777,-0.3004208840630549,-0.32250493633782445,-0.2501851166488378,-0.48650923597732115,-0.408030732073532,0.6757478140670439,-0.798997378805129,0.34862421044258585,-0.43502175163138596,-0.5732277470320264,-0.34257077297759186,-0.11585688927269844,-0.1423736993628749,-0.1850583025494013,-0.2709423522500662,-1.029882139131166,-0.7114743284423424,1.2139485361263138,-0.3325250781121237,1.8012413717102598,1.4752341962837487,-0.4401646196306631,-0.29601761901900703,-0.23402132579539733,0.7140733027170785,-0.9890167665759796,0.9271119466594232,-0.19007838162024807,-0.2708839544707932,0.8546223221871652,-0.35414525482902454,-0.44543540318737407,-0.36513981808175977,-0.30708344176251406,1.5701560445980405,-0.8079066623809701,-0.3617741669094872,0.6995374463304165,0.43764336292142436,0.2938928536832671,0.055230039504731064,0.8729754927846599,-0.05028189388967367,0.5588025069513889,0.680252572121473,1.2301633712326203,-0.8565849484774555,-0.6922725817415895,-0.2948745963484151,0.557588859100302,-0.671200784935944,1.4064669516856234,-1.5342549625403177,-0.8964579674170007,0.22574217606195685,0.3424214259965502,-1.2222173590499394,0.3995122807956569,-0.10983780389073187,-0.41396633210742717,-0.18505830254940134,-0.20509449742850697,-0.0816496580927726,0.9787284789295669,-0.1649572197684645,0.4817616509277422,-0.4139663321074272,-0.4557837944376053,-0.11585688927269844,-0.11585688927269847,-0.3184399010871054,-0.21286501985332265,-0.5828678671740337,-0.11585688927269844,-0.11585688927269844,-0.24473874221703176,-0.2034190510862431,-0.08164965809277261,1.9415964114196682,1.1169466712169605,-0.1423736993628749,-0.603234650793541,-0.08164965809277261,-0.0816496580927726,-0.14237369936287486,-0.2103806732152868,-0.18505830254940134,-0.280305955290694,1.1611920726344063,1.146602776056082,-0.25629956685409805,-0.3813771739533776,-0.11585688927269844,-0.16495721976846447,-0.14237369936287486,-0.08164965809277261,-0.0816496580927726,-0.11585688927269844,-0.9313798742156861
3.745,compound_81,81,CCC(C)c1cc([N+](=O)[O-])cc([N+](=O)[O-])c1OC(=O)C=C(C)C,0.8445608457370096,0.7706743467339814,-0.5771281789782535,0.6921616134431907,-0.4733997277771909,-0.5087131716055086,-0.23533202513233376,-0.7585597117667154,-1.3265779169138323,1.619862295544509,0.8316793209852871,0.14855777950852603,1.0994470140984631,1.05037717157316,-0.08164965809277261,-0.43722819541551783,-0.1078489619050793,-0.08164965809277262,0.006830447740405579,0.266417515643318,0.7104667989890964,0.19734592043519586,1.1916916183969086,-1.011448002136356,-0.10526345729674988,-0.016282548316029165,1.269988665191855,1.0939034145528024,0.1298816368514845,0.40535288185023,1.926767699756974,0.7568433043058895,-0.7381100110386556,-0.25141030826362354,1.0746259872581265,-0.7924010217609605,0.8962065523372722,-0.1850583025494013,-0.34426518632954817,-0.3813771739533777,-0.3004208840630549,-0.32250493633782445,-0.2501851166488378,-0.48650923597732115,2.0564748896506013,0.6757478140670439,-0.798997378805129,0.34862421044258585,-0.43502175163138596,-0.5732277470320264,0.879354897564527,-0.11585688927269844,-0.1423736993628749,-0.1850583025494013,-0.2709423522500662,-1.029882139131166,-0.7114743284423424,1.2139485361263138,-0.3325250781121237,1.8012413717102598,0.7498726337854658,1.1361615763709698,-0.29601761901900703,-0.23402132579539733,0.6131412693731566,1.1202327981388067,1.1601579380040348,-0.06223912242006806,0.28332413798346967,1.2605125416427685,-0.35414525482902454,-0.44543540318737407,-0.36513981808175977,-0.30708344176251406,2.0432524100893747,-0.8079066623809701,0.49446443615944763,0.6995374463304165,0.9191267664509687,0.2938928536832671,0.055230039504731064,0.8729754927846599,-0.05028189388967367,-0.11265059288818507,0.680252572121473,2.0096067362241823,0.03150364839690629,-0.6922725817415895,-0.2948745963484151,1.1521419737263907,-0.671200784935944,1.5127082914728287,-0.9772255816992251,-2.60725247478402,-0.6073636791409075,-0.4725182300777474,-1.1504895650258624,0.3995122807956569,-0.10983780389073187,-0.41396633210742717,-0.18505830254940134,-0.20509449742850697,-0.0816496580927726,0.9787284789295669,-0.1649572197684645,0.4817616509277422,-0.4139663321074272,-0.4557837944376053,-0.11585688927269844,-0.11585688927269847,-0.3184399010871054,2.465686479967654,-0.5828678671740337,-0.11585688927269844,-0.11585688927269844,-0.24473874221703176,-0.2034190510862431,-0.08164965809277261,1.9415964114196682,1.1169466712169605,-0.1423736993628749,-0.603234650793541,-0.08164965809277261,-0.0816496580927726,-0.14237369936287486,-0.2103806732152868,-0.18505830254940134,-0.280305955290694,1.1611920726344063,1.146602776056082,-0.25629956685409805,-0.3813771739533776,-0.11585688927269844,-0.16495721976846447,-0.14237369936287486,-0.08164965809277261,-0.0816496580927726,-0.11585688927269844,-1.8650327696404667
1.71,compound_183,183,O=[N+]([O-])c1ccc(C(O)C2COC(C(Cl)Cl)=N2)cc1,1.396726925224328,0.8512563749124997,-0.5494613689530843,-0.4337950769111109,-0.9589641482916459,0.19355817639335302,-0.05378071369855216,0.8504430282650173,-0.829165738940282,-1.2305213171951874,0.35784026063475766,0.42019782710620035,0.04869724131623792,-0.8364936638409942,-0.08164965809277261,-0.43722819541551783,-0.1078489619050793,-0.08164965809277262,1.5763490220665997,1.214963893954809,0.516758466776911,0.9721109195422332,0.9927093408441992,0.6304172182554554,-0.10527813093251011,0.3207897865746628,0.2676344070601485,-0.46064465411479066,0.8938820825961385,-0.8677737507518021,0.6812361080915486,-0.7855905939065616,-0.15575422221258076,-0.9516765057181863,-0.29233163337163454,0.17253893215762853,0.00295777740045296,-0.1850583025494013,2.904737509655563,2.360906314949481,-0.3004208840630549,-0.32250493633782445,-0.2501851166488378,-0.48650923597732115,4.520980511374734,0.1706095966208874,0.49829944054513414,0.34862421044258585,1.8300915068630719,1.0005429766377183,0.47204634071715407,-0.11585688927269844,-0.1423736993628749,-0.1850583025494013,0.7778746272778991,2.7882811843541626,1.1458980440995865,1.676447046023642,-0.3325250781121237,-0.7955793462767262,-0.7803142062310864,1.2012155718172892,-0.29601761901900703,-0.23402132579539733,0.9229326123912696,0.266260800694224,-0.6785193943012349,-0.317886053750057,0.45797912200197227,0.006068120388008517,1.0186756110409416,1.4763001934210112,-0.36513981808175977,2.348579251982752,0.471472061372616,0.03449151708642146,-0.21663791079610198,-0.762291769811869,2.2318422709206938,-1.090194889000231,-0.7160421888467345,-0.7747657498463855,1.7354233519411792,-0.1198021365364525,-0.6663308010709861,-0.00735009010980248,0.4480063675992689,-0.6922725817415895,-0.2948745963484151,0.04138260901694984,1.4792924878120206,-0.7191312753065923,0.4334680060482725,0.3041739092106123,-1.5129291766043758,-0.30054174724800065,0.32891344400188244,0.3995122807956569,5.418664991942773,-0.41396633210742717,-0.18505830254940134,-0.20509449742850697,-0.0816496580927726,-0.5293123406455822,6.06217782649107,0.4817616509277422,-0.4139663321074272,-0.4557837944376053,-0.11585688927269844,-0.11585688927269847,1.9180449856176813,-0.21286501985332265,-0.5828678671740337,-0.11585688927269844,-0.11585688927269844,-0.24473874221703176,-0.2034190510862431,-0.08164965809277261,-0.2794722107346492,1.1169466712169605,-0.1423736993628749,0.9672555607551606,-0.08164965809277261,-0.0816496580927726,-0.14237369936287486,-0.2103806732152868,-0.18505830254940134,-0.280305955290694,-0.5578275643047641,-0.45651777194825466,-0.25629956685409805,-0.3813771739533776,-0.11585688927269844,-0.16495721976846447,-0.14237369936287486,-0.08164965809277261,-0.0816496580927726,-0.11585688927269844,0.4797089784514791
2.097,compound_36,36,COc1cc(N=Nc2c(Br)cc([N+](=O)[O-])cc2[N+](=O)[O-])c(NC(C)=O)cc1N(CCOC(C)=O)CCOC(C)=O,2.28043868010565,0.3981737886040584,-1.5819751332453056,0.901469158525111,-1.9671108670981305,2.8682972520213523,-0.2174018868423857,4.628075108792509,0.043801708719363515,-0.06136189582635044,3.0899396628790057,2.180338906814908,3.0011264939683673,2.2639743401220165,-0.08164965809277261,-0.43722819541551783,-0.1078489619050793,-0.08164965809277262,5.543329199910825,1.0097794565712501,3.939505730953724,-1.411733834359181,0.9061953071256299,-3.2396936583823868,0.574407172998876,2.40129030157823,4.2840773882821495,1.3797898034460394,1.1178469832749314,-0.19537423369920104,0.37792077716172384,0.02904306600196611,-1.03512298925247,-1.1569578641717975,1.6451736131090193,0.17253893215762853,4.469201652084549,-0.1850583025494013,-0.34426518632954817,-0.3813771739533777,1.9677567906130091,1.9964591297103413,-0.2501851166488378,1.6741641355690164,-0.408030732073532,4.21171533619014,0.49829944054513414,3.806874589942397,-0.43502175163138596,1.0005429766377183,3.7305147954961373,-0.11585688927269844,-0.1423736993628749,-0.1850583025494013,3.769987497914118,3.9953106900170785,2.0285568761556756,1.2601177368580594,-0.3325250781121237,3.1310539999718277,2.925957321280313,-0.4401646196306631,-0.29601761901900703,3.197116617568023,-0.9083432985070807,0.7099606532513185,1.6356147946486606,4.8179834397603445,3.4551088507606553,3.3850154260205585,3.624789582785424,-0.44543540318737407,-0.36513981808175977,5.133870964971154,0.7231757553106417,4.760919782708459,0.4479836604042225,0.6995374463304165,0.24608713938927168,3.2771230452202484,3.1403189529105933,0.8729754927846599,4.1961512639817125,2.2511165105092648,0.680252572121473,1.2869089563926477,1.1896973077173263,-0.3589236523083401,-0.2948745963484151,2.446099438983544,-0.16322335828502488,3.946013688662536,-1.6342366911377584,-2.9303288472088918,-1.0939652991078683,0.3424214259965502,-3.0086375008147455,-1.3866134781747768,-0.10983780389073187,-0.41396633210742717,-0.18505830254940134,-0.20509449742850697,-0.0816496580927726,3.9948101180798656,-0.1649572197684645,3.8917308364006677,1.9011787104192954,-0.4557837944376053,-0.11585688927269844,-0.11585688927269847,-0.3184399010871054,-0.21286501985332265,2.617606603490661,8.631338250816034,-0.11585688927269844,-0.24473874221703176,-0.2034190510862431,-0.08164965809277261,4.162665033573985,4.155846623536979,-0.1423736993628749,0.18201045498080975,-0.08164965809277261,-0.0816496580927726,-0.14237369936287486,-0.2103806732152868,-0.18505830254940134,3.567530340063379,1.1611920726344063,1.146602776056082,-0.25629956685409805,-0.3813771739533776,-0.11585688927269844,-0.16495721976846447,-0.14237369936287486,-0.08164965809277261,-0.0816496580927726,-0.11585688927269844,-2.8920958846507467
2.49,compound_162,162,COC(=O)C1=C(C)NC(C)=C(C(=O)OCC(C)C)C1c1ccccc1[N+](=O)[O-],1.582868753608226,1.783401133610601,-1.8141881442531316,0.8588546190486134,-2.005064380928522,-0.3612506448613428,-0.06769440676135771,-0.7592401111076215,-2.4501996512883673,-0.17363056269060959,1.8579853581339707,0.8464997453328277,2.112953376940491,0.5505872674429673,-0.08164965809277261,-0.43722819541551783,-0.1078489619050793,-0.08164965809277262,0.7428405136753408,0.798295824274715,1.4167344999676512,-0.26686547910576136,1.1916916183969086,-1.4688247421026466,-0.10330523093609777,0.21317439489869272,1.0044854500461136,2.274861566910738,0.755461196465703,0.4135234015983733,0.06696081380419386,0.7667421519953714,-0.8634581818824211,-0.8248029310773047,0.5091048497343429,0.17253893215762853,0.8962065523372722,-0.1850583025494013,2.904737509655563,2.360906314949481,-0.3004208840630549,-0.32250493633782445,-0.2501851166488378,-0.48650923597732115,2.0564748896506013,1.1808860315132004,0.49829944054513414,0.34862421044258585,1.8300915068630719,1.0005429766377183,0.879354897564527,-0.11585688927269844,-0.1423736993628749,-0.1850583025494013,1.791598323486673,-1.029882139131166,-0.16655716868615175,-0.46965587898313627,-0.3325250781121237,1.8640459102464086,-0.7803142062310864,2.7124877723726026,-0.29601761901900703,-0.23402132579539733,1.6040142336076477,0.46629717257351083,1.4395529545310377,2.539382076331268,0.41658526632974113,2.213510174785112,-0.33195722650681814,-0.44543540318737407,1.328629174805808,2.8281518570127284,1.603226858496464,0.9384054792261913,1.4435403078273026,-0.762291769811869,2.1084679972881255,0.46130610435821595,-0.7160421888467345,-0.7747657498463855,1.3306992254904182,1.6565989628357685,0.11836918666021778,2.0307228508580617,1.7885516101194718,-0.3589236523083401,-0.2948745963484151,2.2167489468891097,-0.671200784935944,2.064256955722149,-2.1858472114883356,-4.624186682680375,-0.8454122804308637,0.3424214259965502,-1.817787013390251,-1.3188336311547,-0.10983780389073187,-0.41396633210742717,-0.18505830254940134,-0.20509449742850697,-0.0816496580927726,2.486769298504716,-0.1649572197684645,-0.6548947442298997,1.9011787104192954,-0.4557837944376053,-0.11585688927269844,-0.11585688927269847,-0.3184399010871054,5.144237979788631,-0.5828678671740337,-0.11585688927269844,-0.11585688927269844,-0.24473874221703176,4.915960401250874,-0.08164965809277261,4.162665033573985,2.6363966473769698,-0.1423736993628749,-0.603234650793541,-0.08164965809277261,-0.0816496580927726,-0.14237369936287486,-0.2103806732152868,-0.18505830254940134,3.567530340063379,-0.5578275643047641,-0.45651777194825466,3.261994487233975,-0.3813771739533776,-0.11585688927269844,-0.16495721976846447,-0.14237369936287486,-0.08164965809277261,-0.0816496580927726,-0.11585688927269844,-0.1539939941784508
4.96,compound_154,154,CCCOP(C)(=S)Oc1ccc([N+](=O)[O-])cc1,0.3386332060694113,-0.5237599806709052,-0.8804546420082446,1.0556205860295718,0.42878514782076976,1.8171322831799894,-0.05369674254297582,0.5875100238078005,0.9602994465427368,0.0815236265151388,-0.2841940241879179,1.142591802944714,0.16911413713966644,-0.8364936638409942,-0.08164965809277261,-0.43722819541551783,-0.1078489619050793,-0.08164965809277262,-0.02628331757568856,1.1032108695164675,0.20703806276001954,0.6487265300526244,1.1916916183969086,1.0995215669388303,-0.1052781028287388,-0.4643526014849277,1.4160359178360686,-0.5213789976074581,0.4802428732618376,-0.8630064087995123,0.9586637368519151,-0.7798148056673718,-1.1360911084731384,-0.572543799903702,0.622571643610235,-0.7924010217609605,-0.44366661006795666,-0.1850583025494013,-0.34426518632954817,-0.3813771739533777,-0.3004208840630549,-0.32250493633782445,-0.2501851166488378,-0.48650923597732115,2.0564748896506013,0.1706095966208874,-0.798997378805129,-0.03562583172405988,-0.43502175163138596,-0.5732277470320264,0.879354897564527,-0.11585688927269844,-0.1423736993628749,-0.1850583025494013,0.6140122602203768,0.1467645826931329,-0.7114743284423424,1.4312721809358673,-0.3325250781121237,-0.7955793462767262,-0.7803142062310864,-0.4401646196306631,-0.29601761901900703,-0.23402132579539733,-0.3675377647656944,1.5608417741917742,0.5568379486214871,-0.08970178449121627,-0.02109062369918251,0.45434460197965176,0.1685909200616754,-0.44543540318737407,-0.36513981808175977,-0.30708344176251406,0.21700857592088357,0.8812558538194847,-0.6264073474354356,0.6995374463304165,1.214923666177307,0.23162148157929438,-0.7160421888467345,0.8729754927846599,0.16279830853936222,1.3178094169555254,-0.6663308010709861,0.3630580754345336,0.06661879903838124,-0.6922725817415895,-0.2948745963484151,0.6339922456653035,0.26092119299747163,-0.790077581611421,0.7309633430408049,0.25787664526507115,-0.2265780810541462,-0.36040114367626175,-1.1936332648767183,0.3995122807956569,-0.10983780389073187,-0.41396633210742717,-0.18505830254940134,-0.20509449742850697,-0.0816496580927726,-0.5293123406455822,-0.1649572197684645,-0.6548947442298997,-0.4139663321074272,-0.4557837944376053,-0.11585688927269844,-0.11585688927269847,-0.3184399010871054,-0.21286501985332265,-0.5828678671740337,-0.11585688927269844,-0.11585688927269844,-0.24473874221703176,-0.2034190510862431,-0.08164965809277261,-0.2794722107346492,-0.4025033049430488,-0.1423736993628749,-0.603234650793541,-0.08164965809277261,-0.0816496580927726,-0.14237369936287486,-0.2103806732152868,-0.18505830254940134,-0.280305955290694,-0.5578275643047641,-0.45651777194825466,-0.25629956685409805,-0.3813771739533776,-0.11585688927269844,-0.16495721976846447,-0.14237369936287486,-0.08164965809277261,-0.0816496580927726,-0.11585688927269844,-0.15727131989333804
2.838,compound_27,27,CC(=O)CC(c1ccc([N+](=O)[O-])cc1)c1c(O)c2ccccc2oc1=O,1.5137699263136228,0.5615238788705301,-0.8164315545420009,0.38658476554707927,-0.884779290529205,-0.5169868599465297,-0.05370165663438715,-0.7592688481818874,-1.9548014821956519,-1.4439441818783258,1.7998281061380004,0.8069497618817155,1.6034823142246903,0.377103504707862,-0.08164965809277261,-0.43722819541551783,-0.1078489619050793,-0.08164965809277262,0.06462300819753596,0.2945984204546377,1.0416788821776062,-0.15801887661840042,-0.13311144004612832,-1.8441082210493456,-0.1052152627334211,0.617029827111529,0.2960681236931131,1.5840058845631992,1.2693750125655134,0.5486978329940331,0.3401667225624389,0.9305103269884033,-0.6114676667066902,-1.2958451612540347,0.7694934253681995,0.17253893215762853,0.44958216486886254,-0.1850583025494013,-0.34426518632954817,-0.3813771739533777,-0.3004208840630549,1.9964591297103413,2.6558112382722783,3.8348375071153544,2.0564748896506013,0.6757478140670439,0.49829944054513414,-0.03562583172405988,1.8300915068630719,2.574313700307463,0.879354897564527,-0.11585688927269844,-0.1423736993628749,-0.1850583025494013,0.7122390858405142,2.472888772536022,-0.7114743284423424,-0.46965587898313627,-0.025081379573785204,0.45766125168442107,-0.0549526437328043,1.1361615763709698,-0.29601761901900703,-0.23402132579539733,0.9993186543355267,0.9693439889324862,0.7631442975192294,0.5754599457205909,0.39215499929754694,0.8446868553242364,0.04691213844487643,1.4763001934210112,-0.36513981808175977,-0.30708344176251406,0.6239633136153713,-0.8079066623809701,2.740802193568817,0.6995374463304165,0.2330201691338124,0.5535733908900328,-0.7160421888467345,0.8729754927846599,0.08464203699213049,-0.11265059288818507,-0.6663308010709861,1.1104867566894132,2.6167399396987783,-0.6922725817415895,2.947836006588428,0.8332866578016102,-0.671200784935944,1.8574294093746113,-0.8729627766745878,-2.1760765300394773,-2.1893190856488465,-0.44602163279532836,0.26704296148785917,0.3995122807956569,-0.10983780389073187,-0.41396633210742717,-0.18505830254940134,-0.20509449742850697,-0.0816496580927726,0.9787284789295669,-0.1649572197684645,-0.6548947442298997,-0.4139663321074272,-0.4557837944376053,-0.11585688927269844,-0.11585688927269847,-0.3184399010871054,-0.21286501985332265,-0.5828678671740337,-0.11585688927269844,-0.11585688927269844,2.0649831374562058,-0.2034190510862431,-0.08164965809277261,-0.2794722107346492,-0.4025033049430488,-0.1423736993628749,-0.603234650793541,-0.08164965809277261,-0.0816496580927726,-0.14237369936287486,3.7605545337232513,5.403702434442519,-0.280305955290694,-0.5578275643047641,-0.45651777194825466,3.261994487233975,-0.3813771739533776,-0.11585688927269844,-0.16495721976846447,-0.14237369936287486,-0.08164965809277261,-0.0816496580927726,-0.11585688927269844,-0.3829926922429315
2.77,compound_190,190,COP(=S)(OC)Oc1ccc(Cl)c([N+](=O)[O-])c1,-0.2816020724455072,0.11765845804608269,-0.8535603830202869,1.3731538811735065,0.40671492907762685,1.7963462196479638,-0.05152209608637736,0.8467422847301453,0.9069609277476697,-0.11306072820557043,-0.2814779765037146,1.369330485966423,-0.25846102519725894,-0.8364936638409942,-0.08164965809277261,-0.43722819541551783,-0.1078489619050793,-0.08164965809277262,2.5111530601023544,0.55861718773011,0.44148744390450656,0.4368539990077086,0.37088972349198374,1.3927117848659392,-0.10527832002688935,0.32052749706294875,0.5946137982202272,-0.48288236360562514,0.2327985024841962,1.236895028841882,0.11679433978160667,1.7642833832954348,-0.8750165359463887,-0.345741669654803,0.4617240171427393,-0.7924010217609605,0.00295777740045296,-0.1850583025494013,-0.34426518632954817,-0.3813771739533777,-0.3004208840630549,-0.32250493633782445,-0.2501851166488378,-0.48650923597732115,-0.408030732073532,0.6757478140670439,-0.798997378805129,0.7328742526092316,-0.43502175163138596,-0.5732277470320264,0.47204634071715407,-0.11585688927269844,-0.1423736993628749,-0.1850583025494013,1.5427186545128033,1.1746544618524484,-0.7114743284423424,-0.46965587898313627,-0.3325250781121237,0.7011591033313017,-0.7803142062310864,-0.4401646196306631,-0.29601761901900703,-0.23402132579539733,0.007294656942094409,-0.30461351335365483,0.29222601755347405,0.2456401251586267,0.7532321317381666,0.2818593157421668,1.0994866957486022,-0.44543540318737407,-0.36513981808175977,-0.30708344176251406,-0.6961133411633624,0.9999212618985698,-0.7015184339586256,0.6995374463304165,-0.05219630302539055,0.23162148157929438,-0.7160421888467345,0.8729754927846599,0.24993540177393825,1.8787492878174303,-0.6663308010709861,-0.5186440391595117,-0.39498307471953714,0.49361744361734783,-0.2948745963484151,-0.03751062371463564,1.3433308334951741,-0.7771514326715275,0.7641385011182156,0.3130883842576922,0.49085753961794,0.3424214259965502,0.16935695808125129,-2.459287607828274,-0.10983780389073187,-0.41396633210742717,-0.18505830254940134,-0.20509449742850697,-0.0816496580927726,-0.5293123406455822,-0.1649572197684645,-0.6548947442298997,-0.4139663321074272,-0.4557837944376053,-0.11585688927269844,-0.11585688927269847,-0.3184399010871054,-0.21286501985332265,-0.5828678671740337,-0.11585688927269844,-0.11585688927269844,-0.24473874221703176,-0.2034190510862431,-0.08164965809277261,-0.2794722107346492,-0.4025033049430488,-0.1423736993628749,0.18201045498080975,-0.08164965809277261,-0.0816496580927726,-0.14237369936287486,-0.2103806732152868,-0.18505830254940134,-0.280305955290694,-0.5578275643047641,-0.45651777194825466,-0.25629956685409805,-0.3813771739533776,-0.11585688927269844,-0.16495721976846447,-0.14237369936287486,-0.08164965809277261,-0.0816496580927726,-0.11585688927269844,0.016425065612725647
3.3,compound_147,147,CCN(CC)P1(=S)OCc2cc([N+](=O)[O-])ccc2O1,0.36201116083793367,1.1526799694102996,-2.2400967025183953,1.990539832955098,-1.5203295882784278,1.808844843121643,-0.05485599083585571,0.5876190412283421,0.09230980902417384,-1.138831195896114,0.29667580869297516,1.7154842106747723,0.535564202455125,-0.8364936638409942,-0.08164965809277261,-0.43722819541551783,-0.1078489619050793,-0.08164965809277262,-0.7291796181945297,1.5579194956997902,0.4958769191377535,0.9721109195422332,1.4901650347259718,1.0526111320704927,-0.10527733876613232,-0.26963440200428734,0.02121354184249162,-0.28614012977194664,0.3371331257881026,0.01481616432270317,-0.4281307362092681,0.28369549937785005,-1.1945037538782801,-0.4413725169021091,0.4005821427375734,-0.7924010217609605,0.00295777740045296,-0.1850583025494013,2.904737509655563,2.360906314949481,-0.3004208840630549,-0.32250493633782445,-0.2501851166488378,-0.48650923597732115,2.0564748896506013,0.1706095966208874,-0.798997378805129,0.34862421044258585,1.8300915068630719,1.0005429766377183,0.0647377838697811,-0.11585688927269844,-0.1423736993628749,-0.1850583025494013,0.6140122602203768,0.1467645826931329,-0.7114743284423424,-0.46965587898313627,-0.3325250781121237,0.6841817037366692,-0.7803142062310864,1.0953536387032365,-0.29601761901900703,-0.23402132579539733,0.1732677689756921,0.2868842719056332,1.5914500003365828,-0.21754104369139726,-0.1947472201655468,0.5558171568435525,0.18045360016424397,-0.44543540318737407,1.124668881402892,-0.30708344176251406,0.7029516806573749,0.8609316007432315,-0.6616851109870963,0.6995374463304165,2.6199005589103574,0.23162148157929438,-0.7160421888467345,0.8729754927846599,0.5883429547761699,2.131116660624372,-0.6663308010709861,0.688589281761032,-0.39498307471953714,-0.6922725817415895,-0.2948745963484151,0.852388946536619,0.31113785204711597,-0.7660253089042838,0.43581172019869435,0.2842089839589057,0.22282275240203878,0.3424214259965502,-2.1372558749704362,0.3995122807956569,-0.10983780389073187,-0.41396633210742717,-0.18505830254940134,-0.20509449742850697,-0.0816496580927726,-0.5293123406455822,-0.1649572197684645,0.4817616509277422,-0.4139663321074272,-0.4557837944376053,-0.11585688927269844,-0.11585688927269847,-0.3184399010871054,-0.21286501985332265,-0.5828678671740337,-0.11585688927269844,-0.11585688927269844,2.0649831374562058,-0.2034190510862431,-0.08164965809277261,-0.2794722107346492,-0.4025033049430488,-0.1423736993628749,-0.603234650793541,-0.08164965809277261,-0.0816496580927726,-0.14237369936287486,-0.2103806732152868,-0.18505830254940134,-0.280305955290694,-0.5578275643047641,-0.45651777194825466,-0.25629956685409805,-0.3813771739533776,-0.11585688927269844,-0.16495721976846447,-0.14237369936287486,-0.08164965809277261,-0.0816496580927726,-0.11585688927269844,0.11706009390206547
2.13,compound_177,177,O=[N+]([O-])c1cc(Cl)c(N=Nc2ccc(N3CCS(=O)(=O)CC3)cc2)c(Cl)c1,1.4065677152982838,0.15676073753261066,-1.6936248358062018,0.496212263995917,-2.503233956820314,1.6272292280891287,-0.05301655019511797,0.8468397556984415,0.5362372647559102,-2.222530772752201,1.6972403624748176,2.095245887642242,1.4660088207327335,0.22886616062122783,-0.08164965809277261,-0.43722819541551783,-0.1078489619050793,-0.08164965809277262,0.8601167616606408,1.6332686658225408,1.8428441939661326,-1.2816676416899406,0.37088972349198374,-0.3781571314137996,-0.10523021782429169,1.324762070370606,1.3643057448370222,0.8971358616220673,-0.448570727620572,-0.8082755404944597,-0.720914923030101,-0.7135065968918014,-1.5613518007861127,0.27878655213563264,1.6215243975372091,-0.7924010217609605,0.8962065523372722,-0.1850583025494013,2.904737509655563,2.360906314949481,-0.3004208840630549,1.9964591297103413,-0.2501851166488378,1.6741641355690164,-0.408030732073532,1.1808860315132004,-0.798997378805129,1.501374336942523,1.8300915068630719,2.574313700307463,0.0647377838697811,-0.11585688927269844,7.023769168568494,5.403702434442518,-0.23746953005144317,0.134050488525099,3.0853299467544972,-0.46965587898313627,-0.3325250781121237,-0.7955793462767262,-0.7803142062310864,2.3274005049247415,0.7342411556321117,1.4815476458863126,0.9229326123912696,0.9354302400880345,1.0215355272553743,2.341314837723423,1.3200870229864266,0.407730267528615,2.671581416469349,-0.44543540318737407,-0.36513981808175977,5.133870964971154,-0.6961133411633624,2.9556711246112624,1.0035592802821593,-0.762291769811869,1.5588697279146544,0.3415343091783027,1.5977744962076623,-0.7747657498463855,2.017833831274117,0.5126408599682712,-0.6663308010709861,-0.21767680844897327,1.7712140902627604,1.6795074689762852,-0.2948745963484151,1.0683445276433698,1.6492920830874616,-0.807668485576553,-2.076585268956875,0.7042066539008773,-1.0064520629913845,0.3424214259965502,-0.21972247763933336,-2.161703077633926,-0.10983780389073187,-0.41396633210742717,-0.18505830254940134,-0.20509449742850697,-0.0816496580927726,-0.5293123406455822,-0.1649572197684645,2.755074441243026,-0.4139663321074272,-0.4557837944376053,-0.11585688927269844,-0.11585688927269847,-0.3184399010871054,-0.21286501985332265,1.0173693681583134,8.631338250816034,-0.11585688927269844,-0.24473874221703176,-0.2034190510862431,-0.08164965809277261,-0.2794722107346492,-0.4025033049430488,-0.1423736993628749,0.9672555607551606,-0.08164965809277261,-0.0816496580927726,-0.14237369936287486,-0.2103806732152868,-0.18505830254940134,-0.280305955290694,-0.5578275643047641,-0.45651777194825466,-0.25629956685409805,-0.3813771739533776,-0.11585688927269844,-0.16495721976846447,-0.14237369936287486,-0.08164965809277261,12.247448713915889,-0.11585688927269844,-0.5931739861389907
4.005,compound_29,29,CCP(=S)(Oc1ccc([N+](=O)[O-])cc1Cl)OC(C)C,0.5617147261992292,0.20159470178106162,-1.3476176516217775,1.5421541588934091,-0.21176649844889925,1.8206700009301597,-0.05351372777449192,0.8467422978796361,0.9200787612382174,0.6258765739280986,0.08635682598656545,1.7708877466796578,0.34392068672760906,-0.8364936638409942,-0.08164965809277261,-0.43722819541551783,-0.1078489619050793,-0.08164965809277262,-0.7291796181945297,2.4528287030859386,0.720072771701774,1.1616810788982102,1.4901650347259718,1.4396222197342767,-0.1052775265586287,-0.08471744344579987,1.3590186986787927,-0.4114420104024921,0.45765694893944436,-0.8345044526000954,0.7452372873636036,-0.7452837682343585,-1.3706473820166267,-0.5518420327393868,1.481112330170092,-0.7924010217609605,-0.44366661006795666,-0.1850583025494013,-0.34426518632954817,-0.3813771739533777,-0.3004208840630549,-0.32250493633782445,-0.2501851166488378,-0.48650923597732115,2.0564748896506013,0.1706095966208874,-0.798997378805129,0.34862421044258585,-0.43502175163138596,-0.5732277470320264,0.879354897564527,-0.11585688927269844,-0.1423736993628749,-0.1850583025494013,0.6140122602203768,0.1467645826931329,-0.7114743284423424,1.4312721809358677,-0.3325250781121237,-0.7955793462767262,-0.7803142062310864,-0.4401646196306631,-0.29601761901900703,-0.23402132579539733,0.5481001906834813,1.6930506483821577,0.8124573892481333,0.07836967508806279,0.37854747533283345,0.5558171568435525,1.081626120719598,-0.44543540318737407,-0.36513981808175977,-0.30708344176251406,1.1429772322502862,-0.022658108320285527,-0.7015184339586261,0.6995374463304165,1.1894111835759105,0.23162148157929438,-0.7160421888467345,0.8729754927846599,0.07245510613704854,1.3178094169555254,-0.6663308010709861,0.7451679411136772,-0.39498307471953714,0.49361744361734783,-0.2948745963484151,0.8087623474745319,1.4245779402619907,-0.7791775772918236,0.7264700032351208,0.23983445369913056,0.1983296175822766,-1.1292129114510001,-1.2953174555951894,0.3995122807956569,-0.10983780389073187,-0.41396633210742717,-0.18505830254940134,-0.20509449742850697,-0.0816496580927726,-0.5293123406455822,-0.1649572197684645,-0.6548947442298997,-0.4139663321074272,-0.4557837944376053,-0.11585688927269844,-0.11585688927269847,-0.3184399010871054,-0.21286501985332265,-0.5828678671740337,-0.11585688927269844,-0.11585688927269844,-0.24473874221703176,-0.2034190510862431,-0.08164965809277261,-0.2794722107346492,-0.4025033049430488,-0.1423736993628749,0.18201045498080975,-0.08164965809277261,-0.0816496580927726,-0.14237369936287486,-0.2103806732152868,-0.18505830254940134,-0.280305955290694,-0.5578275643047641,-0.45651777194825466,-0.25629956685409805,-0.3813771739533776,-0.11585688927269844,-0.16495721976846447,-0.14237369936287486,-0.08164965809277261,-0.0816496580927726,-0.11585688927269844,-0.2540593461468901
5.16,compound_189,189,CCOP(=S)(OCC)Oc1ccc([N+](=O)[O-])cc1,0.31884869264479737,0.1324590390753047,-1.0766447108414254,1.4378632636961302,0.124448409416176,1.7965159905245867,-0.05370904360789143,0.5877446393139066,0.9603331334436661,0.13502044678915814,-0.2675500155377958,1.1423734588138226,0.19105522377605313,-0.8364936638409942,-0.08164965809277261,-0.43722819541551783,-0.1078489619050793,-0.08164965809277262,0.6766129830431528,1.1032108695164675,0.3780783839735789,-0.08105663243541847,1.1916916183969086,1.0526111320704927,-0.10527798757618478,-0.258113964761238,1.0931094406190383,-0.49416330627330063,0.23593906625500133,1.2468117161746808,0.9822374518754969,1.776297769224053,-1.1765423586147705,-0.34862024212409226,0.5662090531882235,-0.7924010217609605,0.00295777740045296,-0.1850583025494013,-0.34426518632954817,-0.3813771739533777,-0.3004208840630549,-0.32250493633782445,-0.2501851166488378,-0.48650923597732115,-0.408030732073532,0.6757478140670439,-0.798997378805129,0.34862421044258585,-0.43502175163138596,-0.5732277470320264,1.2866634544119,-0.11585688927269844,-0.1423736993628749,-0.1850583025494013,-0.31469413407205044,0.1467645826931329,-0.7114743284423424,-0.46965587898313627,-0.3325250781121237,0.7011591033313017,0.588473722025098,-0.4401646196306631,-0.29601761901900703,-0.23402132579539733,-0.9083432985070807,1.1015528631228697,0.7307793833805459,0.7776787807685278,0.34242841941061225,0.7892220900616698,0.18645149509067988,-0.44543540318737407,-0.36513981808175977,-0.30708344176251406,0.25007938981930694,0.8768896965538128,-0.6264073474354356,0.6995374463304165,0.6914453194671704,0.23162148157929438,-0.7160421888467345,0.8729754927846599,0.1595921993716249,1.8787492878174303,-0.6663308010709861,0.384090727164721,0.06661879903838124,-0.6922725817415895,-0.2948745963484151,0.6972187318270209,0.2623750701600306,-0.7880579713240872,0.7271472132086849,0.2498353440063224,-0.25456013904597613,0.3424214259965502,-1.6185961661821389,0.3995122807956569,-0.10983780389073187,-0.41396633210742717,-0.18505830254940134,-0.20509449742850697,-0.0816496580927726,-0.5293123406455822,-0.1649572197684645,-0.6548947442298997,-0.4139663321074272,-0.4557837944376053,-0.11585688927269844,-0.11585688927269847,-0.3184399010871054,-0.21286501985332265,-0.5828678671740337,-0.11585688927269844,-0.11585688927269844,-0.24473874221703176,-0.2034190510862431,-0.08164965809277261,-0.2794722107346492,-0.4025033049430488,-0.1423736993628749,-0.603234650793541,-0.08164965809277261,-0.0816496580927726,-0.14237369936287486,-0.2103806732152868,-0.18505830254940134,-0.280305955290694,-0.5578275643047641,-0.45651777194825466,-0.25629956685409805,-0.3813771739533776,-0.11585688927269844,-0.16495721976846447,-0.14237369936287486,-0.08164965809277261,-0.0816496580927726,-0.11585688927269844,-0.3016186783797089
1.37,compound_163,163,CCOC(=O)C1=C(C)NC(C)=C(C(=O)OC)C1c1cccc([N+](=O)[O-])c1,1.2289652002499674,1.5685601432299114,-1.8091390527441673,0.6607174903137211,-1.9641059359620616,-0.3649172666251308,-0.05435930586694366,-0.7592540773291899,-2.4101182229445977,-0.22757969103146905,1.5130496266963251,0.6119253457205253,1.6967381778996542,0.5505872674429673,-0.08164965809277261,-0.43722819541551783,-0.1078489619050793,-0.08164965809277262,0.7428405136753408,0.3753285596816449,1.116984067293767,-0.15801887661840042,0.8268907762169418,-1.4688247421026466,-0.10509826701619826,0.2070810289049316,0.5692411821592246,1.856571854332096,0.7554615185454863,0.4130565641702515,-0.20433292652722174,0.7661765634233865,-0.6206690912874291,-0.8248032262886313,-0.015050760900771691,0.17253893215762853,0.8962065523372722,-0.1850583025494013,2.904737509655563,2.360906314949481,-0.3004208840630549,-0.32250493633782445,-0.2501851166488378,-0.48650923597732115,2.0564748896506013,1.1808860315132004,0.49829944054513414,0.34862421044258585,1.8300915068630719,1.0005429766377183,0.47204634071715407,-0.11585688927269844,-0.1423736993628749,-0.1850583025494013,1.791598323486673,-1.029882139131166,-0.16655716868615175,-0.46965587898313627,-0.3325250781121237,1.8640459102464086,-0.7803142062310864,2.7124877723726026,-0.29601761901900703,-0.23402132579539733,0.045487677914223,1.1354666119673211,1.087494541012605,2.539382076331268,0.3362034350780396,1.8076199553295091,-0.33195722650681814,-0.44543540318737407,1.328629174805808,-0.30708344176251406,1.1301304930051295,0.9384054792261913,1.4435403078273026,-0.762291769811869,1.8789023800341667,0.46130610435821595,-0.7160421888467345,-0.7747657498463855,1.3306992254904182,1.6565989628357685,-0.6663308010709861,1.4890652984827843,1.7885516101194718,-0.3589236523083401,-0.2948745963484151,1.590456223275682,-0.671200784935944,1.9607400398645838,-1.8718735098300232,-2.713209732352493,-0.8106519068289786,0.3424214259965502,-1.1598100690696203,-1.2703498618039761,-0.10983780389073187,-0.41396633210742717,-0.18505830254940134,-0.20509449742850697,-0.0816496580927726,2.486769298504716,-0.1649572197684645,-0.6548947442298997,1.9011787104192954,-0.4557837944376053,-0.11585688927269844,-0.11585688927269847,-0.3184399010871054,5.144237979788631,-0.5828678671740337,-0.11585688927269844,-0.11585688927269844,-0.24473874221703176,4.915960401250874,-0.08164965809277261,4.162665033573985,2.6363966473769698,-0.1423736993628749,-0.603234650793541,-0.08164965809277261,-0.0816496580927726,-0.14237369936287486,-0.2103806732152868,-0.18505830254940134,3.567530340063379,-0.5578275643047641,-0.45651777194825466,-0.25629956685409805,-0.3813771739533776,-0.11585688927269844,-0.16495721976846447,-0.14237369936287486,-0.08164965809277261,-0.0816496580927726,-0.11585688927269844,0.15751443933539255
2.09,compound_112,112,CCCCN1C(=O)c2cccc([N+](=O)[O-])c2C1=O,1.345351368650375,1.744066872659432,-0.3989100347176035,-0.0866524173445923,-1.849453744869494,-0.1232340766544281,-0.057658575861929406,-0.7592550005149952,-0.46742624003841504,-1.4031030885008267,0.3562736682183893,-0.1747430136719826,0.47200154985799386,0.377103504707862,-0.08164965809277261,-0.43722819541551783,-0.1078489619050793,-0.08164965809277262,-0.7291796181945297,-0.368033381246287,-0.0812394924488528,0.11904520244033535,0.8268907762169418,-0.38988474013088475,-0.10527805944571701,-0.40932049620714217,-0.695266229223933,1.0361970570918602,-1.5388671454875877,-0.6100411701319167,-0.5065167271667783,-0.6662608540514072,-0.49644591340133415,1.3742198194517503,-0.4886942839208368,-0.7924010217609605,0.00295777740045296,-0.1850583025494013,2.904737509655563,2.360906314949481,4.235934465289073,-0.32250493633782445,-0.2501851166488378,-0.48650923597732115,-0.408030732073532,-0.33452862082526913,-0.798997378805129,-0.4198758738907056,1.8300915068630719,1.0005429766377183,0.0647377838697811,-0.11585688927269844,-0.1423736993628749,-0.1850583025494013,-1.2434005283644773,0.10868703848800981,-0.7114743284423424,-0.46965587898313627,2.20538104105812,-0.7955793462767262,1.4117122066569248,-0.4401646196306631,-0.29601761901900703,-0.23402132579539733,0.6123793752160722,-0.27069976450920297,0.22140330954237583,-0.5660647219426868,-0.5476681394946901,0.29149080560070606,-0.3417362310356508,-0.44543540318737407,1.197874664324261,-0.30708344176251406,0.6570341275137949,0.026512469181130687,-0.2519156743477632,-0.762291769811869,0.8681428841509164,-1.090194889000231,-0.7160421888467345,-0.7747657498463855,1.1114822460519576,-0.7071681405616813,-0.6663308010709861,1.432212821586233,-0.39498307471953714,-0.6922725817415895,-0.2948745963484151,0.18966166144010554,-0.671200784935944,1.7098665635142392,0.10093813066850407,-0.6382380570599767,0.3221531281004623,-1.1392088049774025,-0.1892192262887743,0.3995122807956569,-0.10983780389073187,-0.41396633210742717,-0.18505830254940134,-0.20509449742850697,-0.0816496580927726,2.486769298504716,-0.1649572197684645,0.4817616509277422,-0.4139663321074272,-0.4557837944376053,-0.11585688927269844,-0.11585688927269847,-0.3184399010871054,-0.21286501985332265,-0.5828678671740337,-0.11585688927269844,-0.11585688927269844,2.0649831374562058,-0.2034190510862431,-0.08164965809277261,-0.2794722107346492,-0.4025033049430488,-0.1423736993628749,-0.603234650793541,-0.08164965809277261,-0.0816496580927726,7.023769168568492,-0.2103806732152868,-0.18505830254940134,-0.280305955290694,-0.5578275643047641,-0.45651777194825466,-0.25629956685409805,-0.3813771739533776,-0.11585688927269844,-0.16495721976846447,-0.14237369936287486,-0.08164965809277261,-0.0816496580927726,-0.11585688927269844,-0.06174963857766152
4.51,compound_151,151,CCOP(=S)(OCC)Oc1ccc([N+](=O)[O-])cc1Cl,0.31884869264479737,0.30496461456139834,-1.1263515341010257,1.5660774201936267,0.08685892335551892,1.7965516200064193,-0.0535232659147393,0.846742299419532,0.9201422540565883,0.13502044678915814,-0.09371874626461943,1.4970166161375027,0.15775417384357754,-0.8364936638409942,-0.08164965809277261,-0.43722819541551783,-0.1078489619050793,-0.08164965809277262,0.6766129830431528,1.8923782607543487,0.7412378765783919,0.4034004414743021,1.1916916183969086,1.3927117848659394,-0.10527798757618478,0.17062956163706156,1.3433579434469571,-0.472074842756395,0.21585319006850548,1.2477893930390382,0.5361064914819011,1.7774822562173074,-1.1558818220760159,-0.330209964724383,1.1046201143248098,-0.7924010217609605,0.00295777740045296,-0.1850583025494013,-0.34426518632954817,-0.3813771739533777,-0.3004208840630549,-0.32250493633782445,-0.2501851166488378,-0.48650923597732115,-0.408030732073532,0.6757478140670439,-0.798997378805129,0.7328742526092316,-0.43502175163138596,-0.5732277470320264,1.2866634544119,-0.11585688927269844,-0.1423736993628749,-0.1850583025494013,-0.31469413407205044,0.1467645826931329,-0.7114743284423424,-0.46965587898313627,-0.3325250781121237,0.7011591033313017,0.588473722025098,-0.4401646196306631,-0.29601761901900703,-0.23402132579539733,0.007294656942094409,0.48153098640202463,0.7307793833805459,1.1182587914482176,0.8787931029961961,0.6877495351977696,1.0994866957486022,-0.44543540318737407,-0.36513981808175977,-0.30708344176251406,0.25007938981930694,0.8768896965538128,-0.7015184339586261,0.6995374463304165,0.48938446798671237,0.23162148157929438,-0.7160421888467345,0.8729754927846599,0.1595921993716249,1.8787492878174303,-0.6663308010709861,0.32389728102261317,-0.39498307471953714,0.49361744361734783,-0.2948745963484151,0.5570347483122335,1.40304417811104,-0.7820537614564527,0.74111912424223,0.2860479029687144,0.29017202376229284,0.3424214259965502,-1.606813951843151,0.3995122807956569,-0.10983780389073187,-0.41396633210742717,-0.18505830254940134,-0.20509449742850697,-0.0816496580927726,-0.5293123406455822,-0.1649572197684645,-0.6548947442298997,-0.4139663321074272,-0.4557837944376053,-0.11585688927269844,-0.11585688927269847,-0.3184399010871054,-0.21286501985332265,-0.5828678671740337,-0.11585688927269844,-0.11585688927269844,-0.24473874221703176,-0.2034190510862431,-0.08164965809277261,-0.2794722107346492,-0.4025033049430488,-0.1423736993628749,0.18201045498080975,-0.08164965809277261,-0.0816496580927726,-0.14237369936287486,-0.2103806732152868,-0.18505830254940134,-0.280305955290694,-0.5578275643047641,-0.45651777194825466,-0.25629956685409805,-0.3813771739533776,-0.11585688927269844,-0.16495721976846447,-0.14237369936287486,-0.08164965809277261,-0.0816496580927726,-0.11585688927269844,-0.3576988749284937
2.62,compound_169,169,CCCN(CCC)c1c([N+](=O)[O-])cc(C(C)=O)cc1[N+](=O)[O-],0.8944327711110661,0.9783010418490914,-1.2798203748899784,0.5956479377450299,-1.589153353706888,-0.38889713064143927,-0.1972838895896463,-0.7587991610116588,-0.5943687224837862,1.9818737136088496,0.6183749656056217,0.0034996236331344957,1.0879309823832704,1.05037717157316,-0.08164965809277261,-0.43722819541551783,-0.1078489619050793,-0.08164965809277262,-0.7291796181945297,0.37215933179158517,0.5716232821855418,-0.8632728960406375,1.7388928816668585,-0.7065301754921622,-0.10526448405403621,-0.26848102590774053,0.7014928467121889,0.780842900651799,-0.5629818484612955,-0.278704895003058,0.9505298115707101,-0.07191471263850908,-0.8831793611968488,0.38365329793910985,0.6163915350113299,-0.7924010217609605,0.8962065523372722,-0.1850583025494013,-0.34426518632954817,-0.3813771739533777,-0.3004208840630549,-0.32250493633782445,-0.2501851166488378,-0.48650923597732115,-0.408030732073532,0.6757478140670439,-0.798997378805129,0.34862421044258585,-0.43502175163138596,-0.5732277470320264,1.6939720112592729,-0.11585688927269844,-0.1423736993628749,-0.1850583025494013,-0.23746953005144317,-1.029882139131166,3.7157515500963307,-0.46965587898313627,0.8892129669387627,-0.7955793462767262,1.4752341962837487,-0.4401646196306631,-0.29601761901900703,-0.23402132579539733,0.1732677689756921,0.46629717257351083,2.2665228105790836,-0.7536045605289325,0.10115784655041724,1.0113313772220849,0.0788286485560452,-0.44543540318737407,-0.36513981808175977,-0.30708344176251406,1.603226858496464,1.4902477043708307,-0.3617741669094872,-0.762291769811869,0.9528408903629603,0.3415343091783027,0.8265022678561967,-0.7747657498463855,1.1576138588976657,-0.7071681405616813,0.680252572121473,2.0004892190150545,-0.8565849484774555,-0.6922725817415895,-0.2948745963484151,1.2308537458442856,-0.671200784935944,1.3927636095294536,-1.1398345871557733,-0.12128244410184247,0.12027243028205716,-1.3177092384444613,-1.82692414769645,0.3995122807956569,-0.10983780389073187,-0.41396633210742717,-0.18505830254940134,-0.20509449742850697,-0.0816496580927726,0.9787284789295669,-0.1649572197684645,1.618418046085384,-0.4139663321074272,-0.4557837944376053,-0.11585688927269844,-0.11585688927269847,-0.3184399010871054,-0.21286501985332265,1.0173693681583134,-0.11585688927269844,-0.11585688927269844,-0.24473874221703176,-0.2034190510862431,-0.08164965809277261,-0.2794722107346492,-0.4025033049430488,-0.1423736993628749,-0.603234650793541,-0.08164965809277261,-0.0816496580927726,-0.14237369936287486,3.7605545337232513,5.403702434442519,-0.280305955290694,1.1611920726344063,1.146602776056082,-0.25629956685409805,-0.3813771739533776,-0.11585688927269844,-0.16495721976846447,-0.14237369936287486,-0.08164965809277261,-0.0816496580927726,-0.11585688927269844,-0.49560449762428666
1.246,compound_67,67,O=[N+]([O-])c1ccc(Nc2ccc(O)cc2)c([N+](=O)[O-])c1,0.6418526262991057,-0.04108338512267744,-0.0029022849800371007,-0.012983606752399289,0.356557635032187,-0.6567050354640273,-0.2143511407008962,-0.7588323242448282,0.2710604467482051,-1.1343494519494928,0.5276736111879871,-0.05818205737991361,0.4056755002353796,0.4435785872987313,-0.08164965809277261,0.6969279014047862,-0.1078489619050793,-0.08164965809277262,0.06462300819753596,-0.67742710907569,0.20721027845242587,-1.1415963572769134,-0.9971134346828908,-1.4688247421026466,-0.10527803840978694,0.2870512327220626,0.030689439451768635,-0.13079878834604555,1.2865742051018576,-0.2950229106164585,-1.5518541373863275,-0.09168451384220185,1.046089275489533,-1.311609567183112,0.3034308355627894,1.1374788860762175,0.8962065523372722,-0.1850583025494013,-0.34426518632954817,-0.3813771739533777,-0.3004208840630549,1.9964591297103413,-0.2501851166488378,1.6741641355690164,-0.408030732073532,0.6757478140670439,1.7955962598953972,0.34862421044258585,-0.43502175163138596,1.0005429766377183,0.47204634071715407,-0.11585688927269844,-0.1423736993628749,-0.1850583025494013,0.8954989507858157,1.310697210349398,-0.16655716868615175,-0.46965587898313627,1.1966566654771011,-0.7955793462767262,0.7498726337854658,-0.4401646196306631,-0.29601761901900703,-0.23402132579539733,-0.9083432985070807,1.55545211680888,-0.7034975080804389,0.44911791438065457,0.10383824556478918,-0.07856104918152647,0.07128423040014233,1.4763001934210112,-0.36513981808175977,-0.30708344176251406,-0.6961133411633624,-0.12594490511789447,1.4536923974061484,0.6995374463304165,-0.6755512945861802,0.46130610435821595,1.5977744962076623,0.8729754927846599,0.003541306536093114,-0.7071681405616813,0.680252572121473,-0.6390309314437271,1.4514244203121363,-0.3589236523083401,-0.2948745963484151,-0.2160350781397873,-0.671200784935944,0.22156049248482082,-0.15550451047340386,0.4152329039778362,-1.2112283224976623,0.3424214259965502,0.7257259661536316,0.3995122807956569,-0.10983780389073187,-0.41396633210742717,-0.18505830254940134,-0.20509449742850697,-0.0816496580927726,-0.5293123406455822,-0.1649572197684645,0.4817616509277422,1.9011787104192954,-0.4557837944376053,-0.11585688927269844,-0.11585688927269847,-0.3184399010871054,-0.21286501985332265,2.617606603490661,-0.11585688927269844,-0.11585688927269844,-0.24473874221703176,-0.2034190510862431,-0.08164965809277261,-0.2794722107346492,-0.4025033049430488,-0.1423736993628749,-0.603234650793541,-0.08164965809277261,-0.0816496580927726,-0.14237369936287486,-0.2103806732152868,-0.18505830254940134,-0.280305955290694,1.1611920726344063,1.146602776056082,-0.25629956685409805,2.3609063149494802,-0.11585688927269844,-0.16495721976846447,-0.14237369936287486,-0.08164965809277261,-0.0816496580927726,-0.11585688927269844,0.28399010676952874
3.02,compound_145,145,COP(=S)(OC)Oc1ccc([N+](=O)[O-])cc1Cl,-0.2778237681487498,0.11650857365215238,-0.9063029163824363,1.4572647981936941,0.4081895600618738,1.7963755109154278,-0.0535188480427297,0.84674229072703,0.920144346308221,-0.18004258048167562,-0.2814779765037142,1.3693304859664224,-0.25846102519725894,-0.8364936638409942,-0.08164965809277261,-0.43722819541551783,-0.1078489619050793,-0.08164965809277262,0.6766129830431528,1.4694109961612773,0.44148744390450717,0.4368539990077086,0.37088972349198374,1.3927117848659394,-0.10527831998313207,0.32052749706294875,0.5946137982202272,-0.6020727525247864,0.21600718530975135,1.2377959473413371,0.18580452009862486,1.765374875058706,-0.8433105017065001,-0.3303511134143007,0.4617240171427393,-0.7924010217609605,0.00295777740045296,-0.1850583025494013,-0.34426518632954817,-0.3813771739533777,-0.3004208840630549,-0.32250493633782445,-0.2501851166488378,-0.48650923597732115,-0.408030732073532,0.6757478140670439,-0.798997378805129,0.7328742526092316,-0.43502175163138596,-0.5732277470320264,0.47204634071715407,-0.11585688927269844,-0.1423736993628749,-0.1850583025494013,1.5427186545128033,0.1467645826931329,-0.7114743284423424,-0.46965587898313627,-0.3325250781121237,0.7011591033313017,-0.7803142062310864,-0.4401646196306631,-0.29601761901900703,-0.23402132579539733,0.007294656942094409,-0.9246353900744995,1.1424481829758668,0.15053321612981324,0.7532321317381666,0.2818593157421668,1.0994866957486022,-0.44543540318737407,-0.36513981808175977,-0.30708344176251406,-0.6961133411633624,0.9999212618985698,-0.7015184339586261,0.6995374463304165,-0.05219630302539055,0.23162148157929438,-0.7160421888467345,0.8729754927846599,0.24993540177393825,1.8787492878174303,-0.6663308010709861,-0.5186440391595117,-0.39498307471953714,0.49361744361734783,-0.2948745963484151,-0.03795995776937809,1.377663800541795,-0.7891850825603319,0.7681314855737503,0.3593159790581206,0.44895411052042417,0.3424214259965502,0.1758107075570966,-2.4381330572455093,-0.10983780389073187,-0.41396633210742717,-0.18505830254940134,-0.20509449742850697,-0.0816496580927726,-0.5293123406455822,-0.1649572197684645,-0.6548947442298997,-0.4139663321074272,-0.4557837944376053,-0.11585688927269844,-0.11585688927269847,-0.3184399010871054,-0.21286501985332265,-0.5828678671740337,-0.11585688927269844,-0.11585688927269844,-0.24473874221703176,-0.2034190510862431,-0.08164965809277261,-0.2794722107346492,-0.4025033049430488,-0.1423736993628749,0.18201045498080975,-0.08164965809277261,-0.0816496580927726,-0.14237369936287486,-0.2103806732152868,-0.18505830254940134,-0.280305955290694,-0.5578275643047641,-0.45651777194825466,-0.25629956685409805,-0.3813771739533776,-0.11585688927269844,-0.16495721976846447,-0.14237369936287486,-0.08164965809277261,-0.0816496580927726,-0.11585688927269844,0.016425065612725647
4.76,compound_155,155,COP(=S)(Oc1ccc([N+](=O)[O-])cc1)OC(C)C,0.29413031322531846,0.24245253070336892,-1.192216335701175,1.4723981942318716,-0.16128930996472335,1.7965123440838173,-0.053709990899070394,0.5877446394882535,0.9603299278647786,0.216957361035976,-0.15257143839191362,1.220564925351257,0.19105522377605266,-0.8364936638409942,-0.08164965809277261,-0.43722819541551783,-0.1078489619050793,-0.08164965809277262,0.6766129830431528,1.1032108695164675,0.3780783839735789,0.3191470373160892,1.1916916183969086,1.0526111320704927,-0.10527800108231694,-0.258113964761238,1.0931094406190383,-0.49416330627330063,0.23593859698780562,1.2468286507121862,0.9822374518754978,1.776318285961375,-1.1765423586147696,-0.3486198120039836,0.5648906300204565,-0.7924010217609605,0.00295777740045296,-0.1850583025494013,-0.34426518632954817,-0.3813771739533777,-0.3004208840630549,-0.32250493633782445,-0.2501851166488378,-0.48650923597732115,2.0564748896506013,0.6757478140670439,-0.798997378805129,0.34862421044258585,-0.43502175163138596,-0.5732277470320264,0.879354897564527,-0.11585688927269844,-0.1423736993628749,-0.1850583025494013,0.6140122602203768,0.1467645826931329,-0.7114743284423424,-0.46965587898313627,-0.3325250781121237,0.7011591033313017,-0.09592024210299421,-0.4401646196306631,-0.29601761901900703,-0.23402132579539733,-0.9083432985070807,1.1015528631228697,1.2259307018535643,0.12130744200891519,0.15351107122103427,0.7892220900616698,0.18645149509067988,-0.44543540318737407,-0.36513981808175977,-0.30708344176251406,0.6698808667589512,0.09600729975879994,-0.6264073474354356,0.6995374463304165,1.0769672787771625,0.23162148157929438,-0.7160421888467345,0.8729754927846599,0.1595921993716249,1.8787492878174303,-0.6663308010709861,0.384090727164721,0.06661879903838124,-0.6922725817415895,-0.2948745963484151,0.704270626648642,0.2623750701600306,-0.7880579713240872,0.7271472132086854,0.24983534400632262,-0.2545601390459778,-0.38163346196151904,-0.783797340277221,-1.1363771800178357,-0.10983780389073187,-0.41396633210742717,-0.18505830254940134,-0.20509449742850697,-0.0816496580927726,-0.5293123406455822,-0.1649572197684645,-0.6548947442298997,-0.4139663321074272,-0.4557837944376053,-0.11585688927269844,-0.11585688927269847,-0.3184399010871054,-0.21286501985332265,-0.5828678671740337,-0.11585688927269844,-0.11585688927269844,-0.24473874221703176,-0.2034190510862431,-0.08164965809277261,-0.2794722107346492,-0.4025033049430488,-0.1423736993628749,-0.603234650793541,-0.08164965809277261,-0.0816496580927726,-0.14237369936287486,-0.2103806732152868,-0.18505830254940134,-0.280305955290694,-0.5578275643047641,-0.45651777194825466,-0.25629956685409805,-0.3813771739533776,-0.11585688927269844,-0.16495721976846447,-0.14237369936287486,-0.08164965809277261,-0.0816496580927726,-0.11585688927269844,-0.135686285202748
2.07,compound_175,175,CCC(C)Nc1c([N+](=O)[O-])cc(C(C)(C)C)cc1[N+](=O)[O-],0.8736686926580802,0.9079930642745205,-1.0688208334145353,0.6331858856993791,-0.987289678094374,-0.6172551650562252,-0.19390052114991735,-0.7588074243972468,-2.0135486115543433,2.0624010124539587,0.7998286895324201,0.12689767859874368,1.1008846029489028,0.4435785872987313,-0.08164965809277261,-0.43722819541551783,-0.1078489619050793,-0.08164965809277262,-0.7291796181945297,0.5868121919781801,0.42213715132505986,-0.1382285852570622,2.1297509268596797,-0.3195190878283785,-0.10526027290251577,-0.5644675707940784,0.7865804981710993,0.5232311960275279,-0.42478954831580773,-0.29083418231795405,0.8382536185323591,-0.0866097346705414,-0.7828547423287414,0.25698924024204994,1.1758149653841945,0.17253893215762853,0.44958216486886254,-0.1850583025494013,-0.34426518632954817,-0.3813771739533777,-0.3004208840630549,-0.32250493633782445,-0.2501851166488378,-0.48650923597732115,2.0564748896506013,0.1706095966208874,0.49829944054513414,-0.03562583172405988,-0.43502175163138596,-0.5732277470320264,0.47204634071715407,-0.11585688927269844,-0.1423736993628749,-0.1850583025494013,-0.1533180287421498,-1.029882139131166,2.0285568761556756,-0.46965587898313627,0.8892129669387627,-0.7955793462767262,0.7498726337854658,-0.4401646196306631,-0.29601761901900703,-0.23402132579539733,1.2548788364584649,0.9388763612754581,1.3843286973391478,-0.625765301328752,-0.4959735617687384,0.8623946144418698,-0.376333283151231,-0.44543540318737407,-0.36513981808175977,-0.30708344176251406,2.898789911659918,-0.12594490511789447,-0.3617741669094872,-0.762291769811869,1.7195038776271505,0.46130610435821595,0.8265022678561967,-0.7747657498463855,-0.04569961630729252,-0.035715040722107155,0.680252572121473,2.1720589319687713,-0.8565849484774555,-0.3589236523083401,-0.2948745963484151,1.5552797927877724,-0.671200784935944,0.2880122558110297,-2.3086953382580857,0.7042066539008773,-1.724535853200957,-0.4747349390418304,-1.8061432915700786,0.3995122807956569,-0.10983780389073187,-0.41396633210742717,-0.18505830254940134,-0.20509449742850697,-0.0816496580927726,-0.5293123406455822,-0.1649572197684645,0.4817616509277422,1.9011787104192954,-0.4557837944376053,-0.11585688927269844,-0.11585688927269847,-0.3184399010871054,-0.21286501985332265,1.0173693681583134,-0.11585688927269844,-0.11585688927269844,-0.24473874221703176,-0.2034190510862431,-0.08164965809277261,-0.2794722107346492,-0.4025033049430488,-0.1423736993628749,-0.603234650793541,-0.08164965809277261,-0.0816496580927726,-0.14237369936287486,-0.2103806732152868,-0.18505830254940134,-0.280305955290694,1.1611920726344063,1.146602776056082,-0.25629956685409805,-0.3813771739533776,-0.11585688927269844,-0.16495721976846447,-0.14237369936287486,-0.08164965809277261,-0.0816496580927726,-0.11585688927269844,1.6068314148543206
2.27,compound_110,110,CCCCN1C(=O)c2ccc([N+](=O)[O-])cc2C1=O,1.3474587338199444,1.3870291635853125,-0.40166401510282973,-0.3912118079174211,-1.8391377785162122,-0.13918062766063485,-0.05378726159114906,-0.7592717620307995,-0.37488865299527513,-1.4560987662340183,0.3562736682183893,-0.1747430136719826,0.4720015498579943,0.377103504707862,-0.08164965809277261,-0.43722819541551783,-0.1078489619050793,-0.08164965809277262,-0.7291796181945297,-0.368033381246287,-0.0812394924488528,-0.08105663243541847,0.8268907762169418,-0.38988474013088475,-0.10527806182063418,-0.40932049620714256,-0.6246987769063771,1.003395688769259,-1.640903254291193,-0.8519636654129722,-0.5878739707961322,-0.7664361665811333,-0.4828703710781743,1.3716526220490077,-0.4886942839208368,-0.7924010217609605,0.00295777740045296,-0.1850583025494013,2.904737509655563,2.360906314949481,4.235934465289073,-0.32250493633782445,-0.2501851166488378,-0.48650923597732115,-0.408030732073532,-0.33452862082526913,-0.798997378805129,-0.4198758738907056,1.8300915068630719,1.0005429766377183,0.0647377838697811,-0.11585688927269844,-0.1423736993628749,-0.1850583025494013,-1.2434005283644773,-1.029882139131166,-0.7114743284423424,-0.46965587898313627,2.20538104105812,-0.7955793462767262,1.4117122066569248,-0.4401646196306631,-0.29601761901900703,-0.23402132579539733,0.13546388700542042,-0.27069976450920297,0.646514392253572,-0.04720783493423228,-0.547668139494691,0.29149080560070606,-0.3417362310356508,-0.44543540318737407,1.197874664324261,-0.30708344176251406,0.6570341275137949,0.026512469181130687,-0.2519156743477632,-0.762291769811869,0.8681428841509164,-1.090194889000231,-0.7160421888467345,-0.7747657498463855,1.1114822460519576,-0.7071681405616813,-0.6663308010709861,1.432212821586233,-0.39498307471953714,-0.6922725817415895,-0.2948745963484151,0.19347271910744143,-0.671200784935944,1.691515677897658,0.15815310635087074,-0.5998081717034653,0.23591845068761086,-1.1316960233425133,-0.18379982179324011,0.3995122807956569,-0.10983780389073187,-0.41396633210742717,-0.18505830254940134,-0.20509449742850697,-0.0816496580927726,2.486769298504716,-0.1649572197684645,0.4817616509277422,-0.4139663321074272,-0.4557837944376053,-0.11585688927269844,-0.11585688927269847,-0.3184399010871054,-0.21286501985332265,-0.5828678671740337,-0.11585688927269844,-0.11585688927269844,2.0649831374562058,-0.2034190510862431,-0.08164965809277261,-0.2794722107346492,-0.4025033049430488,-0.1423736993628749,-0.603234650793541,-0.08164965809277261,-0.0816496580927726,7.023769168568492,-0.2103806732152868,-0.18505830254940134,-0.280305955290694,-0.5578275643047641,-0.45651777194825466,-0.25629956685409805,-0.3813771739533776,-0.11585688927269844,-0.16495721976846447,-0.14237369936287486,-0.08164965809277261,-0.0816496580927726,-0.11585688927269844,-0.06174963857766152
2.898,compound_49,49,COc1c(C(C)(C)C)cc([N+](=O)[O-])c(C)c1[N+](=O)[O-],0.19905654165665865,1.2203619438625513,-1.1884988175370037,0.9955290838197464,-0.8040370074349378,-0.7140631143070042,-0.2567978620724532,-0.7586598871725408,-2.1143600574182257,2.186966563709503,0.5672677059822704,-0.03125599502084328,0.51533508319595,0.4435785872987313,-0.08164965809277261,-0.43722819541551783,-0.1078489619050793,-0.08164965809277262,0.006830447740405579,0.05493388334678309,0.13290920947086454,-0.5444503553055846,1.7388928816668585,-0.3195190878283785,-0.10527742371392493,-0.5079991290204648,-0.08127137996233097,0.2797991771118497,1.0604182067941408,0.112856901991397,2.0005026250619515,0.40247500906172146,-0.6876678754668155,-1.1043198962822969,0.4396569093722502,-0.7924010217609605,0.44958216486886254,-0.1850583025494013,-0.34426518632954817,-0.3813771739533777,-0.3004208840630549,-0.32250493633782445,-0.2501851166488378,-0.48650923597732115,-0.408030732073532,0.1706095966208874,-0.798997378805129,-0.03562583172405988,-0.43502175163138596,-0.5732277470320264,-0.34257077297759186,-0.11585688927269844,-0.1423736993628749,-0.1850583025494013,-0.2709423522500662,0.10868703848800981,-0.7114743284423424,1.2139485361263138,-0.3325250781121237,0.4714287434486923,0.7498726337854658,-0.4401646196306631,-0.29601761901900703,-0.23402132579539733,0.7140733027170785,-0.2859335783377174,0.44505080235148137,0.15844529663104082,-0.6258098020965113,0.7026442871585215,-0.8239507967026044,-0.44543540318737407,-0.36513981808175977,-0.30708344176251406,1.5701560445980405,0.09600729975879994,-0.3970519304611479,0.6995374463304165,0.8926607280544026,0.2938928536832671,0.055230039504731064,0.8729754927846599,0.050502673865427124,-0.035715040722107155,1.592488449506507,1.293971604164191,-1.3181868222353739,-0.6922725817415895,-0.2948745963484151,0.8566716356925792,-0.671200784935944,0.2479675326779168,-2.0885242375040667,-0.04434088912579289,0.8748417947967677,0.3424214259965502,-1.2429050406492927,-1.2696201359607988,-0.10983780389073187,-0.41396633210742717,-0.18505830254940134,-0.20509449742850697,-0.0816496580927726,-0.5293123406455822,-0.1649572197684645,0.4817616509277422,-0.4139663321074272,-0.4557837944376053,-0.11585688927269844,-0.11585688927269847,-0.3184399010871054,-0.21286501985332265,-0.5828678671740337,-0.11585688927269844,-0.11585688927269844,-0.24473874221703176,-0.2034190510862431,-0.08164965809277261,-0.2794722107346492,1.1169466712169605,-0.1423736993628749,-0.603234650793541,-0.08164965809277261,-0.0816496580927726,-0.14237369936287486,-0.2103806732152868,-0.18505830254940134,3.567530340063379,1.1611920726344063,1.146602776056082,-0.25629956685409805,-0.3813771739533776,-0.11585688927269844,-0.16495721976846447,-0.14237369936287486,-0.08164965809277261,-0.0816496580927726,-0.11585688927269844,1.3101364931361943
3.188,compound_87,87,CS(=O)(=O)Nc1ccc([N+](=O)[O-])cc1Oc1ccccc1,0.9065128335200213,-0.39432439584337636,-0.3766543068094489,0.1435200273708241,-0.46198697664228455,1.6325758609948176,-0.05404867991321158,0.5690273311785219,0.5619560918439426,-1.069477538760339,0.579563784433217,0.6856500713825903,0.941745239464475,0.22886616062122783,-0.08164965809277261,-0.43722819541551783,-0.1078489619050793,-0.08164965809277262,-0.7291796181945297,0.0005426422647983384,0.5600126008776555,-0.4812603021869261,-0.5761893860136988,-0.8238062626630055,-0.10527699269391792,0.19722984203592062,0.9804989400818505,0.623108974243865,0.6216156470405731,-0.7941242541495301,0.008700146821376178,-0.6963618579453549,-1.402127511790053,-0.7021230105822345,0.1439016322630606,0.17253893215762853,0.44958216486886254,-0.1850583025494013,-0.34426518632954817,-0.3813771739533777,-0.3004208840630549,1.9964591297103413,-0.2501851166488378,1.6741641355690164,-0.408030732073532,0.1706095966208874,0.49829944054513414,0.34862421044258585,-0.43502175163138596,1.0005429766377183,0.47204634071715407,-0.11585688927269844,-0.1423736993628749,-0.1850583025494013,-0.2709423522500662,0.1467645826931329,2.0525349707743406,2.4654206508386984,-0.3325250781121237,-0.7955793462767262,-0.06696766222120808,2.3274005049247415,-0.29601761901900703,-0.23402132579539733,0.5224031661248748,0.31540836336718986,-0.8143135583370744,1.2249393312603083,0.1385874356042352,0.5584801493338273,-0.03508215880805495,-0.44543540318737407,-0.36513981808175977,-0.30708344176251406,-0.6961133411633624,0.5919035587567439,1.1537814533285395,2.1613666624727017,-0.1667999947110288,1.671627300786176,0.055230039504731064,2.5207167354157054,0.2995253474733587,0.5357093776142338,-0.6663308010709861,-0.39825714687529634,1.9130262940700546,-0.3589236523083401,-0.2948745963484151,0.7390507664077878,-0.671200784935944,-0.7638980111746582,0.33737826706849455,-0.1798610215145099,-1.7501628206787299,-0.37614553976843734,0.7257259661536316,-2.042449539705686,-0.10983780389073187,-0.41396633210742717,-0.18505830254940134,-0.20509449742850697,-0.0816496580927726,-0.5293123406455822,-0.1649572197684645,-0.6548947442298997,1.9011787104192954,-0.4557837944376053,-0.11585688927269844,-0.11585688927269847,-0.3184399010871054,-0.21286501985332265,1.0173693681583134,-0.11585688927269844,-0.11585688927269844,-0.24473874221703176,-0.2034190510862431,-0.08164965809277261,-0.2794722107346492,1.1169466712169605,-0.1423736993628749,-0.603234650793541,-0.08164965809277261,-0.0816496580927726,-0.14237369936287486,-0.2103806732152868,-0.18505830254940134,-0.280305955290694,-0.5578275643047641,-0.45651777194825466,3.261994487233975,-0.3813771739533776,-0.11585688927269844,-0.16495721976846447,-0.14237369936287486,12.24744871391589,-0.0816496580927726,-0.11585688927269844,1.807594196401716
4.643,compound_71,71,O=C(NCc1cccnc1)Nc1ccc([N+](=O)[O-])cc1,0.8658778425588257,-1.181072250900521,-0.01861291059039913,-1.330047183933974,-1.6723530882917546,-0.4758150253242445,-0.05334792677969511,-0.7592741439394871,0.710846509213849,-1.76517758745857,0.351198654113635,-0.1781942896000664,0.8291067553076923,-0.22969507956656612,-0.08164965809277261,-0.43722819541551783,-0.1078489619050793,-0.08164965809277262,0.04522707154891595,-0.3616949254661677,0.17552268275611854,-0.06104644894784317,-0.5761893860136988,-1.234272567760959,-0.1052773380348433,-0.12202243836483122,0.6979366568095475,0.9017229701599799,-0.8967064424123469,0.08500159127256418,-0.8536841446135309,0.3687274034443949,-0.09486545004413033,0.6895380048196045,-0.22451524167965164,1.1374788860762175,0.44958216486886254,-0.1850583025494013,-0.34426518632954817,-0.3813771739533777,4.235934465289073,-0.32250493633782445,2.6558112382722783,1.6741641355690164,-0.408030732073532,-0.33452862082526913,1.7955962598953972,-0.03562583172405988,1.8300915068630719,1.0005429766377183,0.0647377838697811,-0.11585688927269844,-0.1423736993628749,-0.1850583025494013,0.9367644708801778,-1.029882139131166,0.3783599910700389,-0.46965587898313627,-0.3325250781121237,0.5480028386027191,-0.02629222066335693,1.1361615763709698,-0.29601761901900703,-0.23402132579539733,-0.43142781029642885,0.8862826774150686,1.0472779774513963,-0.19004679454987636,0.09422602896311413,-0.05734979465887999,-0.34928064919155366,-0.44543540318737407,2.9184606280658474,-0.30708344176251406,-0.247530577287307,-0.12594490511789447,1.5827710748731738,-0.762291769811869,-0.25629616383656306,2.012807097716663,0.7054220959742524,-0.7747657498463855,-0.03873106471594114,0.0984355994468685,-0.6663308010709861,-0.21414548456320123,1.9329614231135663,-0.025574722875090782,-0.2948745963484151,0.22572990114100086,-0.671200784935944,0.7903211690668481,0.19782520963790237,0.7042066539008773,-1.6029163986294868,-3.0159253200524682e-05,0.32815637221257105,0.3995122807956569,-0.10983780389073187,-0.41396633210742717,-0.18505830254940134,1.7304848220530276,-0.0816496580927726,0.9787284789295669,-0.1649572197684645,0.4817616509277422,4.216323752946018,-0.4557837944376053,-0.11585688927269844,-0.11585688927269847,-0.3184399010871054,-0.21286501985332265,1.0173693681583134,-0.11585688927269844,-0.11585688927269844,-0.24473874221703176,-0.2034190510862431,-0.08164965809277261,-0.2794722107346492,-0.4025033049430488,-0.1423736993628749,-0.603234650793541,-0.08164965809277261,-0.0816496580927726,-0.14237369936287486,-0.2103806732152868,-0.18505830254940134,-0.280305955290694,-0.5578275643047641,-0.45651777194825466,-0.25629956685409805,-0.3813771739533776,-0.11585688927269844,-0.16495721976846447,7.023769168568492,-0.08164965809277261,-0.0816496580927726,8.631338250816034,1.6558688407493505
4.11,compound_152,152,CCP(=S)(OC)Oc1ccc([N+](=O)[O-])cc1Cl,0.06320256805728408,-0.05597400730596303,-1.007164788866924,1.4026597461589594,0.3757835761561266,1.82049666622252,-0.05350893028786605,0.8467422891717068,0.9200843573695663,0.20296062823775857,-0.21638098139841228,1.5650101499711437,-0.07229451231322649,-0.8364936638409942,-0.08164965809277261,-0.43722819541551783,-0.1078489619050793,-0.08164965809277262,-0.02628331757568856,1.6808946284578128,0.42032233902788924,1.284344123187371,0.8268907762169418,1.439622219734277,-0.10527827856977255,-0.010863357450644007,0.6088960247809608,-0.5414399201708852,0.4579094713671836,-0.8345044526012407,0.3949353159803247,-0.745283768235746,-1.058076061647112,-0.5520734893062381,0.8395346561557866,-0.7924010217609605,-0.44366661006795666,-0.1850583025494013,-0.34426518632954817,-0.3813771739533777,-0.3004208840630549,-0.32250493633782445,-0.2501851166488378,-0.48650923597732115,2.0564748896506013,0.1706095966208874,-0.798997378805129,0.34862421044258585,-0.43502175163138596,-0.5732277470320264,0.47204634071715407,-0.11585688927269844,-0.1423736993628749,-0.1850583025494013,0.6140122602203768,0.1467645826931329,-0.7114743284423424,1.4312721809358677,-0.3325250781121237,-0.7955793462767262,-0.7803142062310864,-0.4401646196306631,-0.29601761901900703,-0.23402132579539733,0.5481001906834813,0.2868842719056332,0.7289748703704368,-0.23298456147072874,0.3907071811542348,0.14992693738795018,1.081626120719598,-0.44543540318737407,-0.36513981808175977,-0.30708344176251406,-0.22301697567202783,0.8812558538194847,-0.7015184339586261,0.6995374463304165,0.730186496750772,0.23162148157929438,-0.7160421888467345,0.8729754927846599,0.1627983085393619,1.3178094169555254,-0.6663308010709861,-0.09737337906844931,-0.39498307471953714,0.49361744361734783,-0.2948745963484151,0.19613708353634793,1.399197562692746,-0.7863088983957035,0.7534823645666407,0.3131025297885367,0.3571117043404086,-0.3186712770606457,-0.28553777276604314,-1.088671537176831,-0.10983780389073187,-0.41396633210742717,-0.18505830254940134,-0.20509449742850697,-0.0816496580927726,-0.5293123406455822,-0.1649572197684645,-0.6548947442298997,-0.4139663321074272,-0.4557837944376053,-0.11585688927269844,-0.11585688927269847,-0.3184399010871054,-0.21286501985332265,-0.5828678671740337,-0.11585688927269844,-0.11585688927269844,-0.24473874221703176,-0.2034190510862431,-0.08164965809277261,-0.2794722107346492,-0.4025033049430488,-0.1423736993628749,0.18201045498080975,-0.08164965809277261,-0.0816496580927726,-0.14237369936287486,-0.2103806732152868,-0.18505830254940134,-0.280305955290694,-0.5578275643047641,-0.45651777194825466,-0.25629956685409805,-0.3813771739533776,-0.11585688927269844,-0.16495721976846447,-0.14237369936287486,-0.08164965809277261,-0.0816496580927726,-0.11585688927269844,0.011727241743137558
4.09,compound_156,156,COP(=S)(Oc1ccc([N+](=O)[O-])c(C)c1)OC(C)C,0.41413257104392653,0.30792597737541905,-1.2134463275343814,1.49415444787047,-0.17995795604380097,1.79651491555,-0.06411411139886332,0.5877446492304436,0.1523893304577461,0.552906043822637,0.07738571589985069,1.3769478584261257,0.39916282329647046,-0.8364936638409942,-0.08164965809277261,-0.43722819541551783,-0.1078489619050793,-0.08164965809277262,0.6766129830431528,1.314694501813003,0.527953600310521,0.5929706008302783,1.4901650347259718,1.0526111320704927,-0.10527728722961152,-0.26963440200428734,1.230587903320316,-0.2108787616690062,0.23580617802148465,1.2468317056591498,1.2582473811678112,1.7763219871279623,-1.2652357492885522,-0.34849843965854466,0.8190331758970201,-0.7924010217609605,0.00295777740045296,-0.1850583025494013,-0.34426518632954817,-0.3813771739533777,-0.3004208840630549,-0.32250493633782445,-0.2501851166488378,-0.48650923597732115,2.0564748896506013,0.6757478140670439,-0.798997378805129,0.34862421044258585,-0.43502175163138596,-0.5732277470320264,0.879354897564527,-0.11585688927269844,-0.1423736993628749,-0.1850583025494013,0.6140122602203768,0.1467645826931329,-0.7114743284423424,-0.46965587898313627,-0.3325250781121237,0.7011591033313017,-0.09592024210299421,-0.4401646196306631,-0.29601761901900703,-0.23402132579539733,-0.9083432985070807,1.8046360513611317,1.4815501424802113,-0.00653181719126514,0.08928506368312127,0.9921671997894718,0.18645149509067988,-0.44543540318737407,-0.36513981808175977,-0.30708344176251406,1.1429772322502862,0.09600729975879994,-0.6616851109870963,0.6995374463304165,1.28832800208308,0.23162148157929438,-0.7160421888467345,0.8729754927846599,0.1595921993716249,1.8787492878174303,0.24590507631404773,0.7487827279031398,-0.39498307471953714,-0.6922725817415895,-0.2948745963484151,0.9995117997975593,0.26513295172916923,-0.7690187510227601,0.31793629478103047,0.18910858009009238,0.02724222874075404,-0.3965282555706204,-1.2258576066215316,-1.171322203318769,-0.10983780389073187,-0.41396633210742717,-0.18505830254940134,-0.20509449742850697,-0.0816496580927726,-0.5293123406455822,-0.1649572197684645,-0.6548947442298997,-0.4139663321074272,-0.4557837944376053,-0.11585688927269844,-0.11585688927269847,-0.3184399010871054,-0.21286501985332265,-0.5828678671740337,-0.11585688927269844,-0.11585688927269844,-0.24473874221703176,-0.2034190510862431,-0.08164965809277261,-0.2794722107346492,-0.4025033049430488,-0.1423736993628749,-0.603234650793541,-0.08164965809277261,-0.0816496580927726,-0.14237369936287486,-0.2103806732152868,-0.18505830254940134,-0.280305955290694,-0.5578275643047641,-0.45651777194825466,-0.25629956685409805,-0.3813771739533776,-0.11585688927269844,-0.16495721976846447,-0.14237369936287486,-0.08164965809277261,-0.0816496580927726,-0.11585688927269844,-0.14066770778019685
5.31,compound_167,167,CC(C)(C)c1cc([N+](=O)[O-])cc([N+](=O)[O-])c1Nc1ccc([N+](=O)[O-])cc1[N+](=O)[O-],1.200175244478953,1.0131970410761897,-1.2675573630550099,0.8988478823095463,-0.8461413873826393,-0.5631024598231412,-0.21781037344055895,-0.7582402592619699,-2.1075868044655786,-0.01028758791748969,2.1440967373927804,1.0410704983602372,1.7194163951800494,3.0037230895781826,-0.08164965809277261,-0.43722819541551783,-0.1078489619050793,-0.08164965809277262,-0.7291796181945297,-0.04763870491142486,1.5977593875224585,-2.178675866995044,0.37088972349198374,-2.6415856138110834,-0.10517565605790313,1.3428420874104903,1.1318419432901026,0.5694837882806923,-0.7674738425299027,-0.28908162498128503,0.0724914332249795,-0.08448645504115027,-0.8007617622209421,0.571086213579299,1.4638904275411444,0.17253893215762853,3.1293284896793203,-0.1850583025494013,-0.34426518632954817,-0.3813771739533777,-0.3004208840630549,1.9964591297103413,-0.2501851166488378,1.6741641355690164,-0.408030732073532,2.1911624664055136,0.49829944054513414,2.2698744212758144,-0.43502175163138596,1.0005429766377183,0.879354897564527,-0.11585688927269844,-0.1423736993628749,-0.1850583025494013,-0.1533180287421498,1.297983116181364,-0.16655716868615175,-0.46965587898313627,3.3326890570405356,-0.7955793462767262,3.81024631381857,-0.4401646196306631,-0.29601761901900703,-0.23402132579539733,0.7140733027170785,0.20187942419274385,0.1894313617248354,1.6752781901337581,0.9765715854202792,0.9824709499195052,0.9665192575028893,-0.44543540318737407,-0.36513981808175977,-0.30708344176251406,1.097059679106706,-0.12594490511789447,2.4632837222006994,-0.762291769811869,-0.14163661559350496,0.46130610435821595,3.1403189529105933,-0.7747657498463855,0.3153894982623247,-0.035715040722107155,3.3734193185063917,0.9292796034257722,0.5282206727963001,-0.3589236523083401,-0.2948745963484151,0.7371496490355713,-0.671200784935944,2.2893107973761553,-3.6032911669496226,0.7042066539008773,-1.8580414672452144,0.3424214259965502,-0.8490129929264929,0.3995122807956569,-0.10983780389073187,-0.41396633210742717,-0.18505830254940134,-0.20509449742850697,-0.0816496580927726,-0.5293123406455822,-0.1649572197684645,2.755074441243026,1.9011787104192954,-0.4557837944376053,-0.11585688927269844,-0.11585688927269847,-0.3184399010871054,-0.21286501985332265,2.617606603490661,-0.11585688927269844,-0.11585688927269844,-0.24473874221703176,-0.2034190510862431,-0.08164965809277261,-0.2794722107346492,-0.4025033049430488,-0.1423736993628749,-0.603234650793541,-0.08164965809277261,-0.0816496580927726,-0.14237369936287486,-0.2103806732152868,-0.18505830254940134,-0.280305955290694,4.599231346512747,4.3528438720647555,-0.25629956685409805,-0.3813771739533776,-0.11585688927269844,-0.16495721976846447,-0.14237369936287486,-0.08164965809277261,-0.0816496580927726,-0.11585688927269844,0.5942752079930217
1.469,compound_50,50,CC(=O)c1c(C)c([N+](=O)[O-])c(C(C)(C)C)c([N+](=O)[O-])c1C,0.5343158225898565,1.7141799472264052,-1.1962703058956146,1.018891946244254,-1.1439789803080402,-0.3642495780819338,-0.27575461115003347,-0.7588085425708351,-2.4415476869621435,2.8568979324958192,1.0482809765921335,0.29585827258078845,0.9001427221102876,1.05037717157316,-0.08164965809277261,-0.43722819541551783,-0.1078489619050793,-0.08164965809277262,-0.7291796181945297,0.266417515643318,0.4111054517916718,-1.5103554529765164,1.7388928816668585,-0.47197800115047517,-0.10527373977571473,-0.33059018249528915,0.0034876821850879634,1.1617483133763689,-1.3885606135895157,-0.5975553996271286,2.552752904498869,-0.4582123630058991,-0.8779542471616263,1.1403608440873152,0.8536582643404848,-0.7924010217609605,0.44958216486886254,-0.1850583025494013,-0.34426518632954817,-0.3813771739533777,-0.3004208840630549,-0.32250493633782445,-0.2501851166488378,-0.48650923597732115,-0.408030732073532,0.1706095966208874,-0.798997378805129,-0.03562583172405988,-0.43502175163138596,-0.5732277470320264,-0.34257077297759186,-0.11585688927269844,-0.1423736993628749,-0.1850583025494013,-1.2434005283644773,0.10868703848800981,1.5206375052545034,-0.46965587898313627,0.8892129669387627,-0.7955793462767262,1.4752341962837487,-0.4401646196306631,-0.29601761901900703,-0.23402132579539733,0.7140733027170785,0.5645922979194427,1.7623694764777826,-1.009283078929294,-0.5054177665666082,0.9098588223581842,-0.36878886499532815,-0.44543540318737407,-0.36513981808175977,-0.30708344176251406,2.5163487755807097,-0.8079066623809701,-0.02256025737347602,-0.762291769811869,0.9897658832189501,-1.090194889000231,0.055230039504731064,-0.7747657498463855,-0.06782932358704628,-0.035715040722107155,2.504724326891541,2.4143926338890793,-1.7797886959932923,-0.6922725817415895,-0.2948745963484151,1.0833690903774835,-0.671200784935944,1.5765103348577434,-3.6199782476627007,-0.2023234893904027,1.6349318604831375,0.3424214259965502,-2.3310598569247447,0.3995122807956569,-0.10983780389073187,-0.41396633210742717,-0.18505830254940134,-0.20509449742850697,-0.0816496580927726,0.9787284789295669,-0.1649572197684645,0.4817616509277422,-0.4139663321074272,-0.4557837944376053,-0.11585688927269844,-0.11585688927269847,-0.3184399010871054,-0.21286501985332265,-0.5828678671740337,-0.11585688927269844,-0.11585688927269844,-0.24473874221703176,-0.2034190510862431,-0.08164965809277261,-0.2794722107346492,-0.4025033049430488,-0.1423736993628749,-0.603234650793541,-0.08164965809277261,-0.0816496580927726,-0.14237369936287486,3.7605545337232513,5.403702434442519,-0.280305955290694,1.1611920726344063,1.146602776056082,-0.25629956685409805,-0.3813771739533776,-0.11585688927269844,-0.16495721976846447,-0.14237369936287486,-0.08164965809277261,-0.0816496580927726,-0.11585688927269844,0.09200514499450071
5.0,compound_143,143,CN(c1ccc(Cl)cc1Br)c1c([N+](=O)[O-])cc([N+](=O)[O-])cc1C(F)(F)F,0.7166284715078107,1.8408663665783704,-1.3636610261258038,1.2309551145258344,-1.0634955180276517,2.8682842610073664,-0.22210096287139947,4.628075090733857,-0.541818570715107,-0.4825006980310007,1.5810670415103747,1.390655110165305,0.9045286576569411,2.110536752201549,-0.08164965809277261,-0.43722819541551783,-0.1078489619050793,-0.08164965809277262,1.7460026222508491,0.10390856154678929,2.10935198225717,-0.8506790742652403,-0.2153973442972486,-0.5775264796042338,-0.1052766520464257,2.51184856007845,0.7738604040488999,2.2027953955430015,0.16455846155585868,1.9773054214510162,-0.7537579556941901,0.7972606743048403,-1.5106536335146235,0.6452622150108186,2.572272304392725,-0.7924010217609605,0.44958216486886254,-0.1850583025494013,-0.34426518632954817,-0.3813771739533777,-0.3004208840630549,1.9964591297103413,-0.2501851166488378,1.6741641355690164,-0.408030732073532,0.1706095966208874,-0.798997378805129,1.8856243791091687,-0.43502175163138596,1.0005429766377183,0.0647377838697811,-0.11585688927269844,-0.1423736993628749,-0.1850583025494013,-0.23746953005144317,0.134050488525099,-0.7114743284423424,-0.46965587898313627,0.8892129669387627,0.5803462209725962,0.7498726337854658,-0.4401646196306631,2.3573119108916716,-0.23402132579539733,0.007294656942094409,1.9500044066930078,0.344507335622062,1.242711537278458,2.2105974806449304,0.515232235799369,2.2380626329842768,-0.44543540318737407,-0.36513981808175977,-0.30708344176251406,-0.26966407273190296,0.7173443554811083,1.6727364109023526,-0.762291769811869,-0.6622063036869882,0.3415343091783027,3.383940425686244,-0.7747657498463855,0.044643586095020664,0.05868635327530716,0.680252572121473,-0.3345323768474169,0.8699076377667021,0.49361744361734783,-0.2948745963484151,0.4303217385953377,0.981337785883573,0.14921100037935747,-1.3452042507627708,0.7042066539008773,-0.9774751091858681,-0.7330736676155831,0.27289015487446744,0.3995122807956569,-0.10983780389073187,-0.41396633210742717,-0.18505830254940134,-0.20509449742850697,-0.0816496580927726,-0.5293123406455822,-0.1649572197684645,1.618418046085384,-0.4139663321074272,-0.4557837944376053,-0.11585688927269844,-0.11585688927269847,3.0362874289700748,-0.21286501985332265,2.617606603490661,-0.11585688927269844,-0.11585688927269844,-0.24473874221703176,-0.2034190510862431,-0.08164965809277261,-0.2794722107346492,-0.4025033049430488,-0.1423736993628749,3.3229908780782127,-0.08164965809277261,-0.0816496580927726,-0.14237369936287486,-0.2103806732152868,-0.18505830254940134,-0.280305955290694,1.1611920726344063,1.146602776056082,-0.25629956685409805,-0.3813771739533776,-0.11585688927269844,-0.16495721976846447,-0.14237369936287486,-0.08164965809277261,-0.0816496580927726,-0.11585688927269844,-0.2996108682533594
3.81,compound_153,153,CCOP(=S)(OCC)Oc1ccc([N+](=O)[O-])c(Cl)c1,0.31884869264479737,0.24777783336465914,-1.0917383796900306,1.4852063910055366,0.1076106329132701,1.7965225107458542,-0.051154680113151656,0.8467422940339049,0.9166829162711048,0.13502044678915665,-0.09371874626461943,1.4970166161375027,0.15775417384357754,-0.8364936638409942,-0.08164965809277261,-0.43722819541551783,-0.1078489619050793,-0.08164965809277262,0.6766129830431528,1.8923782607543487,0.7412378765783919,0.4034004414743021,1.1916916183969086,1.3927117848659392,-0.10527798757618478,0.17062956163706156,1.3433579434469571,-0.4623559188089587,0.2352321373778565,1.2468276610147229,0.5316342164862613,1.7763170869110392,-1.162194763796191,-0.34797228648555006,1.104620114324812,-0.7924010217609605,0.00295777740045296,-0.1850583025494013,-0.34426518632954817,-0.3813771739533777,-0.3004208840630549,-0.32250493633782445,-0.2501851166488378,-0.48650923597732115,-0.408030732073532,0.6757478140670439,-0.798997378805129,0.7328742526092316,-0.43502175163138596,-0.5732277470320264,1.2866634544119,-0.11585688927269844,-0.1423736993628749,-0.1850583025494013,-0.31469413407205044,1.1746544618524484,-0.7114743284423424,-0.46965587898313627,-0.3325250781121237,0.7011591033313017,0.588473722025098,-0.4401646196306631,-0.29601761901900703,-0.23402132579539733,0.007294656942094409,0.48153098640202463,0.7307793833805459,0.6498395215683465,0.8787931029961961,0.6877495351977696,1.0994866957486022,-0.44543540318737407,-0.36513981808175977,-0.30708344176251406,0.25007938981930694,0.8768896965538128,-0.7015184339586256,0.6995374463304165,0.48938446798671237,0.23162148157929438,-0.7160421888467345,0.8729754927846599,0.1595921993716249,1.8787492878174303,-0.6663308010709861,0.32389728102261317,-0.39498307471953714,0.49361744361734783,-0.2948745963484151,0.5589471254183465,1.379836682088377,-0.7789778342701645,0.7519861661572094,0.270204908422668,0.28940044474082616,0.3424214259965502,-1.609794264372409,0.3995122807956569,-0.10983780389073187,-0.41396633210742717,-0.18505830254940134,-0.20509449742850697,-0.0816496580927726,-0.5293123406455822,-0.1649572197684645,-0.6548947442298997,-0.4139663321074272,-0.4557837944376053,-0.11585688927269844,-0.11585688927269847,-0.3184399010871054,-0.21286501985332265,-0.5828678671740337,-0.11585688927269844,-0.11585688927269844,-0.24473874221703176,-0.2034190510862431,-0.08164965809277261,-0.2794722107346492,-0.4025033049430488,-0.1423736993628749,0.18201045498080975,-0.08164965809277261,-0.0816496580927726,-0.14237369936287486,-0.2103806732152868,-0.18505830254940134,-0.280305955290694,-0.5578275643047641,-0.45651777194825466,-0.25629956685409805,-0.3813771739533776,-0.11585688927269844,-0.16495721976846447,-0.14237369936287486,-0.08164965809277261,-0.0816496580927726,-0.11585688927269844,-0.3576988749284937
1.647,compound_51,51,Cc1c(C)c([N+](=O)[O-])c(C(C)(C)C)c([N+](=O)[O-])c1C,0.3003707817790857,1.5792185961389316,-1.1758621096535016,0.9841159459434589,-1.0542391470026362,-0.700696705139154,-0.27638129970823344,-0.7588119551434434,-2.389701726887671,2.792846939632784,0.7455431692071562,0.08998067587227447,0.7112910971718641,0.4435785872987313,-0.08164965809277261,-0.43722819541551783,-0.1078489619050793,-0.08164965809277262,-0.7291796181945297,0.266417515643318,0.1117441045942454,-2.061011630153403,1.9493549060014543,-0.08496691348669093,-0.10527649829862563,-0.6487159968326145,-0.22940157723018312,0.5605024142832079,-1.536481294791982,-0.6064172826901777,2.4024811432636968,-1.0313393875418915,-0.83430926175946,1.5560598320854777,0.940855476598632,-0.7924010217609605,0.00295777740045296,-0.1850583025494013,-0.34426518632954817,-0.3813771739533777,-0.3004208840630549,-0.32250493633782445,-0.2501851166488378,-0.48650923597732115,-0.408030732073532,-0.33452862082526913,-0.798997378805129,-0.4198758738907056,-0.43502175163138596,-0.5732277470320264,-0.7498793298249649,-0.11585688927269844,-0.1423736993628749,-0.1850583025494013,-1.2434005283644773,0.10868703848800981,-0.7114743284423424,-0.46965587898313627,0.8892129669387627,-0.7955793462767262,0.7498726337854658,-0.4401646196306631,-0.29601761901900703,-0.23402132579539733,0.7140733027170785,1.1354666119673213,1.3709558718152959,-1.009283078929294,-0.8028127843892335,0.5549356776017379,-0.8239507967026044,-0.44543540318737407,-0.36513981808175977,-0.30708344176251406,2.5163487755807097,-0.8079066623809701,-0.02256025737347602,-0.762291769811869,1.2578920579270276,-1.090194889000231,0.055230039504731064,-0.7747657498463855,-0.6132496063484922,-0.035715040722107155,3.4169602042765743,1.9029687133568116,-1.7797886959932923,-0.6922725817415895,-0.2948745963484151,1.0955731893102028,-0.671200784935944,0.2930022022292428,-3.4245281128505543,0.7042066539008773,1.6349318604831375,0.3424214259965502,-2.27561469703874,0.3995122807956569,-0.10983780389073187,-0.41396633210742717,-0.18505830254940134,-0.20509449742850697,-0.0816496580927726,-0.5293123406455822,-0.1649572197684645,0.4817616509277422,-0.4139663321074272,-0.4557837944376053,-0.11585688927269844,-0.11585688927269847,-0.3184399010871054,-0.21286501985332265,-0.5828678671740337,-0.11585688927269844,-0.11585688927269844,-0.24473874221703176,-0.2034190510862431,-0.08164965809277261,-0.2794722107346492,-0.4025033049430488,-0.1423736993628749,-0.603234650793541,-0.08164965809277261,-0.0816496580927726,-0.14237369936287486,-0.2103806732152868,-0.18505830254940134,-0.280305955290694,1.1611920726344063,1.146602776056082,-0.25629956685409805,-0.3813771739533776,-0.11585688927269844,-0.16495721976846447,-0.14237369936287486,-0.08164965809277261,-0.0816496580927726,-0.11585688927269844,1.1609422035886536
2.584,compound_57,57,O=[N+]([O-])c1ccc(Oc2ccc(Cl)cc2Cl)cc1,0.3964417607113293,-1.076782733199288,-0.021017832031724724,0.021413562580638437,1.0279439303701623,0.0055393253784305286,-0.05372111189767187,0.8468395824717388,0.8177348573022916,-1.523149119080794,0.20059829654577355,0.19224710684197951,0.2035187277814273,-0.8364936638409942,-0.08164965809277261,-0.43722819541551783,-0.1078489619050793,-0.08164965809277262,-0.7291796181945297,1.2584827484056942,0.29196715080026814,-1.081565806814187,-0.9971134346828908,0.14958526085499715,-0.10527829663916187,0.5063793437913937,0.10442749075471373,-0.5980044372855168,0.6329121464649445,-0.8629993764001318,-0.8423455902283905,-0.7798062856891447,1.2446862210632363,-0.7124771363429099,1.7386168551244583,-0.7924010217609605,-0.8902909975363662,-0.1850583025494013,-0.34426518632954817,-0.3813771739533777,-0.3004208840630549,1.9964591297103413,-0.2501851166488378,1.6741641355690164,-0.408030732073532,-0.8396668382714256,-0.798997378805129,-0.4198758738907056,-0.43502175163138596,1.0005429766377183,-0.34257077297759186,-0.11585688927269844,-0.1423736993628749,-0.1850583025494013,-0.2709423522500662,1.3234113045174318,-0.7114743284423424,-0.46965587898313627,-0.3325250781121237,-0.7955793462767262,-0.7803142062310864,-0.4401646196306631,-0.29601761901900703,-0.23402132579539733,0.9229326123912696,1.55545211680888,-0.3251547584877712,-0.10514530227054841,0.557403884149315,-0.5750645389471033,0.5545020910618679,-0.44543540318737407,-0.36513981808175977,-0.30708344176251406,-0.6961133411633624,-0.8079066623809701,1.4486064804731522,2.1613666624727017,-0.754262027945304,0.2938928536832671,-0.7160421888467345,2.5207167354157054,-1.0775691586539007,-0.7071681405616813,-0.6663308010709861,-0.6390309314437271,1.4514244203121363,1.6795074689762852,-0.2948745963484151,-0.4092170983798868,1.600007325959864,-0.7824829710903035,0.7864998688375282,0.22818425223230948,-0.39794474146290876,0.3424214259965502,0.7257259661536316,0.3995122807956569,-0.10983780389073187,-0.41396633210742717,-0.18505830254940134,-0.20509449742850697,-0.0816496580927726,-0.5293123406455822,-0.1649572197684645,-0.6548947442298997,-0.4139663321074272,-0.4557837944376053,-0.11585688927269844,-0.11585688927269847,-0.3184399010871054,-0.21286501985332265,-0.5828678671740337,-0.11585688927269844,-0.11585688927269844,-0.24473874221703176,-0.2034190510862431,-0.08164965809277261,-0.2794722107346492,1.1169466712169605,-0.1423736993628749,0.9672555607551606,-0.08164965809277261,-0.0816496580927726,-0.14237369936287486,-0.2103806732152868,-0.18505830254940134,-0.280305955290694,-0.5578275643047641,-0.45651777194825466,-0.25629956685409805,-0.3813771739533776,-0.11585688927269844,-0.16495721976846447,-0.14237369936287486,-0.08164965809277261,-0.0816496580927726,-0.11585688927269844,1.194277886688391
2.533,compound_56,56,O=C1CN=C(c2ccccc2)c2cc([N+](=O)[O-])ccc2N1,1.183263084045056,0.0745952852343967,-0.20926434100270067,-0.38453455982141077,-0.6608300901557901,-0.16200575457464955,-0.05346337711446026,-0.7592733157083756,-1.0564413443815663,-1.6837323640311703,0.9589983899482386,0.23514142811084698,0.8379439054982768,-0.22969507956656612,-0.08164965809277261,0.6969279014047862,-0.1078489619050793,-0.08164965809277262,0.04653632973959895,-0.4706059695044948,0.2716469043299778,-0.4812603021869261,-0.6323125925029247,-1.3046382200634652,-0.10527693941472004,0.09860095658924309,-0.17370556761509592,0.8175885103658317,-1.0207504694059986,-0.8523195526359056,-1.3263395885615605,-0.7668673354079697,-0.04122337991616563,0.8032340629614704,-0.16452698754628306,0.17253893215762853,0.00295777740045296,-0.1850583025494013,2.904737509655563,2.360906314949481,1.9677567906130091,1.9964591297103413,-0.2501851166488378,1.6741641355690164,-0.408030732073532,-0.33452862082526913,0.49829944054513414,-0.4198758738907056,1.8300915068630719,2.574313700307463,-0.7498793298249649,-0.11585688927269844,-0.1423736993628749,-0.1850583025494013,-0.1533180287421498,0.29971050653464004,-0.16655716868615175,1.2601177368580594,-0.3325250781121237,-0.7955793462767262,0.7003441364275275,-0.4401646196306631,-0.29601761901900703,-0.23402132579539733,1.4762341425461791,-0.9246353900744995,0.1043078150237371,0.8730498544699457,-0.1727988296886207,-0.16186362177120997,0.09049515271932954,-0.44543540318737407,-0.36513981808175977,2.348579251982752,-0.6961133411633624,0.7084742264442062,1.9733203266072057,-0.762291769811869,0.4665575098696737,0.46130610435821595,0.055230039504731064,-0.7747657498463855,0.6309324914193223,-0.11265059288818507,-0.6663308010709861,0.030159623891001026,2.2944138626309423,-0.3589236523083401,-0.2948745963484151,0.12621721332859737,-0.671200784935944,0.854130704609052,-0.13949755117600465,0.08879792493910744,-1.2895722492109196,0.3424214259965502,0.33907519225017996,0.3995122807956569,-0.10983780389073187,-0.41396633210742717,-0.18505830254940134,-0.20509449742850697,-0.0816496580927726,0.9787284789295669,6.06217782649107,0.4817616509277422,1.9011787104192954,-0.4557837944376053,-0.11585688927269844,-0.11585688927269847,-0.3184399010871054,-0.21286501985332265,1.0173693681583134,-0.11585688927269844,8.631338250816034,2.0649831374562058,-0.2034190510862431,-0.08164965809277261,-0.2794722107346492,-0.4025033049430488,-0.1423736993628749,-0.603234650793541,-0.08164965809277261,-0.0816496580927726,-0.14237369936287486,-0.2103806732152868,-0.18505830254940134,-0.280305955290694,-0.5578275643047641,-0.45651777194825466,-0.25629956685409805,-0.3813771739533776,-0.11585688927269844,-0.16495721976846447,-0.14237369936287486,-0.08164965809277261,-0.0816496580927726,-0.11585688927269844,1.8165700296570175
4.49,compound_157,157,CCOP(=S)(OCC)Oc1ccc([N+](=O)[O-])c(C)c1,0.43781949956094,0.2110362774104821,-1.1025669991173541,1.4605862962099236,0.08597651137141678,1.7965185615668167,-0.06411319654029646,0.58774464905609,0.15238972028797823,0.48755440491468377,-0.037592861246031464,1.2987563918886913,0.39916282329647046,-0.8364936638409942,-0.08164965809277261,-0.43722819541551783,-0.1078489619050793,-0.08164965809277262,0.6766129830431528,1.314694501813003,0.527953600310521,0.21383028211832428,1.4901650347259718,1.0526111320704927,-0.10527724623261789,-0.26963440200428734,1.230587903320316,-0.21087876166900782,0.23580664728868175,1.246814771121654,1.2582473811678099,1.7763014703906517,-1.2652357492885533,-0.3484988697786546,0.8203515990647869,-0.7924010217609605,0.00295777740045296,-0.1850583025494013,-0.34426518632954817,-0.3813771739533777,-0.3004208840630549,-0.32250493633782445,-0.2501851166488378,-0.48650923597732115,-0.408030732073532,0.6757478140670439,-0.798997378805129,0.34862421044258585,-0.43502175163138596,-0.5732277470320264,1.2866634544119,-0.11585688927269844,-0.1423736993628749,-0.1850583025494013,-0.31469413407205044,0.1467645826931329,-0.7114743284423424,-0.46965587898313627,-0.3325250781121237,0.7011591033313017,0.588473722025098,-0.4401646196306631,-0.29601761901900703,-0.23402132579539733,-0.9083432985070807,1.8046360513611324,0.9863988240071929,0.6498395215683465,0.2575439251154039,0.9921671997894718,0.18645149509067988,-0.44543540318737407,-0.36513981808175977,-0.30708344176251406,0.7231757553106417,0.8768896965538128,-0.6616851109870963,0.6995374463304165,0.9230966722104544,0.23162148157929438,-0.7160421888467345,0.8729754927846599,0.1595921993716249,1.8787492878174303,0.24590507631404773,0.7487827279031398,-0.39498307471953714,-0.6922725817415895,-0.2948745963484151,0.9924599049759374,0.26513295172916923,-0.7690187510227602,0.31793629478103025,0.18910858009009238,0.02724222874075505,0.3424214259965502,-2.0796507439634895,0.3995122807956569,-0.10983780389073187,-0.41396633210742717,-0.18505830254940134,-0.20509449742850697,-0.0816496580927726,-0.5293123406455822,-0.1649572197684645,-0.6548947442298997,-0.4139663321074272,-0.4557837944376053,-0.11585688927269844,-0.11585688927269847,-0.3184399010871054,-0.21286501985332265,-0.5828678671740337,-0.11585688927269844,-0.11585688927269844,-0.24473874221703176,-0.2034190510862431,-0.08164965809277261,-0.2794722107346492,-0.4025033049430488,-0.1423736993628749,-0.603234650793541,-0.08164965809277261,-0.0816496580927726,-0.14237369936287486,-0.2103806732152868,-0.18505830254940134,-0.280305955290694,-0.5578275643047641,-0.45651777194825466,-0.25629956685409805,-0.3813771739533776,-0.11585688927269844,-0.16495721976846447,-0.14237369936287486,-0.08164965809277261,-0.0816496580927726,-0.11585688927269844,-0.3064482319607351
3.51,compound_144,144,CCOP(=S)(OCC)Oc1ccc(Cl)c([N+](=O)[O-])c1,0.31568978618916066,0.2920765649731019,-1.084786270765348,1.4897270127377324,0.09417286845742363,1.7965222708552604,-0.051522452292928574,0.8467422934215546,0.9069592837222472,0.195178609303214,-0.09371874626461943,1.4970166161375027,0.15775417384357754,-0.8364936638409942,-0.08164965809277261,-0.43722819541551783,-0.1078489619050793,-0.08164965809277262,0.6766129830431528,1.8923782607543487,0.7412378765783907,0.4034004414743021,1.1916916183969086,1.3927117848659392,-0.1052779880795222,0.17062956163706156,1.3433579434469571,-0.32706970303488647,0.23264450744724585,1.2468884783811427,0.35277850634072505,1.7763907691082093,-1.1875878563159044,-0.34560052115213824,1.104620114324812,-0.7924010217609605,0.00295777740045296,-0.1850583025494013,-0.34426518632954817,-0.3813771739533777,-0.3004208840630549,-0.32250493633782445,-0.2501851166488378,-0.48650923597732115,-0.408030732073532,0.6757478140670439,-0.798997378805129,0.7328742526092316,-0.43502175163138596,-0.5732277470320264,1.2866634544119,-0.11585688927269844,-0.1423736993628749,-0.1850583025494013,-0.31469413407205044,1.1746544618524484,-0.7114743284423424,-0.46965587898313627,-0.3325250781121237,0.7011591033313017,0.588473722025098,-0.4401646196306631,-0.29601761901900703,-0.23402132579539733,0.007294656942094409,1.1015528631228697,-0.1194427820418466,1.2133657004770315,0.8787931029961961,0.6877495351977696,1.0994866957486022,-0.44543540318737407,-0.36513981808175977,-0.30708344176251406,0.25007938981930694,0.8768896965538128,-0.7015184339586256,0.6995374463304165,0.48938446798671237,0.23162148157929438,-0.7160421888467345,0.8729754927846599,0.1595921993716249,1.8787492878174303,-0.6663308010709861,0.32389728102261317,-0.39498307471953714,0.49361744361734783,-0.2948745963484151,0.5577138221696609,1.3646972210822412,-0.7685043149869535,0.7315131185832885,0.23982030816828587,0.32081275092092426,0.3424214259965502,-1.623256437235515,0.3995122807956569,-0.10983780389073187,-0.41396633210742717,-0.18505830254940134,-0.20509449742850697,-0.0816496580927726,-0.5293123406455822,-0.1649572197684645,-0.6548947442298997,-0.4139663321074272,-0.4557837944376053,-0.11585688927269844,-0.11585688927269847,-0.3184399010871054,-0.21286501985332265,-0.5828678671740337,-0.11585688927269844,-0.11585688927269844,-0.24473874221703176,-0.2034190510862431,-0.08164965809277261,-0.2794722107346492,-0.4025033049430488,-0.1423736993628749,0.18201045498080975,-0.08164965809277261,-0.0816496580927726,-0.14237369936287486,-0.2103806732152868,-0.18505830254940134,-0.280305955290694,-0.5578275643047641,-0.45651777194825466,-0.25629956685409805,-0.3813771739533776,-0.11585688927269844,-0.16495721976846447,-0.14237369936287486,-0.08164965809277261,-0.0816496580927726,-0.11585688927269844,-0.3576988749284937
4.46,compound_150,150,CCOP(=S)(CC)Oc1ccc([N+](=O)[O-])c(C)c1,0.45643160234755076,-0.07041231070137068,-1.099767859735198,1.3408396214132674,0.20054330009788834,1.8205524226403793,-0.06410068791953048,0.5875125791133552,0.15236016557916487,0.6903740689351296,-0.06637548126027713,1.430592990807872,0.3772217366600847,-0.8364936638409942,-0.08164965809277261,-0.43722819541551783,-0.1078489619050793,-0.08164965809277262,-0.02628331757568856,1.314694501813003,0.3569132790969616,0.7193507070675969,1.4901650347259718,1.0995215669388303,-0.10527759661556799,-0.46614046865831754,0.6943564944863445,-0.2152448841992999,0.47727879986094546,-0.8083776024991449,1.2627243089856761,-0.713630248295923,-1.3237156490444075,-0.5698269946701712,0.8767141894867974,-0.7924010217609605,-0.44366661006795666,-0.1850583025494013,-0.34426518632954817,-0.3813771739533777,-0.3004208840630549,-0.32250493633782445,-0.2501851166488378,-0.48650923597732115,2.0564748896506013,0.1706095966208874,-0.798997378805129,-0.03562583172405988,-0.43502175163138596,-0.5732277470320264,0.879354897564527,-0.11585688927269844,-0.1423736993628749,-0.1850583025494013,0.6140122602203768,0.1467645826931329,-0.7114743284423424,1.4312721809358673,-0.3325250781121237,-0.7955793462767262,-0.7803142062310864,-0.4401646196306631,-0.29601761901900703,-0.23402132579539733,-0.3675377647656944,2.3130725251030033,0.7787599111994228,-0.21754104369139726,-0.07862458899192228,0.6572897117074531,0.1685909200616754,-0.44543540318737407,-0.36513981808175977,-0.30708344176251406,0.7231757553106417,0.8197400711471061,-0.6616851109870963,0.6995374463304165,1.4303624081446562,0.23162148157929438,-0.7160421888467345,0.8729754927846599,0.11762670733820522,1.3178094169555254,0.24590507631404773,0.7487827279031398,-0.39498307471953714,-0.6922725817415895,-0.2948745963484151,0.9334111795052631,0.27386902910373334,-0.7697082274100714,0.3146075206397724,0.17952916886521192,0.01222299974259427,-0.3718064290406803,-1.6619204604216091,0.3995122807956569,-0.10983780389073187,-0.41396633210742717,-0.18505830254940134,-0.20509449742850697,-0.0816496580927726,-0.5293123406455822,-0.1649572197684645,-0.6548947442298997,-0.4139663321074272,-0.4557837944376053,-0.11585688927269844,-0.11585688927269847,-0.3184399010871054,-0.21286501985332265,-0.5828678671740337,-0.11585688927269844,-0.11585688927269844,-0.24473874221703176,-0.2034190510862431,-0.08164965809277261,-0.2794722107346492,-0.4025033049430488,-0.1423736993628749,-0.603234650793541,-0.08164965809277261,-0.0816496580927726,-0.14237369936287486,-0.2103806732152868,-0.18505830254940134,-0.280305955290694,-0.5578275643047641,-0.45651777194825466,-0.25629956685409805,-0.3813771739533776,-0.11585688927269844,-0.16495721976846447,-0.14237369936287486,-0.08164965809277261,-0.0816496580927726,-0.11585688927269844,-0.14129301269094297
3.122,compound_45,45,COP(=S)(OC)Oc1ccc([N+](=O)[O-])c(C(F)(F)F)c1,-0.1289832932199417,1.650113218524457,-0.9321406209203175,1.4258838878641584,-0.39103591146369876,1.7963454387970201,-0.11203502352923145,0.587744621133099,-0.07537939523901475,0.23534632755745152,0.2325009446747229,1.4824343544436247,-0.039113856852870776,0.8304645010618225,-0.08164965809277261,-0.43722819541551783,-0.1078489619050793,-0.08164965809277262,3.2140493607211957,-0.6852588296910893,0.80534553041841,-0.06104644894784317,0.8268907762169418,0.8063313490117208,-0.10527825868536614,1.029504929516553,0.7792457223664946,1.5114352801186572,0.23588339553929807,2.0574655948723066,1.504060898808176,2.7584310387677746,-1.378292829154826,-0.34856921555648723,0.762818908081381,-0.7924010217609605,0.00295777740045296,-0.1850583025494013,-0.34426518632954817,-0.3813771739533777,-0.3004208840630549,-0.32250493633782445,-0.2501851166488378,-0.48650923597732115,-0.408030732073532,0.6757478140670439,-0.798997378805129,1.501374336942523,-0.43502175163138596,-0.5732277470320264,0.47204634071715407,-0.11585688927269844,-0.1423736993628749,-0.1850583025494013,1.5427186545128033,1.2853337603123087,-0.7114743284423424,-0.46965587898313627,-0.3325250781121237,2.077084670580624,-0.7803142062310864,-0.4401646196306631,2.3573119108916716,-0.23402132579539733,-0.9083432985070807,-0.30461351335365483,0.7173371002646705,-0.317886053750057,1.1778331666545914,1.2568814225788045,0.18645149509067988,-0.44543540318737407,-0.36513981808175977,-0.30708344176251406,-0.26966407273190296,0.9999212618985698,-0.6616851109870963,0.6995374463304165,-0.10449689235825325,0.23162148157929438,1.0701237406318476,0.8729754927846599,0.24993540177393825,2.6446037816544186,-0.6663308010709861,-0.27433893070530924,-0.39498307471953714,-0.6922725817415895,-0.2948745963484151,0.68765803269331,0.22220332150572503,-0.8369426970364382,-0.015385959170975013,0.13038187876157972,-0.24715324307461595,-0.6908194069571301,0.13182721597989397,-2.6205256476989374,-0.10983780389073187,-0.41396633210742717,-0.18505830254940134,-0.20509449742850697,-0.0816496580927726,-0.5293123406455822,-0.1649572197684645,-0.6548947442298997,-0.4139663321074272,-0.4557837944376053,-0.11585688927269844,-0.11585688927269847,3.0362874289700748,-0.21286501985332265,-0.5828678671740337,-0.11585688927269844,-0.11585688927269844,-0.24473874221703176,-0.2034190510862431,-0.08164965809277261,-0.2794722107346492,-0.4025033049430488,-0.1423736993628749,1.7525006665295113,-0.08164965809277261,-0.0816496580927726,-0.14237369936287486,-0.2103806732152868,-0.18505830254940134,-0.280305955290694,-0.5578275643047641,-0.45651777194825466,-0.25629956685409805,-0.3813771739533776,-0.11585688927269844,-0.16495721976846447,-0.14237369936287486,-0.08164965809277261,-0.0816496580927726,-0.11585688927269844,-0.028641680759234466
3.612,compound_39,39,O=[N+]([O-])c1cc(C2CCCCC2)c(O)c([N+](=O)[O-])c1,0.6944962042276855,0.7425785281835715,-1.1952376315051254,0.9163475785738793,-0.1989098732212496,-0.7910036930488252,-0.23763710049123296,-0.7587757674257514,-2.204080145017171,-0.5442895246380035,0.47338809086272277,-0.09509906010638311,0.46233732643997066,0.4435785872987313,-0.08164965809277261,-0.43722819541551783,-0.1078489619050793,-0.08164965809277262,0.06462300819753596,-0.1518872562244126,0.11135501911778707,-0.5444503553055846,1.7388928816668585,-0.3195190878283785,-0.1052774605286829,-0.4066493230502294,-0.08127137996233097,-0.0660665065725606,1.210425221812587,0.05390748922883985,1.6216531188744705,0.3310558978780594,-0.5749671521568015,-1.2418130647530194,0.5540136388863846,0.17253893215762853,0.44958216486886254,5.403702434442518,-0.34426518632954817,2.360906314949481,-0.3004208840630549,-0.32250493633782445,-0.2501851166488378,-0.48650923597732115,-0.408030732073532,0.1706095966208874,0.49829944054513414,-0.03562583172405988,-0.43502175163138596,1.0005429766377183,0.0647377838697811,8.631338250816034,-0.1423736993628749,5.403702434442518,-0.19458354883651188,-1.029882139131166,1.5076178110181495,-0.46965587898313627,-0.025081379573785204,0.4714287434486923,0.7498726337854658,-0.4401646196306631,-0.29601761901900703,-0.23402132579539733,0.6006616568062632,0.368002047227579,0.3486118294596958,-0.19007838162024807,-0.42680644320156896,0.42576045288954645,-0.8239507967026044,1.4763001934210112,-0.36513981808175977,-0.30708344176251406,1.9109691544956815,-0.8079066623809701,-0.3617741669094872,0.6995374463304165,3.023176818978048,-1.090194889000231,0.055230039504731064,0.8729754927846599,0.003541306536093114,-0.7071681405616813,0.680252572121473,1.624508898592895,-0.8565849484774555,-0.6922725817415895,-0.2948745963484151,0.575317399917867,-0.671200784935944,0.2182163135594346,-0.28742752221803414,-1.4524680919579456,0.36002862600669716,-3.4617307187844606,0.7257259661536316,0.3995122807956569,-0.10983780389073187,-0.41396633210742717,-0.18505830254940134,-0.20509449742850697,-0.0816496580927726,-0.5293123406455822,-0.1649572197684645,0.4817616509277422,-0.4139663321074272,-0.4557837944376053,-0.11585688927269844,-0.11585688927269847,-0.3184399010871054,-0.21286501985332265,-0.5828678671740337,-0.11585688927269844,-0.11585688927269844,-0.24473874221703176,-0.2034190510862431,-0.08164965809277261,-0.2794722107346492,-0.4025033049430488,-0.1423736993628749,-0.603234650793541,-0.08164965809277261,-0.0816496580927726,-0.14237369936287486,-0.2103806732152868,-0.18505830254940134,-0.280305955290694,1.1611920726344063,1.146602776056082,-0.25629956685409805,2.3609063149494802,-0.11585688927269844,-0.16495721976846447,-0.14237369936287486,-0.08164965809277261,-0.0816496580927726,-0.11585688927269844,1.7277071360606844
4.037,compound_85,85,COP(=O)(OC)Oc1ccc([N+](=O)[O-])c(C)c1,-0.1289832932199417,0.472708638039235,-0.5649674098971238,1.3050985549460041,0.36585171797101546,1.184307470657808,-0.06412340742826858,0.48150782508597034,0.15238741679273188,0.23534632755745152,-0.22535209148512664,0.3318313764147171,0.01900163405179075,-0.258739288373157,-0.08164965809277261,-0.43722819541551783,-0.1078489619050793,-0.08164965809277262,1.3795092836619935,-0.368033381246287,0.057352742721114396,0.01310893691787787,0.8268907762169418,0.5600515659529499,-0.10527825868536614,-0.3291076908603825,0.34613665958719614,0.8565248742994237,1.5504406316679358,4.082332781817324,1.2106209813515967,2.328897221053829,-1.436895754046096,-0.11762243435017691,0.08154021642771092,-0.7924010217609605,0.44958216486886254,-0.1850583025494013,-0.34426518632954817,-0.3813771739533777,-0.3004208840630549,-0.32250493633782445,-0.2501851166488378,-0.48650923597732115,-0.408030732073532,0.6757478140670439,-0.798997378805129,0.34862421044258585,-0.43502175163138596,-0.5732277470320264,0.47204634071715407,-0.11585688927269844,-0.1423736993628749,-0.1850583025494013,-0.31469413407205044,0.1467645826931329,-0.7114743284423424,-0.46965587898313627,-0.3325250781121237,0.9471228476289753,0.588473722025098,1.060711256659503,-0.29601761901900703,-0.23402132579539733,-0.9083432985070807,0.39846967488460744,0.5674026832714456,-0.317886053750057,-0.14666216771215604,0.9242118489246337,-0.6558942437484938,-0.44543540318737407,-0.36513981808175977,-0.30708344176251406,-0.22301697567202783,0.9999212618985698,-0.6616851109870963,0.6995374463304165,0.43254086640114553,0.23162148157929438,-0.7160421888467345,0.8729754927846599,0.24993540177393825,0.9807727676882316,0.24590507631404773,-0.09375859227898589,-0.39498307471953714,-0.6922725817415895,-0.2948745963484151,0.5830935572765669,-0.671200784935944,-0.7854419355018849,0.33717905776818113,0.18599078961820312,0.06110852807600312,0.3424214259965502,0.32499486295701746,-5.173151314591632,-0.10983780389073187,-0.41396633210742717,-0.18505830254940134,-0.20509449742850697,-0.0816496580927726,-0.5293123406455822,-0.1649572197684645,-0.6548947442298997,-0.4139663321074272,-0.4557837944376053,-0.11585688927269844,-0.11585688927269847,-0.3184399010871054,-0.21286501985332265,-0.5828678671740337,-0.11585688927269844,-0.11585688927269844,-0.24473874221703176,-0.2034190510862431,-0.08164965809277261,-0.2794722107346492,-0.4025033049430488,-0.1423736993628749,-0.603234650793541,-0.08164965809277261,-0.0816496580927726,-0.14237369936287486,-0.2103806732152868,-0.18505830254940134,-0.280305955290694,-0.5578275643047641,-0.45651777194825466,-0.25629956685409805,-0.3813771739533776,8.631338250816034,-0.16495721976846447,-0.14237369936287486,-0.08164965809277261,-0.0816496580927726,-0.11585688927269844,-0.09381342644639366
3.85,compound_171,171,CC(=O)Oc1c(C(C)(C)C)cc([N+](=O)[O-])c(C)c1[N+](=O)[O-],0.4663262144818754,1.3251328614279494,-1.1969533432708988,1.0257310154162504,-0.959801705895151,-0.6190652968835982,-0.25593825858621067,-0.7585431643275964,-2.1166125770489943,2.185721023326194,0.8316793209852875,0.1485577795085263,0.704186708134373,1.05037717157316,-0.08164965809277261,-0.43722819541551783,-0.1078489619050793,-0.08164965809277262,0.006830447740405579,0.05493388334678309,0.4322705566682891,-0.4812603021869261,1.5284308573322618,-0.7065301754921622,-0.10527596109970781,-0.16404882831913115,0.3950262269903167,0.5370462409940774,0.17166147286845232,0.12778123691519794,2.1002413808030242,0.42055632124643194,-0.7419874302378715,-0.2897047975676986,0.3710165032004138,-0.7924010217609605,0.8962065523372722,-0.1850583025494013,-0.34426518632954817,-0.3813771739533777,-0.3004208840630549,-0.32250493633782445,-0.2501851166488378,-0.48650923597732115,-0.408030732073532,0.6757478140670439,-0.798997378805129,0.34862421044258585,-0.43502175163138596,-0.5732277470320264,-0.34257077297759186,-0.11585688927269844,-0.1423736993628749,-0.1850583025494013,-0.2709423522500662,0.10868703848800981,-0.7114743284423424,1.2139485361263138,-0.3325250781121237,1.8012413717102598,1.4752341962837487,-0.4401646196306631,-0.29601761901900703,-0.23402132579539733,0.7140733027170785,-0.2859335783377174,1.2164288653347806,-0.8814438197291135,-0.29436679558596296,1.0575674319149662,-0.35414525482902454,-0.44543540318737407,-0.36513981808175977,-0.30708344176251406,2.0432524100893747,-0.8079066623809701,-0.3970519304611479,0.6995374463304165,0.6593184895246695,0.2938928536832671,0.055230039504731064,0.8729754927846599,-0.05028189388967367,0.5588025069513889,1.592488449506507,1.5948553719710385,-1.3181868222353739,-0.6922725817415895,-0.2948745963484151,0.852342861114471,-0.671200784935944,1.461515565058137,-2.1986989340594674,-0.9938187693779335,0.8446901352676093,0.3424214259965502,-1.7320914776503598,0.3995122807956569,-0.10983780389073187,-0.41396633210742717,-0.18505830254940134,-0.20509449742850697,-0.0816496580927726,0.9787284789295669,-0.1649572197684645,0.4817616509277422,-0.4139663321074272,-0.4557837944376053,-0.11585688927269844,-0.11585688927269847,-0.3184399010871054,-0.21286501985332265,-0.5828678671740337,-0.11585688927269844,-0.11585688927269844,-0.24473874221703176,-0.2034190510862431,-0.08164965809277261,1.9415964114196682,1.1169466712169605,-0.1423736993628749,-0.603234650793541,-0.08164965809277261,-0.0816496580927726,-0.14237369936287486,-0.2103806732152868,-0.18505830254940134,-0.280305955290694,1.1611920726344063,1.146602776056082,-0.25629956685409805,-0.3813771739533776,-0.11585688927269844,-0.16495721976846447,-0.14237369936287486,-0.08164965809277261,-0.0816496580927726,-0.11585688927269844,-0.912683165696937
1.86,compound_139,139,CCOc1cc(Oc2ccc(C(F)(F)F)cc2Cl)ccc1[N+](=O)[O-],0.8262618028884466,0.9708825382235117,-0.4113702755560097,0.5370548404438306,-0.05332683290243815,-0.029539188195619546,-0.07202468198782766,0.8467422632149076,0.17535774834752457,-1.3308076868921386,1.0900956782023998,0.560723235661341,0.8512326807111557,0.8304645010618239,-0.08164965809277261,-0.43722819541551783,-0.1078489619050793,-0.08164965809277262,0.006830447740405579,0.7865408056126172,1.1266159912016145,-0.4812603021869261,0.09728909185700886,-0.6713473493409099,-0.10527577597295618,1.180510118834002,0.9098297982780467,1.4347899277222043,1.024067821885834,1.9305233974767837,0.8276557297304629,2.6046364802671387,-1.2022098255170257,-1.0710019238157502,2.368246319180881,-0.7924010217609605,-0.44366661006795666,-0.1850583025494013,-0.34426518632954817,-0.3813771739533777,-0.3004208840630549,1.9964591297103413,-0.2501851166488378,1.6741641355690164,-0.408030732073532,-0.33452862082526913,-0.798997378805129,0.7328742526092316,-0.43502175163138596,1.0005429766377183,0.47204634071715407,-0.11585688927269844,-0.1423736993628749,-0.1850583025494013,0.701515823864345,1.3234113045174318,-0.7114743284423424,1.2139485361263138,-1.5542631231630102,1.8473543106980144,-0.7803142062310864,-0.4401646196306631,2.3573119108916716,-0.23402132579539733,0.007294656942094409,1.6385134283262968,-0.3892024756258782,1.1532528907974702,1.1960747242000858,1.1565015066297188,-0.35853310959605517,-0.44543540318737407,-0.36513981808175977,-0.30708344176251406,0.20343229275943167,0.03449151708642146,1.0433926032536882,3.6231958786149874,-0.2683437250650002,1.6779805963667653,1.0701237406318476,4.168457978046751,-0.4589884796411379,0.05868635327530716,-0.6663308010709861,0.14693172938575327,0.989822546554218,0.49361744361734783,-0.2948745963484151,0.9672004542400487,0.45015578023988717,-0.761807707748381,0.19415082678722412,-0.7116527607182576,-1.5704591644424812,-0.6346074704308905,-0.12714662685843445,0.3995122807956569,-0.10983780389073187,-0.41396633210742717,-0.18505830254940134,-0.20509449742850697,-0.0816496580927726,-0.5293123406455822,-0.1649572197684645,-0.6548947442298997,-0.4139663321074272,-0.4557837944376053,-0.11585688927269844,-0.11585688927269847,3.0362874289700748,-0.21286501985332265,-0.5828678671740337,-0.11585688927269844,-0.11585688927269844,-0.24473874221703176,-0.2034190510862431,-0.08164965809277261,-0.2794722107346492,2.6363966473769698,-0.1423736993628749,2.5377457723038623,-0.08164965809277261,-0.0816496580927726,-0.14237369936287486,-0.2103806732152868,-0.18505830254940134,-0.280305955290694,-0.5578275643047641,-0.45651777194825466,-0.25629956685409805,-0.3813771739533776,-0.11585688927269844,-0.16495721976846447,-0.14237369936287486,-0.08164965809277261,-0.0816496580927726,-0.11585688927269844,0.47055276092758364
3.34,compound_148,148,CN(C)P1(=S)OCc2cc([N+](=O)[O-])ccc2O1,-0.22925401845954882,0.9357530126831898,-1.9974243174519533,1.8875932589722906,-1.0371400889401836,1.8086125826621042,-0.054850311480429466,0.5876189763081366,0.09232994032067839,-1.3428951618729117,0.090995877129458,1.575611063124289,-0.03316324443019358,-0.8364936638409942,-0.08164965809277261,0.5603550799376674,-0.1078489619050793,-0.08164965809277262,-0.7291796181945297,1.1349522311067193,0.19612648646387,1.072471592142456,0.8268907762169418,1.0526111320704927,-0.1052782657106456,-0.23255821376241592,-0.3004186688268086,-0.4161380395403381,0.33728099222833346,0.005233947731048257,-1.0689498091930785,0.27208633551896905,-0.8819324335087638,-0.4415080480662705,-0.2423139544444981,-0.7924010217609605,0.00295777740045296,-0.1850583025494013,2.904737509655563,2.360906314949481,-0.3004208840630549,-0.32250493633782445,-0.2501851166488378,-0.48650923597732115,2.0564748896506013,0.1706095966208874,-0.798997378805129,0.34862421044258585,1.8300915068630719,1.0005429766377183,-0.7498793298249649,-0.11585688927269844,-0.1423736993628749,-0.1850583025494013,0.6140122602203768,0.1467645826931329,-0.7114743284423424,-0.46965587898313627,-0.3325250781121237,0.6841817037366692,-0.7803142062310864,1.0953536387032365,-0.29601761901900703,-0.23402132579539733,-0.9083432985070807,1.7184849257654402,0.29152804771196444,-0.21754104369139726,-0.38444778831572846,0.14992693738795018,0.18045360016424397,-0.44543540318737407,1.124668881402892,-0.30708344176251406,-0.2432410503252944,0.9839631660879887,-0.6616851109870963,0.6995374463304165,2.328968739771625,0.23162148157929438,-0.7160421888467345,0.8729754927846599,0.6786861571784832,2.131116660624372,-0.6663308010709861,-0.15395203842109387,-0.39498307471953714,-0.6922725817415895,-0.2948745963484151,0.23981630095835757,0.2958497166416288,-0.7731566300081629,0.5029220404912814,0.3574770600483117,0.38160483916017046,0.3424214259965502,-1.0215152995412957,0.3995122807956569,-0.10983780389073187,-0.41396633210742717,-0.18505830254940134,-0.20509449742850697,-0.0816496580927726,-0.5293123406455822,-0.1649572197684645,0.4817616509277422,-0.4139663321074272,-0.4557837944376053,-0.11585688927269844,-0.11585688927269847,-0.3184399010871054,-0.21286501985332265,-0.5828678671740337,-0.11585688927269844,-0.11585688927269844,2.0649831374562058,-0.2034190510862431,-0.08164965809277261,-0.2794722107346492,-0.4025033049430488,-0.1423736993628749,-0.603234650793541,-0.08164965809277261,-0.0816496580927726,-0.14237369936287486,-0.2103806732152868,-0.18505830254940134,-0.280305955290694,-0.5578275643047641,-0.45651777194825466,-0.25629956685409805,-0.3813771739533776,-0.11585688927269844,-0.16495721976846447,-0.14237369936287486,-0.08164965809277261,-0.0816496580927726,-0.11585688927269844,-0.019300343905215202
3.66,compound_141,141,O=[N+]([O-])c1cc([N+](=O)[O-])c(Nc2cc(C(F)(F)F)ccc2Cl)c(C(F)(F)F)c1,0.6373082972217728,1.7548880097391184,-0.7742199546173973,1.0722194895142119,-0.6137203287228654,-0.016139365338395686,-0.22068771853588726,0.8467422840924953,-0.4959556466370514,-0.7434319368433926,1.8893660311252942,1.1042690213744497,0.927423284829806,3.7774949171043666,-0.08164965809277261,-0.43722819541551783,-0.1078489619050793,-0.08164965809277262,-0.7291796181945297,-0.10440584285968693,1.853364608081109,-1.6818713114414483,-0.2153973442972486,-1.386731481083054,-0.10527669369543026,3.585662050611977,1.1425870804066642,1.959737175976447,0.1644678059118085,1.9771677238781542,0.11906135574949853,1.0413969759684625,-1.5499681605841285,0.5236616712745991,2.7634436637188466,0.17253893215762853,0.44958216486886254,-0.1850583025494013,-0.34426518632954817,-0.3813771739533777,-0.3004208840630549,1.9964591297103413,-0.2501851166488378,1.6741641355690164,-0.408030732073532,0.1706095966208874,0.49829944054513414,2.6541244634424603,-0.43502175163138596,1.0005429766377183,0.0647377838697811,-0.11585688927269844,-0.1423736993628749,-0.1850583025494013,-0.1533180287421498,0.134050488525099,-0.16655716868615175,-0.46965587898313627,0.8892129669387627,1.9562717882219187,0.7498726337854658,-0.4401646196306631,5.01064144080235,-0.23402132579539733,0.007294656942094409,0.31540836336718986,-1.1036304770124312,2.229987694166784,2.863019779551711,1.2903505051566342,0.9843194310580647,-0.44543540318737407,-0.36513981808175977,-0.30708344176251406,0.15678519569955654,-0.12594490511789447,1.753072983970631,-0.762291769811869,-0.8397423433280258,0.46130610435821595,5.170106355164826,-0.7747657498463855,-0.6132496063484922,0.8245408471122956,0.680252572121473,-0.2708076068195373,0.5282206727963001,0.8269663730505972,-0.2948745963484151,0.8675725927326999,0.43363888967206443,0.13739567078646803,-2.139118396614472,0.7042066539008773,-1.8237337401910327,-1.7762607493486686,0.7257259661536316,0.3995122807956569,-0.10983780389073187,-0.41396633210742717,-0.18505830254940134,-0.20509449742850697,-0.0816496580927726,-0.5293123406455822,-0.1649572197684645,0.4817616509277422,1.9011787104192954,-0.4557837944376053,-0.11585688927269844,-0.11585688927269847,6.391014759027255,-0.21286501985332265,2.617606603490661,-0.11585688927269844,-0.11585688927269844,-0.24473874221703176,-0.2034190510862431,-0.08164965809277261,-0.2794722107346492,-0.4025033049430488,-0.1423736993628749,4.893481089626914,-0.08164965809277261,-0.0816496580927726,-0.14237369936287486,-0.2103806732152868,-0.18505830254940134,-0.280305955290694,1.1611920726344063,1.146602776056082,-0.25629956685409805,-0.3813771739533776,-0.11585688927269844,-0.16495721976846447,-0.14237369936287486,-0.08164965809277261,-0.0816496580927726,-0.11585688927269844,-0.8957006581619594
2.65,compound_187,187,COP(=S)(OC)Oc1cc(Cl)c([N+](=O)[O-])c(Cl)c1,-0.2778237681487498,0.33478064793613627,-0.8877748691201182,1.4527447473318222,0.3874471024627913,1.796353028458379,-0.04859668948956318,0.8468397306836346,0.8737482722405768,-0.18004258048167412,-0.10764670723053826,1.723973643290103,-0.29176207512973434,-0.8364936638409942,-0.08164965809277261,-0.43722819541551783,-0.1078489619050793,-0.08164965809277262,0.6766129830431528,2.2585783873991554,0.8046469365093195,-0.08105663243541847,0.37088972349198374,1.7328124376613858,-0.10527831998313207,0.9016690437385851,0.5365280691689405,-0.5605464411130068,0.23467897483436492,1.2368501604373934,0.12455305272901791,1.764229023779052,-0.8352758486080951,-0.34746526972520303,1.0001350782793266,-0.7924010217609605,0.00295777740045296,-0.1850583025494013,-0.34426518632954817,-0.3813771739533777,-0.3004208840630549,-0.32250493633782445,-0.2501851166488378,-0.48650923597732115,-0.408030732073532,0.6757478140670439,-0.798997378805129,1.1171242947758773,-0.43502175163138596,-0.5732277470320264,0.47204634071715407,-0.11585688927269844,-0.1423736993628749,-0.1850583025494013,1.5427186545128033,2.2025443410117638,-0.7114743284423424,-0.46965587898313627,-1.5542631231630102,1.9681671930567197,-0.7803142062310864,-0.4401646196306631,-0.29601761901900703,-0.23402132579539733,0.9229326123912696,-1.5446572667953442,1.1424481829758668,-0.44572531295023765,1.4399963190586265,0.1803867608782664,2.012521896406525,-0.44543540318737407,-0.36513981808175977,-0.30708344176251406,-0.6961133411633624,0.9999212618985698,-0.7766295204818161,0.6995374463304165,-0.22416933389406377,0.23162148157929438,-0.7160421888467345,0.8729754927846599,0.24993540177393825,1.8787492878174303,-0.6663308010709861,-0.5788374853016195,-0.8565849484774555,1.6795074689762852,-0.2948745963484151,-0.17484313226864417,2.480554145715475,-0.7770290183201212,0.8038374804372542,0.3638425489284199,0.9121156303860664,0.3424214259965502,0.17744615769980776,-2.42974470967763,-0.10983780389073187,-0.41396633210742717,-0.18505830254940134,-0.20509449742850697,-0.0816496580927726,-0.5293123406455822,-0.1649572197684645,-0.6548947442298997,-0.4139663321074272,-0.4557837944376053,-0.11585688927269844,-0.11585688927269847,-0.3184399010871054,-0.21286501985332265,-0.5828678671740337,-0.11585688927269844,-0.11585688927269844,-0.24473874221703176,-0.2034190510862431,-0.08164965809277261,-0.2794722107346492,-0.4025033049430488,-0.1423736993628749,0.9672555607551606,-0.08164965809277261,-0.0816496580927726,-0.14237369936287486,-0.2103806732152868,-0.18505830254940134,-0.280305955290694,-0.5578275643047641,-0.45651777194825466,-0.25629956685409805,-0.3813771739533776,-0.11585688927269844,-0.16495721976846447,-0.14237369936287486,-0.08164965809277261,-0.0816496580927726,-0.11585688927269844,-0.055594714886178516
1.503,compound_7,7,O=C1c2cc([N+](=O)[O-])ccc2-c2c1cc([N+](=O)[O-])cc2[N+](=O)[O-],1.457477565920764,1.4583408145253067,0.38818769681740073,1.08245987281519,0.2625433009566172,-0.11687141912333673,-0.21694111960075424,-0.7585862234167395,-0.8693759756732393,-1.6915429510138729,1.4904578462305496,0.5965617493866667,0.7138934568777348,2.3304494227128854,-0.08164965809277261,-0.43722819541551783,-0.1078489619050793,-0.08164965809277262,-0.7291796181945297,-1.108226094284159,0.6345035661572543,-2.4648784913900497,-0.9971134346828908,-2.0903880041081178,-0.1052780740191448,1.703541793744567,-0.5218749616775076,1.030985841971448,-1.4628448453570009,-0.5747318807209513,-0.16814993317294322,-0.43056093514641686,1.0850541434787495,1.2084481558164974,0.03183566300291997,-0.7924010217609605,1.7894553272740914,5.403702434442518,-0.34426518632954817,2.360906314949481,-0.3004208840630549,1.9964591297103413,-0.2501851166488378,1.6741641355690164,-0.408030732073532,1.1808860315132004,-0.798997378805129,1.1171242947758773,-0.43502175163138596,2.574313700307463,-0.34257077297759186,-0.11585688927269844,-0.1423736993628749,-0.1850583025494013,-1.2434005283644773,-1.029882139131166,1.5206375052545034,-0.46965587898313627,2.1109510119896497,-0.7955793462767262,3.0054210363003,-0.4401646196306631,-0.29601761901900703,-0.23402132579539733,-0.9083432985070807,-0.9246353900744995,0.9208325023974194,1.1714525906111377,0.595576447884764,-0.044828558542003884,0.0788286485560452,-0.44543540318737407,-0.36513981808175977,-0.30708344176251406,-0.6961133411633624,-0.8079066623809701,2.1280950145714295,2.066753954060618,-0.8660075233974759,-1.090194889000231,0.8265022678561967,-0.7747657498463855,0.3964902287183621,-0.7071681405616813,2.0268359453139326,-0.06026745409411332,0.5282206727963001,-0.6922725817415895,2.9944427997047884,-0.7837381246336041,-0.671200784935944,2.504907410652522,-0.7259398838961377,0.21628768758134773,-0.5057573746371217,0.3424214259965502,0.7257259661536316,0.3995122807956569,-0.10983780389073187,-0.41396633210742717,-0.18505830254940134,-0.20509449742850697,-0.0816496580927726,0.9787284789295669,-0.1649572197684645,1.618418046085384,-0.4139663321074272,-0.4557837944376053,-0.11585688927269844,-0.11585688927269847,-0.3184399010871054,-0.21286501985332265,-0.5828678671740337,-0.11585688927269844,-0.11585688927269844,6.68442689680268,-0.2034190510862431,-0.08164965809277261,-0.2794722107346492,-0.4025033049430488,-0.1423736993628749,-0.603234650793541,-0.08164965809277261,-0.0816496580927726,-0.14237369936287486,3.7605545337232513,-0.18505830254940134,-0.280305955290694,2.880211709573577,2.7497233240604184,-0.25629956685409805,-0.3813771739533776,-0.11585688927269844,-0.16495721976846447,-0.14237369936287486,-0.08164965809277261,-0.0816496580927726,-0.11585688927269844,0.5467978003385233
1.84,compound_133,133,O=C1C(=NNc2cc([N+](=O)[O-])ccc2O)C(S(=O)(=O)O)=Cc2cc(S(=O)(=O)O)cc(Nc3nc(Cl)nc(Cl)n3)c21,2.089300451573176,1.3973251031243095,-1.0666378044416902,0.3052022927097493,-1.692962805485145,1.6257774764080908,-0.05272089665714541,0.8468412344545518,-1.5534657732546242,-2.366325488227601,3.8730745071892736,4.286823536297491,2.298016371891138,1.9010245693578782,-0.08164965809277261,0.6969279014047862,-0.1078489619050793,-0.08164965809277262,4.596010009606212,1.3363691513338753,4.012830865450541,-1.5017796600532698,-0.9971134346828908,-2.7705893096990106,-0.09558289300578011,4.983371178346735,2.222886042488975,2.3891378615326646,1.2582858264288788,-0.34489438996118654,-1.4748207492754513,-0.15210541646529244,-1.472499715770623,-1.2856810543454344,0.07550843043517984,4.032298747831985,4.915826039552958,5.403702434442518,-0.34426518632954817,2.360906314949481,-0.3004208840630549,1.9964591297103413,2.6558112382722783,3.8348375071153544,-0.408030732073532,5.72712998852861,5.687486717946187,5.34387475860898,1.8300915068630719,4.148084423977208,2.508589124954019,-0.11585688927269844,-0.1423736993628749,-0.1850583025494013,0.8954989507858157,2.3145411829380875,2.5828524176007104,6.898175489218224,4.321977157089547,-0.7955793462767262,2.143109206704874,-0.4401646196306631,7.135208886762489,-0.23402132579539733,-0.9083432985070807,3.8880756355822834,-0.6785193943012349,0.8044293710621102,4.14827182569847,1.8356154167385395,4.891569048554196,5.319771386637781,4.40435454169836,2.4065622615068305,-0.3580993444537288,0.5700165412841198,1.777773349083864,0.6995374463304165,-0.3430386046813117,2.044657170502187,1.633162598394809,0.8729754927846599,4.480382605197256,1.8021059504876262,-0.6663308010709861,-7.400795200565318e-05,1.6666396001473829,2.4694321484890076,2.34040718688271,1.2382135225691107,1.5902810176334012,1.3842178816028974,-1.1880885423166356,-0.805338818993239,-1.6496036368653435,0.3424214259965502,0.7257259661536316,-4.4950659298102424,-0.10983780389073187,-0.41396633210742717,-0.18505830254940134,5.601643461016097,-0.0816496580927726,0.9787284789295669,-0.1649572197684645,3.8917308364006677,4.216323752946018,-0.4557837944376053,-0.11585688927269844,-0.11585688927269847,-0.3184399010871054,2.465686479967654,4.217843838823008,-0.11585688927269844,-0.11585688927269844,2.0649831374562058,-0.2034190510862431,-0.08164965809277261,-0.2794722107346492,-0.4025033049430488,-0.1423736993628749,0.9672555607551606,12.24744871391589,-0.0816496580927726,-0.14237369936287486,3.7605545337232513,5.403702434442519,-0.280305955290694,-0.5578275643047641,-0.45651777194825466,-0.25629956685409805,2.3609063149494802,-0.11585688927269844,-0.16495721976846447,-0.14237369936287486,-0.08164965809277261,-0.0816496580927726,-0.11585688927269844,-3.178850860023764
3.67,compound_166,166,CCC(C)c1cc([N+](=O)[O-])cc([N+](=O)[O-])c1OC(C)=O,0.4464284281587394,0.7351388438718528,-0.5517989721098241,0.6801237543346885,-0.3669819930563372,-0.6400873516943887,-0.23546354830924468,-0.7585628807438529,-1.32498507832984,1.5564805460261841,0.37176501240175847,-0.16420808664121123,0.49607910861395565,1.05037717157316,-0.08164965809277261,-0.43722819541551783,-0.1078489619050793,-0.08164965809277262,0.006830447740405579,-0.1565497489497518,0.28239534033134767,0.2991368538285139,1.2828918289419002,-0.7065301754921622,-0.1052774941890957,-0.1472734937347679,0.3591072555973641,0.3510683864793238,0.17195393396340639,0.07283784878901414,1.7903689276103298,0.35399063786640295,-0.6539734457600582,-0.2899728610485612,0.2948610849723086,-0.7924010217609605,0.8962065523372722,-0.1850583025494013,-0.34426518632954817,-0.3813771739533777,-0.3004208840630549,-0.32250493633782445,-0.2501851166488378,-0.48650923597732115,2.0564748896506013,0.6757478140670439,-0.798997378805129,0.34862421044258585,-0.43502175163138596,-0.5732277470320264,0.47204634071715407,-0.11585688927269844,-0.1423736993628749,-0.1850583025494013,-0.2709423522500662,-1.029882139131166,-0.7114743284423424,1.2139485361263138,-0.3325250781121237,1.8012413717102598,1.4752341962837487,-0.4401646196306631,-0.29601761901900703,-0.23402132579539733,0.1732677689756921,-0.2859335783377179,0.9271119466594232,-0.19007838162024807,0.006513826484587671,0.8546223221871663,-0.35414525482902454,-0.44543540318737407,-0.36513981808175977,-0.30708344176251406,1.5701560445980405,-0.8079066623809701,-0.3617741669094872,0.6995374463304165,0.7846131263004178,0.2938928536832671,0.055230039504731064,0.8729754927846599,-0.05028189388967367,-0.11265059288818507,0.680252572121473,1.4679491838489054,-0.8565849484774555,-0.6922725817415895,-0.2948745963484151,0.550663915068447,-0.671200784935944,1.398293479480247,-0.4156130338510734,-2.460398481187655,0.2477435042960108,-0.44973387871978127,-0.6834939021671324,0.3995122807956569,-0.10983780389073187,-0.41396633210742717,-0.18505830254940134,-0.20509449742850697,-0.0816496580927726,0.9787284789295669,-0.1649572197684645,0.4817616509277422,-0.4139663321074272,-0.4557837944376053,-0.11585688927269844,-0.11585688927269847,-0.3184399010871054,-0.21286501985332265,-0.5828678671740337,-0.11585688927269844,-0.11585688927269844,-0.24473874221703176,-0.2034190510862431,-0.08164965809277261,1.9415964114196682,1.1169466712169605,-0.1423736993628749,-0.603234650793541,-0.08164965809277261,-0.0816496580927726,-0.14237369936287486,-0.2103806732152868,-0.18505830254940134,-0.280305955290694,1.1611920726344063,1.146602776056082,-0.25629956685409805,-0.3813771739533776,-0.11585688927269844,-0.16495721976846447,-0.14237369936287486,-0.08164965809277261,-0.0816496580927726,-0.11585688927269844,-1.0143971447559081
1.89,compound_174,174,CCCN(CCC)c1c([N+](=O)[O-])cc(C)cc1[N+](=O)[O-],0.6610927275573534,0.8510617774473094,-1.2746370970257674,0.5651027174330919,-1.5771078075172347,-0.6119802586326937,-0.1978133238117106,-0.75880249469163,-0.3132647889527556,1.9307411860189398,0.31563715822064436,-0.20237797307537947,0.8990793574448461,0.4435785872987313,-0.08164965809277261,-0.43722819541551783,-0.1078489619050793,-0.08164965809277262,-0.7291796181945297,0.37215933179158517,0.2722619349881178,-0.961504705888735,1.9493549060014543,-0.3195190878283785,-0.10527284962733133,-0.5849194612807452,0.46392349340167643,0.3876496924258599,-0.5629769393176036,-0.2875386602615405,0.8291177431186834,-0.08261710361409247,-0.847469359775382,0.3836487983247379,0.703588747269478,-0.7924010217609605,0.44958216486886254,-0.1850583025494013,-0.34426518632954817,-0.3813771739533777,-0.3004208840630549,-0.32250493633782445,-0.2501851166488378,-0.48650923597732115,-0.408030732073532,0.1706095966208874,-0.798997378805129,-0.03562583172405988,-0.43502175163138596,-0.5732277470320264,1.2866634544119,-0.11585688927269844,-0.1423736993628749,-0.1850583025494013,-0.23746953005144317,-1.029882139131166,1.483639716399485,-0.46965587898313627,0.8892129669387627,-0.7955793462767262,0.7498726337854658,-0.4401646196306631,-0.29601761901900703,-0.23402132579539733,0.1732677689756921,1.03717148662139,1.8751092059165964,-0.7536045605289325,-0.2505229126903488,0.6564082324656386,-0.376333283151231,-0.44543540318737407,-0.36513981808175977,-0.30708344176251406,1.603226858496464,1.4902477043708307,-0.3617741669094872,-0.762291769811869,1.2038682570500354,0.3415343091783027,0.8265022678561967,-0.7747657498463855,0.61219357613622,-0.7071681405616813,1.592488449506507,1.489065298482785,-0.8565849484774555,-0.6922725817415895,-0.2948745963484151,1.23999150345785,-0.671200784935944,0.15719708226899007,-1.0279526086143849,0.7042066539008773,0.21775587208677538,-1.298747674159867,-1.786183835599292,0.3995122807956569,-0.10983780389073187,-0.41396633210742717,-0.18505830254940134,-0.20509449742850697,-0.0816496580927726,-0.5293123406455822,-0.1649572197684645,1.618418046085384,-0.4139663321074272,-0.4557837944376053,-0.11585688927269844,-0.11585688927269847,-0.3184399010871054,-0.21286501985332265,1.0173693681583134,-0.11585688927269844,-0.11585688927269844,-0.24473874221703176,-0.2034190510862431,-0.08164965809277261,-0.2794722107346492,-0.4025033049430488,-0.1423736993628749,-0.603234650793541,-0.08164965809277261,-0.0816496580927726,-0.14237369936287486,-0.2103806732152868,-0.18505830254940134,-0.280305955290694,1.1611920726344063,1.146602776056082,-0.25629956685409805,-0.3813771739533776,-0.11585688927269844,-0.16495721976846447,-0.14237369936287486,-0.08164965809277261,-0.0816496580927726,-0.11585688927269844,0.8208605958539769
3.176,compound_53,53,COC(=O)C1=C(C)NC(C)=C(C(=O)OCCN(C)Cc2ccccc2)C1c1cccc([N+](=O)[O-])c1,2.1772339399643235,1.5852176087710501,-1.8318585661000186,0.6673601745758709,-2.0280089761949838,-0.3646474180169791,-0.05436316492076035,-0.7592520300130342,-2.41034931659747,-1.632623681648261,2.947078072772174,1.5871399468962057,3.453349928366373,0.5505872674429673,-0.08164965809277261,-0.43722819541551783,-0.1078489619050793,-0.08164965809277262,0.7428405136753408,1.3270049050160533,2.390286866970864,-0.961504705888735,0.686582759993878,-2.4304886569035635,0.4057918215563404,0.8567660850683552,2.3243968171273077,2.6858396435222818,0.7554615185454863,0.4141504949691487,0.15079927298091175,0.7675018958006293,-0.9834447245593585,-0.8248032262886313,0.9013357421448348,0.17253893215762853,1.3428309398056817,-0.1850583025494013,2.904737509655563,2.360906314949481,-0.3004208840630549,1.9964591297103413,-0.2501851166488378,1.6741641355690164,2.0564748896506013,1.6860242489593569,0.49829944054513414,0.7328742526092316,1.8300915068630719,2.574313700307463,2.1012805681066458,-0.11585688927269844,-0.1423736993628749,-0.1850583025494013,1.791598323486673,0.31242460070267414,-0.16655716868615175,-0.46965587898313627,-0.3325250781121237,1.8640459102464086,-0.03901091833963935,2.7124877723726026,-0.29601761901900703,-0.23402132579539733,2.430065118967482,1.7190580647068416,2.387416493637224,2.5668763254727875,1.2450685795069774,2.7208729491046157,-0.33195722650681814,-0.44543540318737407,2.8916436572118287,-0.30708344176251406,1.1056168913898499,2.668759525022772,4.078545745421606,-0.762291769811869,1.7263881983291152,0.46130610435821595,-0.7160421888467345,-0.7747657498463855,3.0634265732629666,2.462202702844318,-0.6663308010709861,1.9742276544091093,4.096560978909064,-0.3589236523083401,-0.2948745963484151,3.121039935746394,-0.671200784935944,2.0043592390307423,-2.61753215220015,-3.0373028230421233,-3.6388741453724096,0.3424214259965502,-2.445217081732722,-1.3459922849429775,-0.10983780389073187,-0.41396633210742717,-0.18505830254940134,-0.20509449742850697,-0.0816496580927726,2.486769298504716,-0.1649572197684645,0.4817616509277422,1.9011787104192954,-0.4557837944376053,8.631338250816034,-0.11585688927269847,-0.3184399010871054,5.144237979788631,-0.5828678671740337,-0.11585688927269844,-0.11585688927269844,-0.24473874221703176,4.915960401250874,-0.08164965809277261,4.162665033573985,2.6363966473769698,-0.1423736993628749,-0.603234650793541,-0.08164965809277261,-0.0816496580927726,-0.14237369936287486,-0.2103806732152868,-0.18505830254940134,3.567530340063379,-0.5578275643047641,-0.45651777194825466,-0.25629956685409805,-0.3813771739533776,-0.11585688927269844,-0.16495721976846447,-0.14237369936287486,-0.08164965809277261,-0.0816496580927726,-0.11585688927269844,-1.2374521540536763
4.96,compound_142,142,CN(c1ccc(Cl)cc1Cl)c1c([N+](=O)[O-])cc([N+](=O)[O-])cc1C(F)(F)F,0.7166284715078107,1.8425501839316076,-1.3528289629455554,1.2285792802787008,-1.0603226001394173,0.016251550338981385,-0.2220955433326427,0.8468396651187099,-0.543916744179757,-0.4825006980310007,1.5810670415103747,1.1310383004477296,0.9224860700221972,2.110536752201549,-0.08164965809277261,-0.43722819541551783,-0.1078489619050793,-0.08164965809277262,-0.7291796181945297,0.9988177689329345,1.6393817379041478,-1.1277431533239777,-0.2153973442972486,-0.8003510452288367,-0.1052766520464257,2.451075592336625,0.7220543736582636,2.183769980677856,0.16455847813051055,1.9773054466263857,-0.5668523927405785,0.7904778843577474,-1.526794677685526,0.6486406185501311,2.482372324640657,-0.7924010217609605,0.44958216486886254,-0.1850583025494013,-0.34426518632954817,-0.3813771739533777,-0.3004208840630549,1.9964591297103413,-0.2501851166488378,1.6741641355690164,-0.408030732073532,0.1706095966208874,-0.798997378805129,1.8856243791091687,-0.43502175163138596,1.0005429766377183,0.0647377838697811,-0.11585688927269844,-0.1423736993628749,-0.1850583025494013,-0.23746953005144317,0.134050488525099,-0.7114743284423424,-0.46965587898313627,0.8892129669387627,0.5803462209725962,0.7498726337854658,-0.4401646196306631,2.3573119108916716,-0.23402132579539733,0.9229326123912696,0.31540836336718986,0.02983158605383658,1.7111308071583295,2.088926272544424,0.515232235799369,1.8973546317159875,-0.44543540318737407,-0.36513981808175977,-0.30708344176251406,-0.26966407273190296,0.7173443554811083,1.713239660999101,-0.762291769811869,-0.6622063036869882,0.3415343091783027,3.383940425686244,-0.7747657498463855,0.044643586095020664,0.05868635327530716,0.680252572121473,-0.3345323768474169,0.5282206727963001,1.6795074689762852,-0.2948745963484151,0.43708270872538113,1.5934392035009457,0.13281398017044616,-1.4212973158218163,0.7042066539008773,-1.1087428665107277,-0.7382264610803535,0.2664505699375427,0.3995122807956569,-0.10983780389073187,-0.41396633210742717,-0.18505830254940134,-0.20509449742850697,-0.0816496580927726,-0.5293123406455822,-0.1649572197684645,1.618418046085384,-0.4139663321074272,-0.4557837944376053,-0.11585688927269844,-0.11585688927269847,3.0362874289700748,-0.21286501985332265,2.617606603490661,-0.11585688927269844,-0.11585688927269844,-0.24473874221703176,-0.2034190510862431,-0.08164965809277261,-0.2794722107346492,-0.4025033049430488,-0.1423736993628749,3.3229908780782127,-0.08164965809277261,-0.0816496580927726,-0.14237369936287486,-0.2103806732152868,-0.18505830254940134,-0.280305955290694,1.1611920726344063,1.146602776056082,-0.25629956685409805,-0.3813771739533776,-0.11585688927269844,-0.16495721976846447,-0.14237369936287486,-0.08164965809277261,-0.0816496580927726,-0.11585688927269844,0.1191310263388205
3.94,compound_186,186,COc1ccc([N+](=O)[O-])cc1CNCCCl,0.13249710020473518,-0.7978119625621702,-0.12201887596785371,-0.6510615251230935,-0.860393911520412,-0.17657415336668864,-0.054517446291242014,0.8467398051274397,-0.030920535925188918,0.5829066409353583,-0.3993022488413398,-0.5703599041386326,0.0981277908992971,-0.8364936638409942,-0.08164965809277261,-0.43722819541551783,-0.1078489619050793,-0.08164965809277262,0.006830447740405579,0.6357868701781855,-0.12420818267225217,1.4697325878516732,1.1916916183969086,0.6773276531237928,-0.10527824370684082,-0.6410450529274263,0.41274936584298627,-0.3346946231078105,1.1418782973229775,-0.8567868115240098,-0.1585968091889084,-0.77227956335502,-0.2736451513472086,-1.1789844441325716,-0.5373935396802066,0.17253893215762853,-0.44366661006795666,-0.1850583025494013,-0.34426518632954817,-0.3813771739533777,-0.3004208840630549,-0.32250493633782445,-0.2501851166488378,-0.48650923597732115,-0.408030732073532,-0.33452862082526913,0.49829944054513414,-0.4198758738907056,-0.43502175163138596,-0.5732277470320264,0.879354897564527,-0.11585688927269844,-0.1423736993628749,-0.1850583025494013,0.8191401473722616,0.4357003047802801,-0.7114743284423424,-0.46965587898313627,-0.3325250781121237,-0.7955793462767262,-0.7803142062310864,-0.4401646196306631,-0.29601761901900703,3.6574998218094454,-0.9083432985070807,-0.9246353900744995,1.616008806179648,-0.045032492590987065,-0.0631910633145644,0.036812062484729395,-0.35853310959605517,-0.44543540318737407,1.328629174805808,-0.30708344176251406,-0.247530577287307,1.6794685322366705,-0.6616851109870963,0.6995374463304165,0.7195562956668565,1.8453938470417144,-0.7160421888467345,0.8729754927846599,0.748933170469001,0.0984355994468685,-0.6663308010709861,-0.09375859227898589,-0.39498307471953714,-0.3589236523083401,-0.2948745963484151,0.40594425089206604,0.3556531541189295,-0.7788922248039932,0.32838821886309155,-1.0223704696902236,0.10818589927184367,0.3424214259965502,-0.1355425834329749,-1.0681864838687372,-0.10983780389073187,-0.41396633210742717,-0.18505830254940134,-0.20509449742850697,-0.0816496580927726,-0.5293123406455822,-0.1649572197684645,-0.6548947442298997,1.9011787104192954,-0.4557837944376053,-0.11585688927269844,-0.11585688927269847,0.7998025422652879,-0.21286501985332265,-0.5828678671740337,-0.11585688927269844,-0.11585688927269844,-0.24473874221703176,-0.2034190510862431,-0.08164965809277261,-0.2794722107346492,1.1169466712169605,-0.1423736993628749,0.18201045498080975,-0.08164965809277261,-0.0816496580927726,-0.14237369936287486,-0.2103806732152868,-0.18505830254940134,3.567530340063379,-0.5578275643047641,-0.45651777194825466,-0.25629956685409805,-0.3813771739533776,-0.11585688927269844,-0.16495721976846447,-0.14237369936287486,-0.08164965809277261,-0.0816496580927726,-0.11585688927269844,-0.9737592320557266
4.59,compound_146,146,CP(=S)(Oc1ccccc1)Oc1ccc([N+](=O)[O-])cc1,0.8671923558766467,-0.3380743887638605,-0.98481199937638,1.0819660148759345,0.3384871313886265,1.8189577099401286,-0.053696208324265866,0.587510066605453,0.9602911759635715,-1.5156821832826766,0.3845784766610409,1.5973922007174255,0.6973996297313099,-0.8364936638409942,-0.08164965809277261,-0.43722819541551783,-0.1078489619050793,-0.08164965809277262,-0.7291796181945297,1.240694047254987,0.5704469503585353,-1.1415963572769134,-0.5761893860136988,-0.0028736524671002803,-0.10527744631659645,0.1249228648061092,0.8883166599502234,-0.46101205389645167,0.3782103605770846,-0.5752649700940548,0.012480812834542299,-0.43120679008244234,-0.9303729514998851,-0.4790230171967681,1.160158690266968,-0.7924010217609605,-0.44366661006795666,-0.1850583025494013,-0.34426518632954817,-0.3813771739533777,-0.3004208840630549,1.9964591297103413,-0.2501851166488378,1.6741641355690164,2.0564748896506013,0.1706095966208874,-0.798997378805129,-0.03562583172405988,-0.43502175163138596,1.0005429766377183,0.47204634071715407,-0.11585688927269844,-0.1423736993628749,-0.1850583025494013,0.6140122602203768,1.3234113045174318,-0.7114743284423424,-0.46965587898313627,1.0619860044912337,-0.7955793462767262,-0.7803142062310864,-0.4401646196306631,-0.29601761901900703,-0.23402132579539733,0.5224031661248748,2.146949902068167,0.07464308416255926,-0.317886053750057,0.26045959907359156,0.2513994922518506,0.1685909200616754,-0.44543540318737407,-0.36513981808175977,-0.30708344176251406,-0.6961133411633624,0.038857674352093065,1.5988286535195337,2.1613666624727017,0.23524433428367772,1.5534378521588204,-0.7160421888467345,2.5207167354157054,-0.4557823704734006,0.7568695460936209,-0.6663308010709861,-0.33806370073318875,2.3746281678279733,-0.6922725817415895,-0.2948745963484151,0.4193035072957636,0.3071394809196568,-0.7774993728192721,0.7487901391299822,-0.03247554087079119,-1.7197284029463187,0.3424214259965502,-0.2366092320483574,0.3995122807956569,-0.10983780389073187,-0.41396633210742717,-0.18505830254940134,-0.20509449742850697,-0.0816496580927726,-0.5293123406455822,-0.1649572197684645,-0.6548947442298997,-0.4139663321074272,-0.4557837944376053,-0.11585688927269844,-0.11585688927269847,-0.3184399010871054,-0.21286501985332265,-0.5828678671740337,-0.11585688927269844,-0.11585688927269844,-0.24473874221703176,-0.2034190510862431,-0.08164965809277261,-0.2794722107346492,-0.4025033049430488,-0.1423736993628749,-0.603234650793541,-0.08164965809277261,-0.0816496580927726,-0.14237369936287486,-0.2103806732152868,-0.18505830254940134,-0.280305955290694,-0.5578275643047641,-0.45651777194825466,3.261994487233975,-0.3813771739533776,-0.11585688927269844,-0.16495721976846447,-0.14237369936287486,-0.08164965809277261,-0.0816496580927726,-0.11585688927269844,0.03710860211596052
1.534,compound_18,18,O=[N+]([O-])c1ccc(/C=C/c2ccc([N+](=O)[O-])cc2S(=O)(=O)O)c(S(=O)(=O)O)c1,1.3103557767192873,0.11324845694973347,0.1305531514589203,-0.3620005057009412,0.024950281118525527,1.5726946064838938,-0.0592762769759868,0.5697182044856599,-0.27909298960040363,-0.5400927634647267,1.7265372444553009,2.4041289032995734,1.3883142819726773,2.5742982362231754,-0.08164965809277261,-0.43722819541551783,-0.1078489619050793,-0.08164965809277262,0.6863345971960998,-0.5701920280921426,1.8638717887053189,-2.196418886836244,-0.9971134346828908,-1.515735176970984,-0.1052646666558784,2.356927273695633,1.3684592443046988,0.6908210403271492,-1.3836817843378741,-0.3743289009409105,1.4323424822470348,-0.4898092997953608,-1.3680781980747925,1.2863320092636539,-0.3437501369145224,1.1374788860762175,2.6827041022109106,-0.1850583025494013,-0.34426518632954817,-0.3813771739533777,-0.3004208840630549,1.9964591297103413,-0.2501851166488378,1.6741641355690164,-0.408030732073532,2.69630068385167,1.7955962598953972,2.6541244634424603,-0.43502175163138596,1.0005429766377183,1.6939720112592729,-0.11585688927269844,-0.1423736993628749,-0.1850583025494013,-1.2434005283644773,0.9738547867994567,-0.7114743284423424,0.3685279987753121,5.236271503602096,-0.7955793462767262,2.128126274184397,-0.4401646196306631,3.0954900285539826,-0.23402132579539733,0.04701146622839246,0.8371351147421028,0.17170277112115798,0.01343099467215153,1.969786223222143,1.4608780102084442,1.7213534058453899,3.398035790029396,-0.36513981808175977,-0.30708344176251406,-0.020085347744095164,-0.8079066623809701,1.828184070493821,-0.762291769811869,-0.42151986068370284,-1.090194889000231,0.055230039504731064,-0.7747657498463855,1.833696145746435,1.8021059504876262,0.680252572121473,-0.09022726839321431,1.7377893640089523,-0.6922725817415895,4.129511028814894,0.9900473622558855,-0.671200784935944,-0.14925563309011378,-0.5022775239105476,0.7042066539008773,-3.144487204391574,0.3424214259965502,0.7257259661536316,-4.433407821109122,-0.10983780389073187,-0.41396633210742717,-0.18505830254940134,-0.20509449742850697,-0.0816496580927726,-0.5293123406455822,-0.1649572197684645,0.4817616509277422,-0.4139663321074272,-0.4557837944376053,-0.11585688927269844,-0.11585688927269847,-0.3184399010871054,-0.21286501985332265,-0.5828678671740337,-0.11585688927269844,-0.11585688927269844,-0.24473874221703176,-0.2034190510862431,-0.08164965809277261,-0.2794722107346492,-0.4025033049430488,-0.1423736993628749,-0.603234650793541,-0.08164965809277261,-0.0816496580927726,-0.14237369936287486,-0.2103806732152868,-0.18505830254940134,-0.280305955290694,1.1611920726344063,1.146602776056082,-0.25629956685409805,-0.3813771739533776,-0.11585688927269844,-0.16495721976846447,-0.14237369936287486,-0.08164965809277261,-0.0816496580927726,-0.11585688927269844,-1.5276651590693604
2.52,compound_178,178,CCCOCCOC(=O)C1=C(C)NC(C)=C(C(=O)OCCOCCC)C1c1cccc([N+](=O)[O-])c1,2.223246242032685,1.6069349960681523,-1.8415618899047157,0.6748880908064843,-2.0261216215831164,-0.36410374780722105,-0.05436453146633246,-0.7592262234961646,-2.4113523432011763,-0.4476426429764017,2.4001640868249217,1.2152097343941721,3.1777945456315906,0.5505872674429673,-0.08164965809277261,-0.43722819541551783,-0.1078489619050793,-0.08164965809277262,2.214860645545212,1.8557139857573914,2.508191224079481,-1.4760522812835302,1.8483331343208484,-1.5626456118393215,1.7635225537677235,0.6433990090013857,3.5457852066774875,2.5870501884300774,0.6830877753575566,0.4148562180347015,0.488801287228196,0.7683569020122537,-0.9607948855318725,-0.7584670268530838,0.9766506656034875,0.17253893215762853,1.7894553272740914,-0.1850583025494013,2.904737509655563,2.360906314949481,-0.3004208840630549,-0.32250493633782445,-0.2501851166488378,-0.48650923597732115,-0.408030732073532,2.1911624664055136,0.49829944054513414,1.1171242947758773,1.8300915068630719,1.0005429766377183,4.13782335234351,-0.11585688927269844,-0.1423736993628749,-0.1850583025494013,3.7365146757154952,1.654731340536514,-0.16655716868615175,-0.46965587898313627,-0.3325250781121237,1.8640459102464086,-0.7803142062310864,2.7124877723726026,-0.29601761901900703,-0.23402132579539733,1.1270987453969958,1.7402546748596526,2.685475032103721,3.389587598832305,1.7410955861492297,3.9295431619932812,-0.33195722650681814,-0.44543540318737407,1.328629174805808,-0.30708344176251406,2.483277961682286,4.2464824144233795,1.4435403078273026,-0.762291769811869,1.9453095966515752,0.46130610435821595,-0.7160421888467345,-0.7747657498463855,3.7598503403403116,2.8313309708862264,-0.6663308010709861,3.1923595444324544,1.7885516101194718,-0.3589236523083401,-0.2948745963484151,3.9008587427204606,-0.671200784935944,2.1641147233130122,-2.484118448716834,-3.3119851418645694,-1.2566898895002852,-1.245091377547092,-4.598589736348224,0.3995122807956569,-0.10983780389073187,-0.41396633210742717,-0.18505830254940134,-0.20509449742850697,-0.0816496580927726,2.486769298504716,-0.1649572197684645,-0.6548947442298997,1.9011787104192954,-0.4557837944376053,-0.11585688927269844,-0.11585688927269847,-0.3184399010871054,5.144237979788631,-0.5828678671740337,-0.11585688927269844,-0.11585688927269844,-0.24473874221703176,4.915960401250874,-0.08164965809277261,4.162665033573985,5.675296599696988,-0.1423736993628749,-0.603234650793541,-0.08164965809277261,-0.0816496580927726,-0.14237369936287486,-0.2103806732152868,-0.18505830254940134,-0.280305955290694,-0.5578275643047641,-0.45651777194825466,-0.25629956685409805,-0.3813771739533776,-0.11585688927269844,-0.16495721976846447,-0.14237369936287486,-0.08164965809277261,-0.0816496580927726,-0.11585688927269844,-2.5555111707840763
2.545,compound_86,86,CC(C)C(=O)Nc1ccc([N+](=O)[O-])c(C(F)(F)F)c1,0.276784225683593,1.5992053019271921,-0.36463409414574877,0.46572556609137944,-1.0236157806632296,-0.4436607057732406,-0.11156062061680813,-0.5222166240349273,-0.2763573684434266,0.5404662446493429,0.31562010010576086,-0.2023895734887105,0.28606739911718726,1.4372630853362518,-0.08164965809277261,-0.43722819541551783,-0.1078489619050793,-0.08164965809277262,-0.7291796181945297,-0.4706059695044948,0.21809571348857737,0.5929706008302783,0.9927093408441992,-0.2491534355258722,-0.10527818420928113,0.1290509281015594,0.6270700499523063,1.5428484772575137,0.2165725407096685,2.0563100165777244,0.28196163279451003,0.5266141540191328,-1.4380686561971394,0.7800670916424108,0.5142961409574226,0.17253893215762853,-0.44366661006795666,-0.1850583025494013,-0.34426518632954817,-0.3813771739533777,1.9677567906130091,-0.32250493633782445,-0.2501851166488378,-0.48650923597732115,-0.408030732073532,-0.8396668382714256,0.49829944054513414,0.34862421044258585,-0.43502175163138596,-0.5732277470320264,-0.34257077297759186,-0.11585688927269844,-0.1423736993628749,-0.1850583025494013,-0.1533180287421498,0.10868703848800981,-0.16655716868615175,1.2601177368580594,-0.3325250781121237,0.5803462209725962,-0.0549526437328043,-0.4401646196306631,2.3573119108916716,-0.23402132579539733,0.1732677689756921,-0.30461351335365483,0.3862414903725807,-1.0849216089511409,0.07803173340796579,0.8131584850654261,-0.3590347570934409,-0.44543540318737407,-0.36513981808175977,2.8281518570127284,0.6765286582507669,-0.12594490511789447,-0.6616851109870963,-0.762291769811869,0.13937111019211434,0.46130610435821595,1.841395968983313,-0.7747657498463855,-0.5204605339654889,0.6532039009488034,0.11836918666021778,0.3876220510504929,-0.39498307471953714,-0.3589236523083401,-0.2948745963484151,0.7514652838933601,-0.671200784935944,0.3974821344246395,-0.5075749602259019,-1.6963185101880551,-0.4129433194798545,-0.7099019698739787,-0.20490597664603422,0.3995122807956569,-0.10983780389073187,-0.41396633210742717,-0.18505830254940134,-0.20509449742850697,-0.0816496580927726,0.9787284789295669,-0.1649572197684645,-0.6548947442298997,1.9011787104192954,-0.4557837944376053,-0.11585688927269844,-0.11585688927269847,3.0362874289700748,-0.21286501985332265,1.0173693681583134,-0.11585688927269844,-0.11585688927269844,-0.24473874221703176,-0.2034190510862431,-0.08164965809277261,-0.2794722107346492,-0.4025033049430488,-0.1423736993628749,1.7525006665295113,-0.08164965809277261,-0.0816496580927726,-0.14237369936287486,-0.2103806732152868,-0.18505830254940134,-0.280305955290694,-0.5578275643047641,-0.45651777194825466,-0.25629956685409805,-0.3813771739533776,-0.11585688927269844,-0.16495721976846447,-0.14237369936287486,-0.08164965809277261,-0.0816496580927726,-0.11585688927269844,1.8435339121429133
1.56,compound_140,140,O=[N+]([O-])c1ccc(Oc2ccc(C(F)(F)F)cc2[N+](=O)[O-])cc1,0.5156172250138186,1.1696558382982398,-0.22646366988140906,0.4976014744966235,-0.15453985275405024,-0.8657481302335202,-0.07205166209666233,-0.5222167909860652,-0.0032134979214465667,-1.2670229944462321,0.9829228180894496,0.2514112948013807,0.6053438956382519,2.110536752201548,-0.08164965809277261,-0.43722819541551783,-0.1078489619050793,-0.08164965809277262,-0.7291796181945297,-0.5313356663665986,0.7737100271772704,-1.6818713114414483,-0.5761893860136988,-1.4805523508197307,-0.10527798229339777,1.59218355268234,0.6676738820407796,1.3621716820971221,0.5617777541373256,1.9343062940616345,0.8661916279063547,2.6092195812537082,-1.2785335647068012,-0.6472768989596043,1.4256561556759184,-0.7924010217609605,0.44958216486886254,-0.1850583025494013,-0.34426518632954817,-0.3813771739533777,-0.3004208840630549,1.9964591297103413,-0.2501851166488378,1.6741641355690164,-0.408030732073532,0.1706095966208874,-0.798997378805129,1.1171242947758773,-0.43502175163138596,1.0005429766377183,0.0647377838697811,-0.11585688927269844,-0.1423736993628749,-0.1850583025494013,-0.2709423522500662,0.1467645826931329,-0.7114743284423424,1.2139485361263138,-0.3325250781121237,1.8473543106980144,0.7498726337854658,-0.4401646196306631,2.3573119108916716,-0.23402132579539733,-0.9083432985070807,0.9354302400880345,-0.2534083115900384,0.4044486224804254,1.187640103726239,0.7644134002200522,-0.8239507967026044,-0.44543540318737407,-0.36513981808175977,-0.30708344176251406,-0.26966407273190296,-0.8079066623809701,1.863461834045482,2.1613666624727017,-0.7842936298480752,0.2938928536832671,1.8413959689833126,2.5207167354157054,-0.6132496063484922,0.05868635327530716,0.680252572121473,-0.39472582298952463,1.4514244203121363,-0.6922725817415895,-0.2948745963484151,0.30770375743265665,-0.671200784935944,0.17419359929720604,-0.2257512294294075,-0.2469122234029684,-2.1087603893027635,-0.658972713493225,0.7257259661536316,0.3995122807956569,-0.10983780389073187,-0.41396633210742717,-0.18505830254940134,-0.20509449742850697,-0.0816496580927726,-0.5293123406455822,-0.1649572197684645,0.4817616509277422,-0.4139663321074272,-0.4557837944376053,-0.11585688927269844,-0.11585688927269847,3.0362874289700748,-0.21286501985332265,-0.5828678671740337,-0.11585688927269844,-0.11585688927269844,-0.24473874221703176,-0.2034190510862431,-0.08164965809277261,-0.2794722107346492,1.1169466712169605,-0.1423736993628749,1.7525006665295113,-0.08164965809277261,-0.0816496580927726,-0.14237369936287486,-0.2103806732152868,-0.18505830254940134,-0.280305955290694,1.1611920726344063,1.146602776056082,-0.25629956685409805,-0.3813771739533776,-0.11585688927269844,-0.16495721976846447,-0.14237369936287486,-0.08164965809277261,-0.0816496580927726,-0.11585688927269844,1.2722839107792892
1.79,compound_168,168,CCCN(CCC)c1c([N+](=O)[O-])cc(C(C)C)cc1[N+](=O)[O-],1.0589874648039843,0.9526076838153941,-1.3181653845969505,0.7068670387712932,-1.584943224887154,-0.6084468329904765,-0.19845246693758117,-0.7588016258447648,-1.0558180882165167,2.3279635458462558,0.6605728896582909,0.03219642653692345,1.3152945564856822,0.4435785872987313,-0.08164965809277261,-0.43722819541551783,-0.1078489619050793,-0.08164965809277262,-0.7291796181945297,0.7951265963846547,0.5720123676620019,-0.8632728960406375,2.286094144936808,-0.3195190878283785,-0.10521688818615323,-0.5402451174838935,0.8073243477923931,0.6923098968136676,-0.5629770056830343,-0.2871397781205699,1.110760528110839,-0.0821338450600183,-0.9407847713884104,0.3836488591538487,1.3751440680608717,-0.7924010217609605,0.44958216486886254,-0.1850583025494013,-0.34426518632954817,-0.3813771739533777,-0.3004208840630549,-0.32250493633782445,-0.2501851166488378,-0.48650923597732115,-0.408030732073532,0.1706095966208874,-0.798997378805129,-0.03562583172405988,-0.43502175163138596,-0.5732277470320264,1.6939720112592729,-0.11585688927269844,-0.1423736993628749,-0.1850583025494013,-0.23746953005144317,-1.029882139131166,1.483639716399485,-0.46965587898313627,0.8892129669387627,-0.7955793462767262,0.7498726337854658,-0.4401646196306631,-0.29601761901900703,-0.23402132579539733,1.2548788364584649,0.9388763612754575,2.26086509748374,-0.7536045605289325,-0.15125305225920022,1.0622984519212415,-0.376333283151231,-0.44543540318737407,-0.36513981808175977,-0.30708344176251406,2.483277961682286,1.4902477043708307,-0.3617741669094872,-0.762291769811869,1.5574094174627222,0.3415343091783027,0.8265022678561967,-0.7747657498463855,0.61219357613622,-0.7071681405616813,0.680252572121473,2.5904250830113784,-0.8565849484774555,-0.6922725817415895,-0.2948745963484151,1.8644112090243583,-0.671200784935944,0.1806078699227932,-1.3115396314391226,-0.8672797788646588,-0.03336708960998824,-1.3478709718573416,-2.4045640964809376,0.3995122807956569,-0.10983780389073187,-0.41396633210742717,-0.18505830254940134,-0.20509449742850697,-0.0816496580927726,-0.5293123406455822,-0.1649572197684645,1.618418046085384,-0.4139663321074272,-0.4557837944376053,-0.11585688927269844,-0.11585688927269847,-0.3184399010871054,-0.21286501985332265,1.0173693681583134,-0.11585688927269844,-0.11585688927269844,-0.24473874221703176,-0.2034190510862431,-0.08164965809277261,-0.2794722107346492,-0.4025033049430488,-0.1423736993628749,-0.603234650793541,-0.08164965809277261,-0.0816496580927726,-0.14237369936287486,-0.2103806732152868,-0.18505830254940134,-0.280305955290694,1.1611920726344063,1.146602776056082,-0.25629956685409805,-0.3813771739533776,-0.11585688927269844,-0.16495721976846447,-0.14237369936287486,-0.08164965809277261,-0.0816496580927726,-0.11585688927269844,0.5117151139754978
4.99,compound_188,188,CCOP(=S)(OC)Oc1ccc([N+](=O)[O-])cc1,0.037908138323930085,0.01791370432859327,-0.9623995547213782,1.3762610580509873,0.2873872103664153,1.7964279650150485,-0.05370682114146269,0.5877446030958062,0.9603341676964138,-0.059045880460161355,-0.36142963065734335,1.0785303937282822,-0.017052375744365102,-0.8364936638409942,-0.08164965809277261,-0.43722819541551783,-0.1078489619050793,-0.08164965809277262,0.6766129830431528,0.891727237219932,0.22820316763663687,0.6487265300526244,0.8268907762169418,1.0526111320704927,-0.10527824566406696,-0.23255821376241592,0.8908724322866745,-0.559162261157494,0.2360160652813016,1.2418150008606679,0.7873271504042274,1.7702440877734507,-1.020256698430013,-0.34869081775746436,0.2447610045971877,-0.7924010217609605,0.00295777740045296,-0.1850583025494013,-0.34426518632954817,-0.3813771739533777,-0.3004208840630549,-0.32250493633782445,-0.2501851166488378,-0.48650923597732115,2.0564748896506013,0.6757478140670439,-0.798997378805129,0.34862421044258585,-0.43502175163138596,-0.5732277470320264,0.879354897564527,-0.11585688927269844,-0.1423736993628749,-0.1850583025494013,0.6140122602203768,0.1467645826931329,-0.7114743284423424,-0.46965587898313627,-0.3325250781121237,0.7011591033313017,-0.09592024210299421,-0.4401646196306631,-0.29601761901900703,-0.23402132579539733,-0.9083432985070807,0.39846967488460744,0.9366137831782069,0.2938159931093254,0.24558358864009847,0.586276980333869,0.18645149509067988,-0.44543540318737407,-0.36513981808175977,-0.30708344176251406,-0.22301697567202783,0.9384054792261913,-0.6264073474354356,0.6995374463304165,0.8407405880234906,0.23162148157929438,-0.7160421888467345,0.8729754927846599,0.20476380057278157,1.8787492878174303,-0.6663308010709861,-0.03717993292634164,0.06661879903838124,-0.6922725817415895,-0.2948745963484151,0.39710694604387525,0.254731002457287,-0.7916236318760268,0.7406533938744453,0.28646938205102557,-0.14495118056092723,0.3424214259965502,-0.6969212253536742,-1.0817912418003828,-0.10983780389073187,-0.41396633210742717,-0.18505830254940134,-0.20509449742850697,-0.0816496580927726,-0.5293123406455822,-0.1649572197684645,-0.6548947442298997,-0.4139663321074272,-0.4557837944376053,-0.11585688927269844,-0.11585688927269847,-0.3184399010871054,-0.21286501985332265,-0.5828678671740337,-0.11585688927269844,-0.11585688927269844,-0.24473874221703176,-0.2034190510862431,-0.08164965809277261,-0.2794722107346492,-0.4025033049430488,-0.1423736993628749,-0.603234650793541,-0.08164965809277261,-0.0816496580927726,-0.14237369936287486,-0.2103806732152868,-0.18505830254940134,-0.280305955290694,-0.5578275643047641,-0.45651777194825466,-0.25629956685409805,-0.3813771739533776,-0.11585688927269844,-0.16495721976846447,-0.14237369936287486,-0.08164965809277261,-0.0816496580927726,-0.11585688927269844,-0.16016123323201706
3.21,compound_136,136,CC1(C)NC(=O)N(c2ccc([N+](=O)[O-])c(C(F)(F)F)c2)C1=O,1.1445974915830268,2.3005152412490038,-0.8119083896458154,0.5958871914998757,-2.517777876031023,-0.12406304373108473,-0.1116005290714,-0.5222162906609458,-0.6420173273959673,-1.0398445551583373,1.1925797174000792,0.39398898913125385,0.631425975006109,2.04406166961068,-0.08164965809277261,-0.43722819541551783,-0.1078489619050793,-0.08164965809277262,-0.7291796181945297,-0.5763477856527622,0.6564207007267938,-0.04467448063982665,0.8268907762169418,-0.870716697531343,-0.10527775160935723,0.7778693197215497,-0.20106607011913752,1.7015494389064654,0.216577055963221,2.0563168748319627,-0.3283422462376893,0.468564582708097,-1.461346896770141,0.8089806919016722,-0.11170765938764306,0.17253893215762853,0.44958216486886254,-0.1850583025494013,2.904737509655563,2.360906314949481,6.504112139965138,-0.32250493633782445,-0.2501851166488378,-0.48650923597732115,-0.408030732073532,-0.33452862082526913,0.49829944054513414,1.1171242947758773,1.8300915068630719,1.0005429766377183,-0.7498793298249649,-0.11585688927269844,7.023769168568494,5.403702434442518,-0.1533180287421498,1.2422368823056582,-0.16655716868615175,-0.46965587898313627,0.9364279814729979,1.923928405852042,-0.0549526437328043,2.7471316805225734,2.3573119108916716,-0.23402132579539733,-0.9083432985070807,1.1015528631228697,-0.5249966396617178,-0.5545063546614319,0.06735668984906808,1.066609074957971,0.11563539041761003,-0.44543540318737407,1.328629174805808,-0.30708344176251406,1.058969794329975,-0.17859055875337118,-0.6616851109870963,-0.762291769811869,0.7228419941837042,1.89303530253675,2.491588025452834,-0.7747657498463855,0.5707148214899324,0.6532039009488034,-0.6663308010709861,0.3274286049083852,-0.39498307471953714,-0.3589236523083401,-0.2948745963484151,0.6564786885755269,-0.671200784935944,1.6401593541940684,-1.5042828966024024,-0.13573995607272818,-1.2500101887362352,-0.7173332094286133,-0.20658158293064202,0.3995122807956569,-0.10983780389073187,-0.41396633210742717,-0.18505830254940134,-0.20509449742850697,-0.0816496580927726,2.486769298504716,-0.1649572197684645,0.4817616509277422,1.9011787104192954,-0.4557837944376053,-0.11585688927269844,-0.11585688927269847,3.0362874289700748,-0.21286501985332265,1.0173693681583134,-0.11585688927269844,-0.11585688927269844,-0.24473874221703176,-0.2034190510862431,-0.08164965809277261,-0.2794722107346492,-0.4025033049430488,-0.1423736993628749,1.7525006665295113,-0.08164965809277261,-0.0816496580927726,7.023769168568492,-0.2103806732152868,-0.18505830254940134,-0.280305955290694,-0.5578275643047641,-0.45651777194825466,-0.25629956685409805,-0.3813771739533776,-0.11585688927269844,-0.16495721976846447,-0.14237369936287486,-0.08164965809277261,-0.0816496580927726,8.631338250816034,0.3919723732849966
2.05,compound_180,180,COCCOC(=O)C1=C(C)NC(C)=C(C(=O)OC/C=C/c2ccccc2)C1c1cccc([N+](=O)[O-])c1,2.30539335405493,1.6014410844226752,-1.8343014890801554,0.6770652856546506,-2.006314456081288,-0.3635091391465947,-0.054364109781623114,-0.7592406179214568,-2.4114651248645784,-1.5949701122355155,2.9444742435137887,1.5853692063514873,3.464865960081566,0.5505872674429673,-0.08164965809277261,-0.43722819541551783,-0.1078489619050793,-0.08164965809277262,1.478850579610276,1.2212630888677856,2.529130383774419,-1.081565806814187,0.4215565071280898,-2.7354064835477563,0.5534414538659121,1.104830015996675,2.549384309627736,2.6063330754914915,0.6830912854755286,0.41928489719346484,0.1436390951984348,0.7737223893752997,-0.8245763618810056,-0.7584702441508989,1.394096401097513,0.17253893215762853,1.3428309398056817,-0.1850583025494013,2.904737509655563,2.360906314949481,-0.3004208840630549,1.9964591297103413,-0.2501851166488378,1.6741641355690164,2.0564748896506013,1.6860242489593569,0.49829944054513414,0.7328742526092316,1.8300915068630719,2.574313700307463,2.508589124954019,-0.11585688927269844,-0.1423736993628749,-0.1850583025494013,2.764056499601084,1.654731340536514,-0.16655716868615175,-0.46965587898313627,-0.3325250781121237,1.8640459102464086,-0.7803142062310864,2.7124877723726026,-0.29601761901900703,-0.23402132579539733,2.9077425013352185,1.6242701276113547,1.2933289408102657,3.2892425887736447,1.722242954489625,2.9700541135252974,0.14436232978104527,-0.44543540318737407,1.328629174805808,-0.30708344176251406,0.6570341275137949,2.6232018381609743,4.524303928731904,-0.762291769811869,1.6150916803140274,0.46130610435821595,-0.7160421888467345,-0.7747657498463855,2.567860583515943,2.243964966860997,-0.6663308010709861,1.9140342082670017,4.558900282629334,-0.3589236523083401,1.494229245583769,3.0019974488338312,-0.671200784935944,2.155133637698877,-2.5116945763543,-3.0453707434485997,-4.575011271610923,0.3424214259965502,-1.824333470797055,-1.276566423987256,-0.10983780389073187,-0.41396633210742717,-0.18505830254940134,-0.20509449742850697,-0.0816496580927726,2.486769298504716,-0.1649572197684645,-0.6548947442298997,1.9011787104192954,-0.4557837944376053,-0.11585688927269844,-0.11585688927269847,-0.3184399010871054,5.144237979788631,-0.5828678671740337,-0.11585688927269844,-0.11585688927269844,-0.24473874221703176,4.915960401250874,-0.08164965809277261,4.162665033573985,4.155846623536979,-0.1423736993628749,-0.603234650793541,-0.08164965809277261,-0.0816496580927726,-0.14237369936287486,-0.2103806732152868,-0.18505830254940134,3.567530340063379,-0.5578275643047641,-0.45651777194825466,-0.25629956685409805,-0.3813771739533776,-0.11585688927269844,-0.16495721976846447,-0.14237369936287486,-0.08164965809277261,-0.0816496580927726,-0.11585688927269844,-2.145152062989542
4.54,compound_184,184,O=[N+]([O-])c1cc(Cl)cc(-c2cc(Cl)cc([N+](=O)[O-])c2O)c1O,0.6695485686633311,0.5187902949467738,-0.18748538097572132,1.1749425287771111,0.6811304795613391,-0.02928285258557602,-0.07545583358363436,0.8468352266531666,-0.951954063752564,-0.7184669588642099,1.0088098596481707,0.7418733847120552,0.32141436803890344,0.4435785872987313,-0.08164965809277261,-0.43722819541551783,-0.1078489619050793,-0.08164965809277262,0.8584256345896013,0.7966591220870788,0.9440517544817387,-2.009310677601772,-0.9971134346828908,-0.7886234365117532,-0.10527812964921333,1.7390966334420248,-0.015035765779908502,-0.22883309473307983,1.2075478910407764,-0.041654334426671706,0.01014390990935736,0.21527967231909195,1.18580445493611,-1.2391757659273217,1.074543585810139,1.1374788860762175,0.8962065523372722,-0.1850583025494013,-0.34426518632954817,-0.3813771739533777,-0.3004208840630549,1.9964591297103413,-0.2501851166488378,1.6741641355690164,-0.408030732073532,0.6757478140670439,1.7955962598953972,1.1171242947758773,-0.43502175163138596,1.0005429766377183,0.47204634071715407,-0.11585688927269844,-0.1423736993628749,-0.1850583025494013,0.8542334306914532,-1.029882139131166,-0.7114743284423424,2.8975529512357636,-0.939375726086333,1.7384368331741107,0.7498726337854658,-0.4401646196306631,-0.29601761901900703,-0.23402132579539733,0.9229326123912696,-0.30461351335365483,0.8110370866506643,-0.4979260421285713,1.319560191828832,-0.10930499127824708,1.002119604613241,3.398035790029396,-0.36513981808175977,-0.30708344176251406,-0.6961133411633624,-0.8079066623809701,0.8584230241687741,4.99041238634519,-0.9922926316101861,-1.090194889000231,0.055230039504731064,2.5207167354157054,0.6203322194206786,-0.7071681405616813,0.680252572121473,-0.8196112698700501,0.06661879903838124,1.6795074689762852,2.9944427997047884,-0.6615838928991077,1.6022760859421028,0.2638942237416037,0.05809783764153325,-0.060130534812653735,0.24132005596768513,0.3424214259965502,0.7257259661536316,0.3995122807956569,-0.10983780389073187,-0.41396633210742717,-0.18505830254940134,-0.20509449742850697,-0.0816496580927726,-0.5293123406455822,-0.1649572197684645,0.4817616509277422,-0.4139663321074272,-0.4557837944376053,-0.11585688927269844,-0.11585688927269847,-0.3184399010871054,-0.21286501985332265,-0.5828678671740337,-0.11585688927269844,-0.11585688927269844,-0.24473874221703176,-0.2034190510862431,-0.08164965809277261,-0.2794722107346492,-0.4025033049430488,-0.1423736993628749,0.9672555607551606,-0.08164965809277261,-0.0816496580927726,-0.14237369936287486,-0.2103806732152868,-0.18505830254940134,-0.280305955290694,1.1611920726344063,1.146602776056082,-0.25629956685409805,5.103189803852339,-0.11585688927269844,-0.16495721976846447,-0.14237369936287486,-0.08164965809277261,-0.0816496580927726,-0.11585688927269844,1.5055654821744262
2.092,compound_37,37,O=C(NC(CO)C(O)c1ccc([N+](=O)[O-])cc1)C(Cl)Cl,0.8679252784641973,0.4264080962071845,-1.2339171499936106,-0.8736532684748445,-2.7706629307644026,0.19249696111625325,-0.053796456865700316,0.8504430342602458,-0.8932217301882699,0.9255508594932608,0.2639606455152105,0.35635476202066024,0.2223970565827608,-0.22969507956656612,-0.08164965809277261,-0.43722819541551783,-0.1078489619050793,-0.08164965809277262,0.8584256345896013,1.434279246866744,0.709352978343549,0.6593201566048701,0.9927093408441992,0.5835067833871184,-0.10527776383530865,0.4014347123060442,1.0694276289381563,0.6068637231927488,-0.1399567192799483,-0.8677737534691291,0.2597325941166079,-0.7855905971986908,-0.5482678611929865,-0.004082337935838215,-1.380195549674852,2.1024188399948067,0.44958216486886254,-0.1850583025494013,-0.34426518632954817,-0.3813771739533777,1.9677567906130091,-0.32250493633782445,-0.2501851166488378,-0.48650923597732115,4.520980511374734,0.1706095966208874,3.09289307924566,0.7328742526092316,-0.43502175163138596,-0.5732277470320264,1.6939720112592729,-0.11585688927269844,-0.1423736993628749,-0.1850583025494013,1.944315930313781,0.214403199778595,1.6908152038557769,0.3685279987753121,0.9364279814729979,-0.7955793462767262,-0.0549526437328043,-0.4401646196306631,-0.29601761901900703,-0.23402132579539733,0.9229326123912696,0.266260800694224,-0.6785193943012349,0.8550548134961822,1.1064309282906393,0.4930389225795112,1.019418130671031,3.398035790029396,1.328629174805808,-0.30708344176251406,0.471472061372616,0.03449151708642146,-0.21663791079610198,-0.762291769811869,0.8568984936710414,0.46130610435821595,-0.7160421888467345,-0.7747657498463855,2.353104025674349,-0.11265059288818507,-0.6663308010709861,-0.00735009010980248,0.06661879903838124,-0.3589236523083401,-0.2948745963484151,0.22282844669579435,1.3947354055650616,0.10680439881736896,0.32023387812730786,-0.07404646540838962,-2.108299282985793,-0.3938974828459754,0.2539364512427951,0.3995122807956569,10.947167787776277,-0.41396633210742717,-0.18505830254940134,-0.20509449742850697,-0.0816496580927726,0.9787284789295669,-0.1649572197684645,-0.6548947442298997,1.9011787104192954,-0.4557837944376053,-0.11585688927269844,-0.11585688927269847,1.9180449856176813,-0.21286501985332265,-0.5828678671740337,-0.11585688927269844,-0.11585688927269844,-0.24473874221703176,-0.2034190510862431,-0.08164965809277261,-0.2794722107346492,-0.4025033049430488,-0.1423736993628749,0.9672555607551606,-0.08164965809277261,-0.0816496580927726,-0.14237369936287486,-0.2103806732152868,-0.18505830254940134,-0.280305955290694,-0.5578275643047641,-0.45651777194825466,-0.25629956685409805,-0.3813771739533776,-0.11585688927269844,-0.16495721976846447,-0.14237369936287486,-0.08164965809277261,-0.0816496580927726,-0.11585688927269844,-0.538009376834686
4.68,compound_179,179,CCCCCCCCCOC(=O)C1=CNC=C(C(=O)NC2CCCC2)C1c1ccccc1[N+](=O)[O-],2.876252520094017,1.515261976855607,-1.5329842552852675,0.6072458277580097,-2.3471633264531255,-0.3481469439994194,-0.06765430563041358,-0.7592493658005282,-2.272903621960561,-1.8897896323667354,2.6880721951591773,1.4110023574852661,3.70775958497305,0.5505872674429673,-0.08164965809277261,-0.43722819541551783,-0.1078489619050793,-0.08164965809277262,0.006830447740405579,2.176108662092254,2.4337843331534788,-0.7556856757308168,2.0428935834834974,-1.4688247421026466,12.061233948115913,0.35581809414025745,3.2087887487142637,2.759237224929808,0.7139465303748138,0.40799130095900804,0.11573629772068647,0.7600398339886857,-1.149861694906856,-0.7867514907620735,2.3221015083090597,1.1374788860762175,0.8962065523372722,5.403702434442518,2.904737509655563,5.10318980385234,1.9677567906130091,-0.32250493633782445,-0.2501851166488378,-0.48650923597732115,2.0564748896506013,0.6757478140670439,1.7955962598953972,0.34862421044258585,1.8300915068630719,2.574313700307463,3.7305147954961373,8.631338250816034,-0.1423736993628749,5.403702434442518,1.9092226469945892,-1.029882139131166,0.3783599910700389,1.2601177368580594,-0.3325250781121237,0.5342332819848411,-0.0549526437328043,1.1361615763709698,-0.29601761901900703,-0.23402132579539733,5.087221914035179,0.41714960990054456,3.479693876738399,1.3632535918932904,1.2184067670489627,3.1850409409796634,-0.33684672877123445,-0.44543540318737407,3.022398167693376,-0.30708344176251406,5.439730779522116,0.03449151708642146,1.514095834930624,-0.762291769811869,3.721464337758328,2.012807097716663,-0.7160421888467345,-0.7747657498463855,1.2286378475472917,1.06923295881054,-0.6663308010709861,4.928755177986064,1.8617316312518233,-0.025574722875090782,-0.2948745963484151,4.285001217083237,-0.671200784935944,2.216871400090578,-1.271558770755382,-3.201377671491533,-2.799757795671212,-10.139588038773606,-0.37577069003630964,0.3995122807956569,-0.10983780389073187,-0.41396633210742717,-0.18505830254940134,-0.20509449742850697,-0.0816496580927726,2.486769298504716,-0.1649572197684645,-0.6548947442298997,4.216323752946018,-0.4557837944376053,-0.11585688927269844,-0.11585688927269847,-0.3184399010871054,-0.21286501985332265,-0.5828678671740337,-0.11585688927269844,-0.11585688927269844,-0.24473874221703176,4.915960401250874,-0.08164965809277261,1.9415964114196682,1.1169466712169605,-0.1423736993628749,-0.603234650793541,-0.08164965809277261,-0.0816496580927726,-0.14237369936287486,-0.2103806732152868,-0.18505830254940134,-0.280305955290694,-0.5578275643047641,-0.45651777194825466,3.261994487233975,-0.3813771739533776,-0.11585688927269844,-0.16495721976846447,-0.14237369936287486,-0.08164965809277261,-0.0816496580927726,-0.11585688927269844,-2.654444279402113
2.117,compound_54,54,O=C(Nc1ccc([N+](=O)[O-])cc1Cl)c1cc(Cl)ccc1O,0.7806821119835894,-0.3714573481339072,-0.13851845575205027,-0.2439401018268504,-0.6022143881469214,-0.005267540295925585,-0.053170713833139656,0.8468352309203545,-0.014584201211099906,-1.4668787873853426,0.7381245641690064,0.5577931782160187,0.3787480757288915,-0.22969507956656612,-0.08164965809277261,0.6969279014047862,-0.1078489619050793,-0.08164965809277262,0.06462300819753596,1.0066494895483336,0.7518463283915627,-0.30974444372199417,-0.9971134346828908,-0.4719780011504741,-0.10527801898793167,1.003168446163974,0.4550955076475092,1.0716901751649779,1.2759904679806415,-0.4074430634994478,-1.440711019860352,-0.22788514794138054,0.9924600004636661,-1.3019087438524282,1.051059173134301,1.1374788860762175,0.00295777740045296,-0.1850583025494013,-0.34426518632954817,-0.3813771739533777,1.9677567906130091,1.9964591297103413,-0.2501851166488378,1.6741641355690164,-0.408030732073532,-0.33452862082526913,1.7955962598953972,0.34862421044258585,-0.43502175163138596,1.0005429766377183,0.0647377838697811,-0.11585688927269844,-0.1423736993628749,-0.1850583025494013,0.8954989507858157,0.1467645826931329,-0.16655716868615175,-0.46965587898313627,1.2438716800113363,-0.7955793462767262,-0.0549526437328043,-0.4401646196306631,-0.29601761901900703,-0.23402132579539733,0.9229326123912696,0.9354302400880345,-0.3251547584877712,0.8162875798274349,0.9742476533309549,-0.18956629161950103,1.4670356442224044,1.4763001934210112,-0.36513981808175977,-0.30708344176251406,-0.6961133411633624,-0.12594490511789447,1.4133287169214914,0.6995374463304165,-0.7863888578878033,0.46130610435821595,0.055230039504731064,0.8729754927846599,0.09633037891909649,-0.7071681405616813,-0.6663308010709861,-0.2443791164062082,0.989822546554218,2.012856398409534,-0.2948745963484151,-0.36522237892729725,1.6027261435586784,0.4943827900390994,0.32800646720146415,-0.160103948960929,-0.441677254367283,0.3424214259965502,0.7257259661536316,0.3995122807956569,-0.10983780389073187,-0.41396633210742717,-0.18505830254940134,-0.20509449742850697,-0.0816496580927726,0.9787284789295669,-0.1649572197684645,-0.6548947442298997,1.9011787104192954,-0.4557837944376053,-0.11585688927269844,-0.11585688927269847,-0.3184399010871054,-0.21286501985332265,1.0173693681583134,-0.11585688927269844,-0.11585688927269844,-0.24473874221703176,-0.2034190510862431,-0.08164965809277261,-0.2794722107346492,-0.4025033049430488,-0.1423736993628749,0.9672555607551606,-0.08164965809277261,-0.0816496580927726,-0.14237369936287486,-0.2103806732152868,-0.18505830254940134,-0.280305955290694,-0.5578275643047641,-0.45651777194825466,-0.25629956685409805,2.3609063149494802,-0.11585688927269844,-0.16495721976846447,-0.14237369936287486,-0.08164965809277261,-0.0816496580927726,-0.11585688927269844,1.6766467821928488
3.019,compound_82,82,COP(=S)(OC)Oc1ccc([N+](=O)[O-])c(Cl)c1,-0.2778237681487498,0.06218758036603362,-0.8617907603138222,1.3680527494146368,0.433710421048409,1.796346457341606,-0.051150418093477985,0.8467422853424196,0.9166848530664017,-0.18004258048167562,-0.2814779765037142,1.369330485966423,-0.25846102519725894,-0.8364936638409942,-0.08164965809277261,-0.43722819541551783,-0.1078489619050793,-0.08164965809277262,2.5111530601023544,0.55861718773011,0.44148744390450717,0.4368539990077086,0.37088972349198374,1.3927117848659392,-0.10527831998313207,0.32052749706294875,0.5946137982202272,-0.5923538285773486,0.23538613240880657,1.2368342113681865,0.24661382853545835,1.7642097009682967,-0.8496234434266747,-0.34811343498271513,0.46172401714273853,-0.7924010217609605,0.00295777740045296,-0.1850583025494013,-0.34426518632954817,-0.3813771739533777,-0.3004208840630549,-0.32250493633782445,-0.2501851166488378,-0.48650923597732115,-0.408030732073532,0.6757478140670439,-0.798997378805129,0.7328742526092316,-0.43502175163138596,-0.5732277470320264,0.47204634071715407,-0.11585688927269844,-0.1423736993628749,-0.1850583025494013,1.5427186545128033,1.1746544618524484,-0.7114743284423424,-0.46965587898313627,-0.3325250781121237,0.7011591033313017,-0.7803142062310864,-0.4401646196306631,-0.29601761901900703,-0.23402132579539733,0.007294656942094409,-0.9246353900744995,1.1424481829758668,-0.317886053750057,0.7532321317381666,0.2818593157421668,1.0994866957486022,-0.44543540318737407,-0.36513981808175977,-0.30708344176251406,-0.6961133411633624,0.9999212618985698,-0.7015184339586256,0.6995374463304165,-0.05219630302539055,0.23162148157929438,-0.7160421888467345,0.8729754927846599,0.24993540177393825,1.8787492878174303,-0.6663308010709861,-0.5186440391595117,-0.39498307471953714,0.49361744361734783,-0.2948745963484151,-0.03638499022818534,1.3568316783353578,-0.7861091553740438,0.7789985274887298,0.3434729845120742,0.4594452334378419,0.3424214259965502,0.17452571101639516,-2.441833798819574,-0.10983780389073187,-0.41396633210742717,-0.18505830254940134,-0.20509449742850697,-0.0816496580927726,-0.5293123406455822,-0.1649572197684645,-0.6548947442298997,-0.4139663321074272,-0.4557837944376053,-0.11585688927269844,-0.11585688927269847,-0.3184399010871054,-0.21286501985332265,-0.5828678671740337,-0.11585688927269844,-0.11585688927269844,-0.24473874221703176,-0.2034190510862431,-0.08164965809277261,-0.2794722107346492,-0.4025033049430488,-0.1423736993628749,0.18201045498080975,-0.08164965809277261,-0.0816496580927726,-0.14237369936287486,-0.2103806732152868,-0.18505830254940134,-0.280305955290694,-0.5578275643047641,-0.45651777194825466,-0.25629956685409805,-0.3813771739533776,-0.11585688927269844,-0.16495721976846447,-0.14237369936287486,-0.08164965809277261,-0.0816496580927726,-0.11585688927269844,0.016425065612725647
2.43,compound_173,173,CCC(CC)Nc1c([N+](=O)[O-])cc(C)c(C)c1[N+](=O)[O-],0.7931338200678978,0.8824305970298237,-0.8307837919589978,0.6316169443828248,-1.080855848512218,-0.5929699399436126,-0.19898978385068902,-0.7588020629061725,-0.8339493795913162,1.931015533172623,0.45489295809477365,-0.10767672101355924,0.892777003428484,0.4435785872987313,-0.08164965809277261,-0.43722819541551783,-0.1078489619050793,-0.08164965809277262,-0.7291796181945297,0.37532855968164464,0.2722619349881178,-0.06104644894784317,1.9493549060014543,-0.3195190878283785,-0.10527269267159585,-0.5849194612807452,0.19210387069474602,0.4682077839231616,-0.42826126335607057,-0.23688988353040283,0.9115087667880305,-0.021254480185633338,-0.8822178984892186,0.2601713387649391,0.9363893181178234,0.17253893215762853,0.44958216486886254,-0.1850583025494013,-0.34426518632954817,-0.3813771739533777,-0.3004208840630549,-0.32250493633782445,-0.2501851166488378,-0.48650923597732115,-0.408030732073532,0.1706095966208874,0.49829944054513414,-0.03562583172405988,-0.43502175163138596,-0.5732277470320264,0.879354897564527,-0.11585688927269844,-0.1423736993628749,-0.1850583025494013,-0.1533180287421498,-1.029882139131166,2.0285568761556756,-0.46965587898313627,-0.3325250781121237,0.4714287434486923,0.7498726337854658,-0.4401646196306631,-0.29601761901900703,-0.23402132579539733,0.1732677689756921,1.7402546748596526,1.2541922463986515,-0.7536045605289325,-0.3812752990311378,0.6594495047140685,-0.376333283151231,-0.44543540318737407,-0.36513981808175977,-0.30708344176251406,2.4918351739654305,-0.12594490511789447,-0.3970519304611479,-0.762291769811869,1.2038682570500354,0.46130610435821595,0.8265022678561967,-0.7747657498463855,-0.04569961630729252,-0.7071681405616813,2.504724326891541,1.6731769607948794,-1.3181868222353739,-0.3589236523083401,-0.2948745963484151,1.23811644349612,-0.671200784935944,0.27548693122015594,-1.5273615788547268,0.7042066539008773,-0.8757320323464403,-1.3350255747816682,-1.178131176893726,0.3995122807956569,-0.10983780389073187,-0.41396633210742717,-0.18505830254940134,-0.20509449742850697,-0.0816496580927726,-0.5293123406455822,-0.1649572197684645,0.4817616509277422,1.9011787104192954,-0.4557837944376053,-0.11585688927269844,-0.11585688927269847,-0.3184399010871054,-0.21286501985332265,1.0173693681583134,-0.11585688927269844,-0.11585688927269844,-0.24473874221703176,-0.2034190510862431,-0.08164965809277261,-0.2794722107346492,-0.4025033049430488,-0.1423736993628749,-0.603234650793541,-0.08164965809277261,-0.0816496580927726,-0.14237369936287486,-0.2103806732152868,-0.18505830254940134,-0.280305955290694,1.1611920726344063,1.146602776056082,-0.25629956685409805,-0.3813771739533776,-0.11585688927269844,-0.16495721976846447,-0.14237369936287486,-0.08164965809277261,-0.0816496580927726,-0.11585688927269844,1.4245166389260537
1.823,compound_75,75,COc1ccc([N+](=O)[O-])cc1,-0.8721388238990921,-1.4870397976807825,0.8416010086179936,-1.2478847932606658,1.1146955460625112,-1.0320670742990445,-0.05373589002694053,-0.7592692492926135,0.9397359641892093,-0.1813860799743627,-1.024694935114968,-1.113874137201065,-0.674379863986102,-0.8364936638409942,-0.08164965809277261,-0.43722819541551783,-0.1078489619050793,-0.08164965809277262,0.006830447740405579,-0.8967424619876242,-1.097511154681759,0.6102042516808222,-0.2153973442972486,0.3841374351966837,-0.10527834852157232,-1.089318421614402,-0.752532981819293,-0.8698279054939012,1.146170780539442,-0.8630140588928944,0.12397803853006731,-0.779824074001766,0.13157946841526338,-1.1829188409203921,-0.8079998948642523,-0.7924010217609605,-0.8902909975363662,-0.1850583025494013,-0.34426518632954817,-0.3813771739533777,-0.3004208840630549,-0.32250493633782445,-0.2501851166488378,-0.48650923597732115,-0.408030732073532,-0.8396668382714256,-0.798997378805129,-1.188375958223997,-0.43502175163138596,-0.5732277470320264,-0.7498793298249649,-0.11585688927269844,-0.1423736993628749,-0.1850583025494013,-0.2709423522500662,0.1467645826931329,-0.7114743284423424,-0.46965587898313627,-0.3325250781121237,-0.7955793462767262,-0.7803142062310864,-0.4401646196306631,-0.29601761901900703,-0.23402132579539733,-0.9083432985070807,-0.30461351335365483,-0.6785193943012349,0.08280676660919392,-1.0550506283776342,-0.5750645389471033,-1.2715683102539779,-0.44543540318737407,-0.36513981808175977,-0.30708344176251406,-0.6961133411633624,0.09600729975879994,-0.6264073474354356,0.6995374463304165,-0.19058219349963265,0.2938928536832671,-0.7160421888467345,0.8729754927846599,-0.4138168784399812,-0.7071681405616813,-0.6663308010709861,-0.6390309314437271,0.06661879903838124,-0.6922725817415895,-0.2948745963484151,-0.49958186208368743,-0.671200784935944,-0.8141160384522356,0.7876364199073922,0.39716941959849617,0.2233610938861685,0.3424214259965502,0.7257259661536316,-0.8937555515714541,-0.10983780389073187,-0.41396633210742717,-0.18505830254940134,-0.20509449742850697,-0.0816496580927726,-0.5293123406455822,-0.1649572197684645,-0.6548947442298997,-0.4139663321074272,-0.4557837944376053,-0.11585688927269844,-0.11585688927269847,-0.3184399010871054,-0.21286501985332265,-0.5828678671740337,-0.11585688927269844,-0.11585688927269844,-0.24473874221703176,-0.2034190510862431,-0.08164965809277261,-0.2794722107346492,1.1169466712169605,-0.1423736993628749,-0.603234650793541,-0.08164965809277261,-0.0816496580927726,-0.14237369936287486,-0.2103806732152868,-0.18505830254940134,3.567530340063379,-0.5578275643047641,-0.45651777194825466,-0.25629956685409805,-0.3813771739533776,-0.11585688927269844,-0.16495721976846447,-0.14237369936287486,-0.08164965809277261,-0.0816496580927726,-0.11585688927269844,0.07296990348413408
1.829,compound_35,35,O=C(O)c1cc(Cl)cc([N+](=O)[O-])c1Cl,-0.680714079456799,0.10880392547384009,0.5102442451225435,-0.018968352714072347,0.23136255876324285,0.025830391637901795,-0.05115113670695019,0.8468354913833178,0.1428304056662541,0.1570540704429838,-0.46430247263247665,-0.25992031020608675,-0.7819543858665406,-0.22969507956656612,-0.08164965809277261,-0.43722819541551783,-0.1078489619050793,-0.08164965809277262,0.06462300819753596,0.4747711809169365,-0.22170603861165103,0.6335927778351305,-0.9971134346828908,0.6773276531237928,-0.10527834868079514,0.7590393859989913,-0.5645329628054363,-0.3811420272508884,0.9060446761034966,0.4280943466539426,-0.37626770764999207,0.7843953209788582,1.070096775880381,-0.9628244744844634,0.013048132862249224,0.17253893215762853,-0.44366661006795666,-0.1850583025494013,-0.34426518632954817,-0.3813771739533777,-0.3004208840630549,-0.32250493633782445,-0.2501851166488378,-0.48650923597732115,-0.408030732073532,-0.33452862082526913,0.49829944054513414,-0.03562583172405988,-0.43502175163138596,-0.5732277470320264,-0.7498793298249649,-0.11585688927269844,-0.1423736993628749,-0.1850583025494013,-0.19458354883651188,-0.0019922599718506786,-0.7114743284423424,-0.46965587898313627,-0.025081379573785204,0.5342332819848411,-0.7803142062310864,1.1361615763709698,-0.29601761901900703,-0.23402132579539733,0.9229326123912696,-0.9246353900744995,-0.7502658411989676,-0.6939039811428673,0.6201256999876296,-0.6999703381874328,1.0243076329354472,1.4763001934210112,-0.36513981808175977,-0.30708344176251406,-0.6961133411633624,-0.8079066623809701,-0.3668600838424831,-0.762291769811869,-1.1856794586017247,-1.090194889000231,-0.7160421888467345,-0.7747657498463855,-0.03278757975681061,-0.7071681405616813,-0.6663308010709861,-0.485152900974639,-0.8565849484774555,1.6795074689762852,0.1282143743010553,-1.1225515988177377,1.4975501091882446,0.30846548454794515,0.6373316068179108,0.20684978940177468,1.0813431177446358,0.3424214259965502,0.7257259661536316,0.3995122807956569,-0.10983780389073187,-0.41396633210742717,5.403702434442519,-0.20509449742850697,-0.0816496580927726,0.9787284789295669,-0.1649572197684645,-0.6548947442298997,-0.4139663321074272,-0.4557837944376053,-0.11585688927269844,-0.11585688927269847,-0.3184399010871054,-0.21286501985332265,-0.5828678671740337,-0.11585688927269844,-0.11585688927269844,-0.24473874221703176,-0.2034190510862431,-0.08164965809277261,-0.2794722107346492,-0.4025033049430488,-0.1423736993628749,0.9672555607551606,-0.08164965809277261,-0.0816496580927726,-0.14237369936287486,-0.2103806732152868,-0.18505830254940134,-0.280305955290694,-0.5578275643047641,-0.45651777194825466,-0.25629956685409805,-0.3813771739533776,-0.11585688927269844,-0.16495721976846447,-0.14237369936287486,-0.08164965809277261,-0.0816496580927726,-0.11585688927269844,1.4158346048711918
3.555,compound_66,66,CC(C)c1cc([N+](=O)[O-])cc([N+](=O)[O-])c1O,-0.09093361937783791,0.4126093306362273,-0.060442838669029594,0.4837717382241657,0.3932628763386672,-0.7943711856920054,-0.23746293369893526,-0.7587767542286169,-1.0284660551770783,1.1697366510199492,-0.10150479486668758,-0.4860563927935544,-0.13070416279879812,0.4435785872987313,-0.08164965809277261,-0.43722819541551783,-0.1078489619050793,-0.08164965809277262,0.06462300819753596,-0.5748545208174822,-0.31671643953996376,0.11904520244033535,0.8268907762169418,-0.3195190878283785,-0.10527831480295101,-0.4693786800170625,-0.47186390415347995,-0.3585419227933397,1.2104282727993012,0.053900148287700574,1.4089873868771001,0.33104700409155924,-0.3387742645767987,-1.2418158612211063,-0.207622944842645,0.17253893215762853,0.44958216486886254,-0.1850583025494013,-0.34426518632954817,-0.3813771739533777,-0.3004208840630549,-0.32250493633782445,-0.2501851166488378,-0.48650923597732115,-0.408030732073532,0.1706095966208874,0.49829944054513414,-0.03562583172405988,-0.43502175163138596,-0.5732277470320264,0.0647377838697811,-0.11585688927269844,-0.1423736993628749,-0.1850583025494013,-0.19458354883651188,-1.029882139131166,1.5076178110181495,-0.46965587898313627,-0.025081379573785204,0.4714287434486923,0.7498726337854658,-0.4401646196306631,-0.29601761901900703,-0.23402132579539733,0.1732677689756921,-0.9398692039030139,-0.0371440621074464,-0.19007838162024807,-0.5712733930452838,0.01987023343394442,-0.8239507967026044,1.4763001934210112,-0.36513981808175977,-0.30708344176251406,0.6570341275137949,-0.8079066623809701,-0.3617741669094872,0.6995374463304165,0.1051306730165553,-1.090194889000231,0.055230039504731064,0.8729754927846599,0.003541306536093114,-0.7071681405616813,0.680252572121473,0.5862470692548587,-0.8565849484774555,-0.6922725817415895,-0.2948745963484151,-0.12194483205867757,-0.671200784935944,0.17234349700698612,-0.14860779425098516,-1.2328370742714994,0.48356859051126905,0.3424214259965502,-0.16309376640181733,0.3995122807956569,-0.10983780389073187,-0.41396633210742717,-0.18505830254940134,-0.20509449742850697,-0.0816496580927726,-0.5293123406455822,-0.1649572197684645,0.4817616509277422,-0.4139663321074272,-0.4557837944376053,-0.11585688927269844,-0.11585688927269847,-0.3184399010871054,-0.21286501985332265,-0.5828678671740337,-0.11585688927269844,-0.11585688927269844,-0.24473874221703176,-0.2034190510862431,-0.08164965809277261,-0.2794722107346492,-0.4025033049430488,-0.1423736993628749,-0.603234650793541,-0.08164965809277261,-0.0816496580927726,-0.14237369936287486,-0.2103806732152868,-0.18505830254940134,-0.280305955290694,1.1611920726344063,1.146602776056082,-0.25629956685409805,2.3609063149494802,-0.11585688927269844,-0.16495721976846447,-0.14237369936287486,-0.08164965809277261,-0.0816496580927726,-0.11585688927269844,1.3868456436051462
1.89,compound_113,113,NC(=O)c1ccc(Cl)c([N+](=O)[O-])c1,-0.6817902607328712,-0.48257228749739717,0.7767560048906209,-0.5715576151861543,-0.4906793636192114,-0.022858296654195424,-0.05122899662088663,0.8467422070052957,0.11514819011156334,0.14824232498239603,-0.6218572955638337,-0.6034946298290709,-0.5639049218048172,-0.22969507956656612,-0.08164965809277261,-0.43722819541551783,-0.1078489619050793,-0.08164965809277262,-0.7291796181945297,-0.20697843111789488,-0.5953880220361534,1.088769479145911,-0.9971134346828908,0.3372270003283462,-0.10527834824193663,-0.2391387177584855,-0.5649539453060919,-0.15788964402832759,-0.4974305716229732,-0.5017916707276512,-0.7753275617227516,-0.34219152274439946,1.0341919198468854,0.32357042282360865,-1.0191948060508256,1.1374788860762175,-0.44366661006795666,-0.1850583025494013,-0.34426518632954817,-0.3813771739533777,1.9677567906130091,-0.32250493633782445,-0.2501851166488378,-0.48650923597732115,-0.408030732073532,-0.8396668382714256,0.49829944054513414,-0.4198758738907056,-0.43502175163138596,-0.5732277470320264,-0.7498793298249649,-0.11585688927269844,-0.1423736993628749,-0.1850583025494013,-0.06916652743285642,-0.0019922599718506786,0.3783599910700389,1.2601177368580594,-0.3325250781121237,-0.7955793462767262,-0.0549526437328043,-0.4401646196306631,-0.29601761901900703,-0.23402132579539733,0.007294656942094409,-0.30461351335365483,-0.7122168723499452,-1.0849216089511409,-0.3507618277508139,-0.7676576787061827,0.10638293001310827,-0.44543540318737407,-0.36513981808175977,2.7354661520078225,-0.6961133411633624,-0.8079066623809701,-0.29174899731929305,-0.762291769811869,-0.8790624057988595,0.5810778995381293,-0.7160421888467345,-0.7747657498463855,-0.5204605339654889,-0.7071681405616813,-0.6663308010709861,-0.4249594548325313,-0.39498307471953714,1.1603153024838464,-0.2948745963484151,-0.8485727062072993,0.4034381330335424,0.3315485290213471,0.46715246313581493,0.18419430720092791,0.6434846026684495,0.3424214259965502,0.7257259661536316,0.3995122807956569,-0.10983780389073187,-0.41396633210742717,-0.18505830254940134,-0.20509449742850697,-0.0816496580927726,0.9787284789295669,-0.1649572197684645,-0.6548947442298997,-0.4139663321074272,1.764324365564924,-0.11585688927269844,-0.11585688927269847,-0.3184399010871054,-0.21286501985332265,-0.5828678671740337,-0.11585688927269844,-0.11585688927269844,-0.24473874221703176,-0.2034190510862431,-0.08164965809277261,-0.2794722107346492,-0.4025033049430488,-0.1423736993628749,0.18201045498080975,-0.08164965809277261,-0.0816496580927726,-0.14237369936287486,-0.2103806732152868,-0.18505830254940134,-0.280305955290694,-0.5578275643047641,-0.45651777194825466,-0.25629956685409805,-0.3813771739533776,-0.11585688927269844,6.0621778264910695,-0.14237369936287486,-0.08164965809277261,-0.0816496580927726,-0.11585688927269844,0.9413054394002992
2.11,compound_125,125,Cc1cc(O)ccc1[N+](=O)[O-],-0.8288692720393394,-0.9512638723148107,0.8714136283044882,-0.8253029490363435,0.9549440246778549,-0.9512252764949757,-0.06418553027264516,-0.7592652329775933,0.15345197312692116,0.38590257183256194,-0.8886173959427511,-1.0213342692117362,-0.6960963114195956,-0.8364936638409942,-0.08164965809277261,-0.43722819541551783,-0.1078489619050793,-0.08164965809277262,0.06462300819753596,-0.8920799692622845,-1.097511154681759,1.5925223501617933,-0.2153973442972486,0.3841374351966837,-0.10527834843301233,-1.089318421614402,-0.8970798232846617,-0.7052257107626593,1.2863662281964359,-0.408171849477706,0.030143817128867084,-0.2287680956141584,0.10486233446044219,-1.3114189400734955,-0.8035337363834434,0.17253893215762853,-0.8902909975363662,-0.1850583025494013,-0.34426518632954817,-0.3813771739533777,-0.3004208840630549,-0.32250493633782445,-0.2501851166488378,-0.48650923597732115,-0.408030732073532,-0.8396668382714256,0.49829944054513414,-1.188375958223997,-0.43502175163138596,-0.5732277470320264,-0.7498793298249649,-0.11585688927269844,-0.1423736993628749,-0.1850583025494013,-0.19458354883651188,0.1467645826931329,-0.7114743284423424,-0.46965587898313627,-0.025081379573785204,-0.7955793462767262,-0.7803142062310864,-0.4401646196306631,-0.29601761901900703,-0.23402132579539733,-0.9083432985070807,0.39846967488460744,-0.4228999536745886,-1.0849216089511409,-1.1865946671278702,-0.6490032634882762,-1.2715683102539779,1.4763001934210112,-0.36513981808175977,-0.30708344176251406,-0.22301697567202783,-0.8079066623809701,-0.6616851109870963,0.6995374463304165,-0.19058219349963265,-1.090194889000231,-0.7160421888467345,0.8729754927846599,-0.46077824576931575,-0.7071681405616813,0.24590507631404773,-0.4549192691316323,-0.39498307471953714,-0.6922725817415895,-0.2948745963484151,-0.5752168612853661,-0.671200784935944,-0.8019108496147039,0.5078857321785148,0.4128285222435617,0.57034423575544,0.3424214259965502,0.36881087585706923,0.3995122807956569,-0.10983780389073187,-0.41396633210742717,-0.18505830254940134,-0.20509449742850697,-0.0816496580927726,-0.5293123406455822,-0.1649572197684645,-0.6548947442298997,-0.4139663321074272,-0.4557837944376053,-0.11585688927269844,-0.11585688927269847,-0.3184399010871054,-0.21286501985332265,-0.5828678671740337,-0.11585688927269844,-0.11585688927269844,-0.24473874221703176,-0.2034190510862431,-0.08164965809277261,-0.2794722107346492,-0.4025033049430488,-0.1423736993628749,-0.603234650793541,-0.08164965809277261,-0.0816496580927726,-0.14237369936287486,-0.2103806732152868,-0.18505830254940134,-0.280305955290694,-0.5578275643047641,-0.45651777194825466,-0.25629956685409805,2.3609063149494802,-0.11585688927269844,-0.16495721976846447,-0.14237369936287486,-0.08164965809277261,-0.0816496580927726,-0.11585688927269844,0.1904804181675951
2.227,compound_32,32,COc1cc([N+](=O)[O-])ccc1N,-0.7633253879012218,-0.9893752646933466,0.3862767895418081,-0.47755793168293525,0.6486787527831904,-0.8075706168946453,-0.05418225500416921,-0.7592566346314006,0.6348164065529565,0.14412966318955062,-0.8190150035514508,-0.9740009896505826,-0.6859734334260764,-0.8364936638409942,-0.08164965809277261,0.7844817684740985,-0.1078489619050793,-0.08164965809277262,0.006830447740405579,-0.7846621900592373,-0.9369933242878892,1.6198089640084887,-0.2153973442972486,0.1495852608549969,-0.10527834689502208,-1.0324241663383869,-0.9070804687418712,-0.7070513898900771,1.1157631184386734,-0.7946066628021325,-1.2041283126488969,-0.6969463115570463,0.06113492816520973,-1.1550478389708654,-1.1522731445472427,1.1374788860762175,-0.44366661006795666,-0.1850583025494013,-0.34426518632954817,-0.3813771739533777,-0.3004208840630549,-0.32250493633782445,-0.2501851166488378,-0.48650923597732115,-0.408030732073532,-0.33452862082526913,0.49829944054513414,-0.8041259160573513,-0.43502175163138596,-0.5732277470320264,-0.34257077297759186,-0.11585688927269844,-0.1423736993628749,-0.1850583025494013,0.9032916486815548,0.1467645826931329,0.3783599910700389,-0.46965587898313627,-0.3325250781121237,-0.7955793462767262,-0.7803142062310864,-0.4401646196306631,-0.29601761901900703,-0.23402132579539733,-0.9083432985070807,-0.9246353900744995,-1.1036304770124312,1.0489089406074068,-1.0615772452033785,-0.4675094395863438,-0.8239507967026044,-0.44543540318737407,-0.36513981808175977,-0.30708344176251406,-0.6961133411633624,0.8306147106573522,-1.0714545476264294,0.6995374463304165,-0.15991567400906467,1.9651656422216275,0.055230039504731064,0.8729754927846599,-0.4138168784399812,-0.7071681405616813,-0.6663308010709861,-0.6992243775858348,-0.39498307471953714,-0.025574722875090782,-0.2948745963484151,-0.3596521691707677,-0.671200784935944,-0.8017926304336102,0.49472112671871926,0.3435635159094801,0.4875813505682174,0.3424214259965502,0.7257259661536316,-0.9465160990074996,-0.10983780389073187,1.901178710419295,-0.18505830254940134,-0.20509449742850697,-0.0816496580927726,-0.5293123406455822,-0.1649572197684645,-0.6548947442298997,-0.4139663321074272,1.764324365564924,-0.11585688927269844,-0.11585688927269847,-0.3184399010871054,-0.21286501985332265,1.0173693681583134,-0.11585688927269844,-0.11585688927269844,-0.24473874221703176,-0.2034190510862431,-0.08164965809277261,-0.2794722107346492,1.1169466712169605,-0.1423736993628749,-0.603234650793541,-0.08164965809277261,-0.0816496580927726,-0.14237369936287486,-0.2103806732152868,-0.18505830254940134,3.567530340063379,-0.5578275643047641,-0.45651777194825466,-0.25629956685409805,-0.3813771739533776,-0.11585688927269844,-0.16495721976846447,-0.14237369936287486,-0.08164965809277261,-0.0816496580927726,-0.11585688927269844,-0.5447201158417787
1.511,compound_31,31,Cn1c([N+](=O)[O-])cnc1/C=C/c1ccnc(N)n1,1.7306035701873128,-0.5211550635442401,0.9222261921156838,-1.4401260777164908,0.3495797445175338,-0.7216919446770118,-0.1809344543129965,-0.7591067976344856,1.206009947449709,-1.3865563376046977,0.15770296319925614,-0.3097815140799202,-0.08305771044869821,-0.8364936638409942,-0.08164965809277261,1.7599970202711448,-0.1078489619050793,-0.08164965809277262,1.594040451035807,-0.5731785577627027,-0.10255343632745204,0.9194525419433507,-0.449912171412941,-1.011448002136356,-0.10527815000933713,-0.27468292589747173,-0.3059494992791546,-0.4038705456616549,-0.4701203197488275,0.530451800718929,-1.653081546764308,0.9084046715348847,-0.0077118637428411066,0.2985384397430305,-1.4115905013572885,1.1374788860762175,0.8962065523372722,-0.1850583025494013,-0.34426518632954817,-0.3813771739533777,-0.3004208840630549,-2.6414690023859904,5.561807593193395,1.6741641355690164,-0.408030732073532,0.6757478140670439,0.49829944054513414,0.34862421044258585,4.095204765357529,1.0005429766377183,0.0647377838697811,-0.11585688927269844,-0.1423736993628749,-0.1850583025494013,2.0072607604611097,0.2334106628633938,0.3783599910700389,2.9777052151383177,-1.5542631231630102,0.5004956604871679,-2.3105010462476385,5.977215273764717,-0.29601761901900703,-0.23402132579539733,-0.9083432985070807,0.20156551843986167,-0.6686606566004811,0.276721129780908,-0.4146939126731173,-0.615218049143126,0.15949520946016976,-0.44543540318737407,5.861206460243867,3.4036420000275376,-0.6961133411633624,-0.07329925148241778,-0.20386521208450883,-0.762291769811869,-0.04747176921031712,0.5810778995381293,0.10831219278545098,-0.7747657498463855,0.7632793273687521,0.1578270284253076,-0.6663308010709861,-0.07303861690552749,-0.3750479456760261,-0.025574722875090782,3.2833330875159534,-0.10199586855464585,-0.671200784935944,0.25391152629262254,0.8445640059095961,-0.33193678970813784,0.5922260253992346,0.005118691901508767,0.3458964467881028,0.3995122807956569,-0.10983780389073187,1.901178710419295,-0.18505830254940134,7.537222780497631,-0.0816496580927726,-0.5293123406455822,-0.1649572197684645,3.8917308364006677,-0.4139663321074272,1.764324365564924,-0.11585688927269844,-0.11585688927269847,-0.3184399010871054,-0.21286501985332265,1.0173693681583134,-0.11585688927269844,-0.11585688927269844,-0.24473874221703176,-0.2034190510862431,-0.08164965809277261,-0.2794722107346492,-0.4025033049430488,-0.1423736993628749,-0.603234650793541,-0.08164965809277261,12.247448713915889,-0.14237369936287486,-0.2103806732152868,-0.18505830254940134,-0.280305955290694,-0.5578275643047641,-2.059638319952591,-0.25629956685409805,-0.3813771739533776,-0.11585688927269844,-0.16495721976846447,-0.14237369936287486,-0.08164965809277261,-0.0816496580927726,-0.11585688927269844,1.443360199857324
2.15,compound_95,95,Cc1c(N)cc([N+](=O)[O-])cc1[N+](=O)[O-],-0.7191235630514593,-0.02787555187103206,0.4958700401201484,-0.21558640346102198,0.3058924807565251,-0.746686731876854,-0.22844885053482047,-0.7588411306337092,-0.1759156160343158,0.7943881359148763,-0.4285198249799125,-0.7084437750264545,-0.3621709477103863,0.4435785872987313,-0.08164965809277261,-0.43722819541551783,-0.1078489619050793,-0.08164965809277262,-0.7291796181945297,-0.8904040062075053,-0.6269893630335364,0.11904520244033535,-0.2153973442972486,-0.3195190878283785,-0.10527834544499015,-0.5084707417224786,-0.7970348832184083,-0.5384423154766999,-0.0900659799211877,-0.6433642460496046,-0.7774916494570764,-0.5137112550647552,-0.022796854478156957,-0.04981110489343319,-0.9808616524480186,1.1374788860762175,0.44958216486886254,-0.1850583025494013,-0.34426518632954817,-0.3813771739533777,-0.3004208840630549,-0.32250493633782445,-0.2501851166488378,-0.48650923597732115,-0.408030732073532,0.1706095966208874,0.49829944054513414,-0.03562583172405988,-0.43502175163138596,-0.5732277470320264,-0.34257077297759186,-0.11585688927269844,-0.1423736993628749,-0.1850583025494013,-0.06916652743285642,-1.029882139131166,0.3783599910700389,-0.46965587898313627,0.8892129669387627,-0.7955793462767262,0.7498726337854658,-0.4401646196306631,-0.29601761901900703,-0.23402132579539733,-0.9083432985070807,-0.8415740785570819,-0.41418058940508207,0.32877850538820613,-0.7296156850146197,-0.5551798814043081,-0.376333283151231,-0.44543540318737407,-0.36513981808175977,-0.30708344176251406,-0.22301697567202783,-0.07329925148241778,-0.3617741669094872,-0.762291769811869,-0.46282578489548765,0.5810778995381293,0.8265022678561967,-0.7747657498463855,-0.6132496063484922,-0.7071681405616813,1.592488449506507,-0.5151127152737399,-0.8565849484774555,-0.025574722875090782,-0.2948745963484151,-0.5666279570228318,-0.671200784935944,0.14946928601862403,-0.34880781447289244,0.7042066539008773,0.6604308691495936,0.3424214259965502,0.342825903486642,0.3995122807956569,-0.10983780389073187,1.901178710419295,-0.18505830254940134,-0.20509449742850697,-0.0816496580927726,-0.5293123406455822,-0.1649572197684645,0.4817616509277422,-0.4139663321074272,1.764324365564924,-0.11585688927269844,-0.11585688927269847,-0.3184399010871054,-0.21286501985332265,1.0173693681583134,-0.11585688927269844,-0.11585688927269844,-0.24473874221703176,-0.2034190510862431,-0.08164965809277261,-0.2794722107346492,-0.4025033049430488,-0.1423736993628749,-0.603234650793541,-0.08164965809277261,-0.0816496580927726,-0.14237369936287486,-0.2103806732152868,-0.18505830254940134,-0.280305955290694,1.1611920726344063,1.146602776056082,-0.25629956685409805,-0.3813771739533776,-0.11585688927269844,-0.16495721976846447,-0.14237369936287486,-0.08164965809277261,-0.0816496580927726,-0.11585688927269844,-0.2935148476337736
2.93,compound_108,108,Cc1cc([N+](=O)[O-])cc([N+](=O)[O-])c1,-1.1684649629802264,-0.49443670157572855,0.9629187657665939,-0.8106458243125159,0.7326720431547556,-0.9252765989298125,-0.22548095018937195,-0.7588486573878389,0.15211794094191863,0.5424504283555921,-0.6341997565434299,-0.8483169225769374,-0.5373544999506439,0.4435785872987313,-0.08164965809277261,-0.43722819541551783,-0.1078489619050793,-0.08164965809277262,-0.7291796181945297,-1.0024842781358916,-0.7875071934274064,-0.8506790742652403,-0.2153973442972486,-0.08496691348669093,-0.1052783480440945,-0.5440066537178148,-0.5346105616520868,-0.7665761364402549,-1.619309671978115,-0.732225958169025,0.7214655361025905,-1.0309266961671486,0.05708484371457261,1.555854276847596,-0.636588402765028,-0.7924010217609605,0.00295777740045296,-0.1850583025494013,-0.34426518632954817,-0.3813771739533777,-0.3004208840630549,-0.32250493633782445,-0.2501851166488378,-0.48650923597732115,-0.408030732073532,-0.33452862082526913,-0.798997378805129,-0.4198758738907056,-0.43502175163138596,-0.5732277470320264,-0.7498793298249649,-0.11585688927269844,-0.1423736993628749,-0.1850583025494013,-1.2434005283644773,-1.029882139131166,-0.7114743284423424,-0.46965587898313627,0.8892129669387627,-0.7955793462767262,0.7498726337854658,-0.4401646196306631,-0.29601761901900703,-0.23402132579539733,-0.9083432985070807,-0.27069976450920297,-0.3892024756258782,-0.06223912242006806,-0.7074792832748243,-0.6627349807650675,-0.8239507967026044,-0.44543540318737407,-0.36513981808175977,-0.30708344176251406,-0.22301697567202783,-0.8079066623809701,0.08327303328150602,-0.762291769811869,-0.5120751560710778,-1.090194889000231,0.055230039504731064,-0.7747657498463855,-0.6132496063484922,-0.7071681405616813,1.592488449506507,-0.4549192691316323,-0.39498307471953714,-0.6922725817415895,-0.2948745963484151,-0.704433217266928,-0.671200784935944,0.12304115503662671,0.11387784103254672,0.7042066539008773,0.2693564315945699,0.3424214259965502,0.35908578840130534,0.3995122807956569,-0.10983780389073187,-0.41396633210742717,-0.18505830254940134,-0.20509449742850697,-0.0816496580927726,-0.5293123406455822,-0.1649572197684645,0.4817616509277422,-0.4139663321074272,-0.4557837944376053,-0.11585688927269844,-0.11585688927269847,-0.3184399010871054,-0.21286501985332265,-0.5828678671740337,-0.11585688927269844,-0.11585688927269844,-0.24473874221703176,-0.2034190510862431,-0.08164965809277261,-0.2794722107346492,-0.4025033049430488,-0.1423736993628749,-0.603234650793541,-0.08164965809277261,-0.0816496580927726,-0.14237369936287486,-0.2103806732152868,-0.18505830254940134,-0.280305955290694,1.1611920726344063,1.146602776056082,-0.25629956685409805,-0.3813771739533776,-0.11585688927269844,-0.16495721976846447,-0.14237369936287486,-0.08164965809277261,-0.0816496580927726,-0.11585688927269844,0.39290598278075584
2.43,compound_119,119,O=[N+]([O-])c1c(Cl)c(Cl)c(Cl)c(Cl)c1Cl,-1.1796245984032625,0.6120601805793056,0.1536752951413183,1.2617067260577448,0.7653408264679856,0.22017366220748366,-0.04804410897261379,0.847327619041938,0.9322944093672552,0.0647141068723561,-0.43717743410772913,0.4678124541607149,-1.8812137161138418,-0.8364936638409942,-0.08164965809277261,4.9268494245112455,-0.1078489619050793,-0.08164965809277262,-0.7291796181945297,2.837610861905232,0.3973707707918033,-2.4536926745336416,-0.9971134346828908,2.3191928735156044,-0.10527834948166338,2.8364043599569833,-0.6088154457716975,-0.9198311930439292,-1.2067789888174238,-0.10562984937167125,-1.4899366637995277,-1.0330184028241687,1.4056511496999098,1.5568961238203611,1.8769688862919387,-0.7924010217609605,-1.336915385004776,-0.1850583025494013,-0.34426518632954817,-0.3813771739533777,-0.3004208840630549,-0.32250493633782445,-0.2501851166488378,-0.48650923597732115,-0.408030732073532,-1.3448050557175821,-0.798997378805129,0.34862421044258585,-0.43502175163138596,-0.5732277470320264,-1.1571878866723377,-0.11585688927269844,-0.1423736993628749,-0.1850583025494013,-1.2434005283644773,1.0258976191874647,-0.7114743284423424,-0.46965587898313627,-1.5542631231630102,0.4714287434486923,-0.7803142062310864,-0.4401646196306631,-0.29601761901900703,-0.23402132579539733,3.669846478738795,-1.5446572667953442,-1.5287415597236276,-0.06318157691207155,3.067323127434872,-1.6360261422789897,3.2936076930356357,-0.44543540318737407,-0.36513981808175977,-0.30708344176251406,-0.6961133411633624,-0.8079066623809701,-0.5569155798603935,-0.762291769811869,-1.505800371243058,-1.090194889000231,-0.7160421888467345,-0.7747657498463855,-1.0775691586539007,-0.7071681405616813,-0.6663308010709861,-1.060385054438481,-1.7797886959932923,5.237177545053097,-0.2948745963484151,-1.520342579812554,4.819579103495582,-0.7907288028276409,0.9075250796882813,0.7042066539008773,1.6349318604831375,0.3424214259965502,0.7257259661536316,0.3995122807956569,-0.10983780389073187,-0.41396633210742717,-0.18505830254940134,-0.20509449742850697,-0.0816496580927726,-0.5293123406455822,-0.1649572197684645,-0.6548947442298997,-0.4139663321074272,-0.4557837944376053,-0.11585688927269844,-0.11585688927269847,-0.3184399010871054,-0.21286501985332265,-0.5828678671740337,-0.11585688927269844,-0.11585688927269844,-0.24473874221703176,-0.2034190510862431,-0.08164965809277261,-0.2794722107346492,-0.4025033049430488,-0.1423736993628749,3.3229908780782127,-0.08164965809277261,-0.0816496580927726,-0.14237369936287486,-0.2103806732152868,-0.18505830254940134,-0.280305955290694,-0.5578275643047641,-0.45651777194825466,-0.25629956685409805,-0.3813771739533776,-0.11585688927269844,-0.16495721976846447,-0.14237369936287486,-0.08164965809277261,-0.0816496580927726,-0.11585688927269844,-1.3102850749376294
2.89,compound_106,106,O=[N+]([O-])c1cc([N+](=O)[O-])cc([N+](=O)[O-])c1,-1.0972586190125666,0.14033446468053845,1.0210381638165111,-0.3979733870521234,0.5390564697549274,-0.8556888033009271,-0.38964642908024016,-0.7584229822695696,0.5237399042806684,0.4965937696205583,-0.4219800411967779,-0.7039963788459276,-0.5962851498911009,1.7236508384384572,-0.08164965809277261,-0.43722819541551783,-0.1078489619050793,-0.08164965809277262,-0.7291796181945297,-1.319709726580694,-0.4563381272964353,-2.4022379169941614,-0.9971134346828908,-0.7886234365117536,-0.1052783484026353,0.6717004666712435,-0.3800879759988431,-0.8947540251776963,-1.5364286507740426,-0.6063373212760607,1.1411511702503991,-1.0310078734098282,1.0617034329115116,1.5558947099858946,-0.9663754778921859,-0.7924010217609605,1.3428309398056817,-0.1850583025494013,-0.34426518632954817,-0.3813771739533777,-0.3004208840630549,-0.32250493633782445,-0.2501851166488378,-0.48650923597732115,-0.408030732073532,0.6757478140670439,-0.798997378805129,0.7328742526092316,-0.43502175163138596,-0.5732277470320264,-0.34257077297759186,-0.11585688927269844,-0.1423736993628749,-0.1850583025494013,-1.2434005283644773,-1.029882139131166,-0.7114743284423424,-0.46965587898313627,2.1109510119896497,-0.7955793462767262,2.2800594738020186,-0.4401646196306631,-0.29601761901900703,-0.23402132579539733,-0.9083432985070807,-1.5446572667953442,-1.5287415597236276,1.5239695430196898,0.27659955447624535,-0.6026968130262497,-0.376333283151231,-0.44543540318737407,-0.36513981808175977,-0.30708344176251406,-0.6961133411633624,-0.8079066623809701,0.41846174091077626,-0.762291769811869,-1.2104630131287957,-1.090194889000231,0.8265022678561967,-0.7747657498463855,-0.14893005404308385,-0.7071681405616813,2.0268359453139326,-0.8798047160121578,-0.39498307471953714,-0.6922725817415895,-0.2948745963484151,-1.1146055067531708,-0.671200784935944,1.005936085737369,0.011102792121628876,0.7042066539008773,0.15620193424860657,0.3424214259965502,0.7257259661536316,0.3995122807956569,-0.10983780389073187,-0.41396633210742717,-0.18505830254940134,-0.20509449742850697,-0.0816496580927726,-0.5293123406455822,-0.1649572197684645,1.618418046085384,-0.4139663321074272,-0.4557837944376053,-0.11585688927269844,-0.11585688927269847,-0.3184399010871054,-0.21286501985332265,-0.5828678671740337,-0.11585688927269844,-0.11585688927269844,-0.24473874221703176,-0.2034190510862431,-0.08164965809277261,-0.2794722107346492,-0.4025033049430488,-0.1423736993628749,-0.603234650793541,-0.08164965809277261,-0.0816496580927726,-0.14237369936287486,-0.2103806732152868,-0.18505830254940134,-0.280305955290694,2.880211709573577,2.7497233240604184,-0.25629956685409805,-0.3813771739533776,-0.11585688927269844,-0.16495721976846447,-0.14237369936287486,-0.08164965809277261,-0.0816496580927726,-0.11585688927269844,0.7046545721008716
2.352,compound_62,62,Nc1ccc([N+](=O)[O-])cc1N,-0.8350343397044111,-1.2241294568031904,0.769524969868501,-0.8892899798179685,0.5384140042492412,-0.7124385972192268,-0.05224077149076898,-0.759275506378311,0.5402541119697425,0.29821122204917505,-0.8949739173465766,-1.0256570373567195,-0.9178261879309727,-0.8364936638409942,-0.08164965809277261,2.006191732363715,-0.1078489619050793,-0.08164965809277262,-0.7291796181945297,-0.8840655504273858,-1.0973910314445203,0.2827648855204974,-0.9971134346828908,0.14958526085499638,-0.10527834832495876,-1.1336222914960734,-0.9569001852350951,-0.7855936273508566,-0.10321057819511795,-0.8260155213385928,-1.366163992531945,-0.7349991547465579,1.23557212544795,-0.03776305190914297,-1.5036329187569772,3.067358793913396,-0.44366661006795666,-0.1850583025494013,-0.34426518632954817,-0.3813771739533777,-0.3004208840630549,-0.32250493633782445,-0.2501851166488378,-0.48650923597732115,-0.408030732073532,-0.33452862082526913,1.7955962598953972,-0.8041259160573513,-0.43502175163138596,-0.5732277470320264,-0.34257077297759186,-0.11585688927269844,-0.1423736993628749,-0.1850583025494013,1.1050674734987644,-1.029882139131166,1.4681943105824202,-0.46965587898313627,-0.3325250781121237,-0.7955793462767262,-0.7803142062310864,-0.4401646196306631,-0.29601761901900703,-0.23402132579539733,-0.9083432985070807,-0.9246353900744995,-0.6785193943012349,-0.024091100371722865,-1.256823189673177,-0.9135531692379678,-0.376333283151231,-0.44543540318737407,-0.36513981808175977,-0.30708344176251406,-0.6961133411633624,0.6613081594161345,-1.0714545476264294,-0.762291769811869,-0.4534380748473549,2.2523506880764894,0.8265022678561967,-0.7747657498463855,-1.0775691586539007,-0.7071681405616813,-0.6663308010709861,-0.8798047160121578,-0.39498307471953714,0.6411231359914079,-0.2948745963484151,-0.5725857821439516,-0.671200784935944,-0.804944294480108,0.3234662488546391,0.7042066539008773,0.5935173923536629,0.3424214259965502,0.7257259661536316,0.3995122807956569,-0.10983780389073187,4.216323752946018,-0.18505830254940134,-0.20509449742850697,-0.0816496580927726,-0.5293123406455822,-0.1649572197684645,-0.6548947442298997,-0.4139663321074272,3.984432525567453,-0.11585688927269844,-0.11585688927269847,-0.3184399010871054,-0.21286501985332265,2.617606603490661,-0.11585688927269844,-0.11585688927269844,-0.24473874221703176,-0.2034190510862431,-0.08164965809277261,-0.2794722107346492,-0.4025033049430488,-0.1423736993628749,-0.603234650793541,-0.08164965809277261,-0.0816496580927726,-0.14237369936287486,-0.2103806732152868,-0.18505830254940134,-0.280305955290694,-0.5578275643047641,-0.45651777194825466,-0.25629956685409805,-0.3813771739533776,-0.11585688927269844,-0.16495721976846447,-0.14237369936287486,-0.08164965809277261,-0.0816496580927726,-0.11585688927269844,-1.027312359987355
1.586,compound_10,10,Nc1ccc([N+](=O)[O-])cc1O,-0.8121414377973651,-1.1145071654744543,0.8629777187686173,-0.5799702964198136,0.959519686831327,-0.817117344337704,-0.05422229215210896,-0.7592687816648962,0.6582646838984114,0.16780293026584042,-0.9128946186709986,-1.0378440547361225,-0.9157974803799888,-0.8364936638409942,-0.08164965809277261,0.7844817684740985,-0.1078489619050793,-0.08164965809277262,0.06462300819753596,-0.991483329630433,-1.0868685406248306,1.5925223501617933,-0.9971134346828908,0.14958526085499638,-0.10527834872423378,-1.0030694835926794,-0.9569001852350951,-0.859381492083981,1.2560406365220211,-0.4057933398696363,-1.4238377091004883,-0.22588645465813448,1.2491306025515077,-1.2836231620923662,-1.4019495319429969,2.1024188399948067,-0.44366661006795666,-0.1850583025494013,-0.34426518632954817,-0.3813771739533777,-0.3004208840630549,-0.32250493633782445,-0.2501851166488378,-0.48650923597732115,-0.408030732073532,-0.33452862082526913,1.7955962598953972,-0.8041259160573513,-0.43502175163138596,-0.5732277470320264,-0.34257077297759186,-0.11585688927269844,-0.1423736993628749,-0.1850583025494013,0.9796504520951096,0.1467645826931329,0.3783599910700389,-0.46965587898313627,-0.025081379573785204,-0.7955793462767262,-0.7803142062310864,-0.4401646196306631,-0.29601761901900703,-0.23402132579539733,-0.9083432985070807,-0.9246353900744995,-1.1036304770124312,0.009019824247252292,-1.1597749650941218,-0.7443932738553172,-0.8239507967026044,1.4763001934210112,-0.36513981808175977,-0.30708344176251406,-0.6961133411633624,-0.07329925148241778,-1.0714545476264294,0.6995374463304165,-0.6374371917907607,0.5810778995381293,0.055230039504731064,0.8729754927846599,-0.46077824576931575,-0.7071681405616813,-0.6663308010709861,-0.8798047160121578,-0.39498307471953714,-0.025574722875090782,-0.2948745963484151,-0.7177692429139396,-0.671200784935944,-0.8108391519975686,0.5936597217250095,0.41994938247077596,0.6366698286088937,0.3424214259965502,0.7257259661536316,0.3995122807956569,-0.10983780389073187,1.901178710419295,-0.18505830254940134,-0.20509449742850697,-0.0816496580927726,-0.5293123406455822,-0.1649572197684645,-0.6548947442298997,-0.4139663321074272,1.764324365564924,-0.11585688927269844,-0.11585688927269847,-0.3184399010871054,-0.21286501985332265,1.0173693681583134,-0.11585688927269844,-0.11585688927269844,-0.24473874221703176,-0.2034190510862431,-0.08164965809277261,-0.2794722107346492,-0.4025033049430488,-0.1423736993628749,-0.603234650793541,-0.08164965809277261,-0.0816496580927726,-0.14237369936287486,-0.2103806732152868,-0.18505830254940134,-0.280305955290694,-0.5578275643047641,-0.45651777194825466,-0.25629956685409805,2.3609063149494802,-0.11585688927269844,-0.16495721976846447,-0.14237369936287486,-0.08164965809277261,-0.0816496580927726,-0.11585688927269844,-1.7445270676782347
3.01,compound_107,107,Cc1c([N+](=O)[O-])cccc1[N+](=O)[O-],-0.7883770316987391,-0.017756232941432484,0.7869451658937938,-0.44599063033986797,0.5036598802187362,-0.860357277655364,-0.24434987732327673,-0.7588320148114962,-0.03507837874954028,0.6580737249520492,-0.6341997565434301,-0.8483169225769376,-0.5373544999506439,0.4435785872987313,-0.08164965809277261,-0.43722819541551783,-0.1078489619050793,-0.08164965809277262,-0.7291796181945297,-1.0024842781358916,-0.7875071934274064,-0.5736149952065045,-0.2153973442972486,-0.08496691348669093,-0.10527834788344903,-0.5440066537178148,-0.7946122394126396,-0.6860180449429564,-1.5865084830370486,-0.6824039735425065,0.6207653960622783,-1.0311243445581917,-0.027817048624372134,1.5559527224767618,-0.636588402765028,-0.7924010217609605,0.00295777740045296,-0.1850583025494013,-0.34426518632954817,-0.3813771739533777,-0.3004208840630549,-0.32250493633782445,-0.2501851166488378,-0.48650923597732115,-0.408030732073532,-0.33452862082526913,-0.798997378805129,-0.4198758738907056,-0.43502175163138596,-0.5732277470320264,-0.7498793298249649,-0.11585688927269844,-0.1423736993628749,-0.1850583025494013,-1.2434005283644773,0.10868703848800981,-0.7114743284423424,-0.46965587898313627,0.8892129669387627,-0.7955793462767262,0.7498726337854658,-0.4401646196306631,-0.29601761901900703,-0.23402132579539733,-0.9083432985070807,-0.22155220183623706,-0.3892024756258782,-0.625765301328752,-0.7074792832748243,-0.6627349807650675,-0.8239507967026044,-0.44543540318737407,-0.36513981808175977,-0.30708344176251406,-0.22301697567202783,-0.8079066623809701,0.08327303328150602,-0.762291769811869,-0.5120751560710778,-1.090194889000231,0.055230039504731064,-0.7747657498463855,-0.6132496063484922,-0.7071681405616813,1.592488449506507,-0.4549192691316323,-0.39498307471953714,-0.6922725817415895,-0.2948745963484151,-0.7075002693371203,-0.671200784935944,0.1358825546861494,0.045031249414753824,0.7042066539008773,0.3731223346353081,0.3424214259965502,0.3418040451522112,0.3995122807956569,-0.10983780389073187,-0.41396633210742717,-0.18505830254940134,-0.20509449742850697,-0.0816496580927726,-0.5293123406455822,-0.1649572197684645,0.4817616509277422,-0.4139663321074272,-0.4557837944376053,-0.11585688927269844,-0.11585688927269847,-0.3184399010871054,-0.21286501985332265,-0.5828678671740337,-0.11585688927269844,-0.11585688927269844,-0.24473874221703176,-0.2034190510862431,-0.08164965809277261,-0.2794722107346492,-0.4025033049430488,-0.1423736993628749,-0.603234650793541,-0.08164965809277261,-0.0816496580927726,-0.14237369936287486,-0.2103806732152868,-0.18505830254940134,-0.280305955290694,1.1611920726344063,1.146602776056082,-0.25629956685409805,-0.3813771739533776,-0.11585688927269844,-0.16495721976846447,-0.14237369936287486,-0.08164965809277261,-0.0816496580927726,-0.11585688927269844,0.3929059827807549
2.55,compound_114,114,Cc1cc([N+](=O)[O-])ccc1[N+](=O)[O-],-0.8793001586361769,-0.4740108335920471,0.8873706800530367,-0.7464579338431021,0.6851147316728976,-0.9145195604967127,-0.14012882150516248,-0.758932668610789,0.06914238456201971,0.5662615774892337,-0.6341997565434299,-0.8483169225769374,-0.5373544999506439,0.4435785872987313,-0.08164965809277261,-0.43722819541551783,-0.1078489619050793,-0.08164965809277262,-0.7291796181945297,-1.0024842781358916,-0.7875071934274064,-0.2965509161477687,-0.2153973442972486,-0.08496691348669093,-0.10527834793294498,-0.5440066537178148,-0.6748543858228802,-0.7057962354899804,-1.6665133499658307,-0.8039239970189124,0.8276584110541931,-1.0308436087007093,0.014633897545099724,1.5558128922561698,-0.636588402765028,-0.7924010217609605,0.00295777740045296,-0.1850583025494013,-0.34426518632954817,-0.3813771739533777,-0.3004208840630549,-0.32250493633782445,-0.2501851166488378,-0.48650923597732115,-0.408030732073532,-0.33452862082526913,-0.798997378805129,-0.4198758738907056,-0.43502175163138596,-0.5732277470320264,-0.7498793298249649,-0.11585688927269844,-0.1423736993628749,-0.1850583025494013,-1.2434005283644773,-1.029882139131166,-0.7114743284423424,-0.46965587898313627,0.8892129669387627,-0.7955793462767262,0.7498726337854658,-0.4401646196306631,-0.29601761901900703,-0.23402132579539733,-0.9083432985070807,-0.8415740785570819,0.42732221174780416,-0.625765301328752,-0.7074792832748243,-0.6627349807650675,-0.8239507967026044,-0.44543540318737407,-0.36513981808175977,-0.30708344176251406,-0.22301697567202783,-0.8079066623809701,0.08327303328150602,-0.762291769811869,-0.5120751560710778,-1.090194889000231,0.055230039504731064,-0.7747657498463855,-0.6132496063484922,-0.7071681405616813,1.592488449506507,-0.4549192691316323,-0.39498307471953714,-0.6922725817415895,-0.2948745963484151,-0.7056959718950858,-0.671200784935944,0.1324358370323584,0.11107763719624011,0.7042066539008773,0.27357691183832067,0.3424214259965502,0.35044491677675815,0.3995122807956569,-0.10983780389073187,-0.41396633210742717,-0.18505830254940134,-0.20509449742850697,-0.0816496580927726,-0.5293123406455822,-0.1649572197684645,0.4817616509277422,-0.4139663321074272,-0.4557837944376053,-0.11585688927269844,-0.11585688927269847,-0.3184399010871054,-0.21286501985332265,-0.5828678671740337,-0.11585688927269844,-0.11585688927269844,-0.24473874221703176,-0.2034190510862431,-0.08164965809277261,-0.2794722107346492,-0.4025033049430488,-0.1423736993628749,-0.603234650793541,-0.08164965809277261,-0.0816496580927726,-0.14237369936287486,-0.2103806732152868,-0.18505830254940134,-0.280305955290694,1.1611920726344063,1.146602776056082,-0.25629956685409805,-0.3813771739533776,-0.11585688927269844,-0.16495721976846447,-0.14237369936287486,-0.08164965809277261,-0.0816496580927726,-0.11585688927269844,0.39290598278075584
1.346,compound_20,20,Cc1ccc(N)cc1[N+](=O)[O-],-0.8777157840811481,-0.955393921611542,0.8137698323437004,-0.961767993981522,0.7165687104245576,-0.8655302198369129,-0.06278640978822038,-0.7592669711306844,0.09732353884869978,0.4562730917675127,-0.8706966946183291,-1.0091472518323332,-0.6981250189705798,-0.8364936638409942,-0.08164965809277261,0.7844817684740985,-0.1078489619050793,-0.08164965809277262,-0.7291796181945297,-0.7846621900592373,-1.1080336455014488,1.5925223501617933,-0.2153973442972486,0.3841374351966839,-0.10527834793145038,-1.2015261993634612,-0.8970798232846617,-0.6129908798462543,-0.08480454320319147,-0.7743795419113227,-1.2254702656432166,-0.6724405034730058,0.09000927973256531,-0.05463362339349496,-0.9052171231974239,1.1374788860762175,-0.8902909975363662,-0.1850583025494013,-0.34426518632954817,-0.3813771739533777,-0.3004208840630549,-0.32250493633782445,-0.2501851166488378,-0.48650923597732115,-0.408030732073532,-0.8396668382714256,0.49829944054513414,-1.188375958223997,-0.43502175163138596,-0.5732277470320264,-0.7498793298249649,-0.11585688927269844,-0.1423736993628749,-0.1850583025494013,-0.06916652743285642,-1.029882139131166,0.3783599910700389,-0.46965587898313627,-0.3325250781121237,-0.7955793462767262,-0.7803142062310864,-0.4401646196306631,-0.29601761901900703,-0.23402132579539733,-0.43142781029642885,-0.22155220183623706,-0.022766984742596242,-1.0849216089511409,-1.2741647795190771,-0.8181631588709266,-0.8239507967026044,-0.44543540318737407,-0.36513981808175977,-0.30708344176251406,-0.22301697567202783,-0.07329925148241778,-0.6616851109870963,-0.762291769811869,-0.006583076556226829,0.5810778995381293,0.055230039504731064,-0.7747657498463855,-1.0775691586539007,-0.7071681405616813,0.24590507631404773,-0.4549192691316323,-0.39498307471953714,-0.025574722875090782,-0.2948745963484151,-0.4307628070084772,-0.671200784935944,-0.7943371949807841,0.22860647763825231,0.7042066539008773,0.5332373522817987,0.3424214259965502,0.36578754302901906,0.3995122807956569,-0.10983780389073187,1.901178710419295,-0.18505830254940134,-0.20509449742850697,-0.0816496580927726,-0.5293123406455822,-0.1649572197684645,-0.6548947442298997,-0.4139663321074272,1.764324365564924,-0.11585688927269844,-0.11585688927269847,-0.3184399010871054,-0.21286501985332265,1.0173693681583134,-0.11585688927269844,-0.11585688927269844,-0.24473874221703176,-0.2034190510862431,-0.08164965809277261,-0.2794722107346492,-0.4025033049430488,-0.1423736993628749,-0.603234650793541,-0.08164965809277261,-0.0816496580927726,-0.14237369936287486,-0.2103806732152868,-0.18505830254940134,-0.280305955290694,-0.5578275643047641,-0.45651777194825466,-0.25629956685409805,-0.3813771739533776,-0.11585688927269844,-0.16495721976846447,-0.14237369936287486,-0.08164965809277261,-0.0816496580927726,-0.11585688927269844,-0.826912983055511
2.57,compound_100,100,O=[N+]([O-])c1cccc(Cl)c1,-1.1796245984032625,-1.477993189636489,1.398333162478817,-1.2460287031185269,1.2545148714045238,-0.04404113855567638,-0.053329988523811094,0.8467421706240181,1.0975038115665703,0.0647141068723561,-1.1325025112004348,-0.9507601751340051,-0.9279400989834987,-0.8364936638409942,-0.08164965809277261,-0.43722819541551783,-0.1078489619050793,-0.08164965809277262,-0.7291796181945297,-0.31905870304628103,-1.0552671996274476,0.8394118079930487,-0.9971134346828908,0.9587902623338177,-0.10527834948166338,-0.7367829557394701,-0.9049642684207186,-1.0217626903998949,-1.6901440077684562,-0.8398167895598235,-0.6736891313650174,-1.0308562767059786,1.3060788416589677,1.5558192019951078,-0.27667535825440853,-0.7924010217609605,-1.336915385004776,-0.1850583025494013,-0.34426518632954817,-0.3813771739533777,-0.3004208840630549,-0.32250493633782445,-0.2501851166488378,-0.48650923597732115,-0.408030732073532,-1.3448050557175821,-0.798997378805129,-1.188375958223997,-0.43502175163138596,-0.5732277470320264,-1.1571878866723377,-0.11585688927269844,-0.1423736993628749,-0.1850583025494013,-1.2434005283644773,-1.029882139131166,-0.7114743284423424,-0.46965587898313627,-0.3325250781121237,-0.7955793462767262,-0.7803142062310864,-0.4401646196306631,-0.29601761901900703,-0.23402132579539733,0.4842101451527464,-0.9246353900744995,-0.3251547584877712,-0.9570823497509603,-0.7652842373790306,-1.2301359228233877,-0.35853310959605517,-0.44543540318737407,-0.36513981808175977,-0.30708344176251406,-0.6961133411633624,-0.8079066623809701,-0.25647123376763187,-0.762291769811869,-0.8490361762756772,-1.090194889000231,-0.7160421888467345,-0.7747657498463855,-1.0775691586539007,-0.7071681405616813,-0.6663308010709861,-0.8196112698700501,0.06661879903838124,0.49361744361734783,-0.2948745963484151,-0.9791687429906429,0.39443078658970854,-0.8191619204493981,0.8349332396962186,0.7042066539008773,0.6406300020323438,0.3424214259965502,0.7257259661536316,0.3995122807956569,-0.10983780389073187,-0.41396633210742717,-0.18505830254940134,-0.20509449742850697,-0.0816496580927726,-0.5293123406455822,-0.1649572197684645,-0.6548947442298997,-0.4139663321074272,-0.4557837944376053,-0.11585688927269844,-0.11585688927269847,-0.3184399010871054,-0.21286501985332265,-0.5828678671740337,-0.11585688927269844,-0.11585688927269844,-0.24473874221703176,-0.2034190510862431,-0.08164965809277261,-0.2794722107346492,-0.4025033049430488,-0.1423736993628749,0.18201045498080975,-0.08164965809277261,-0.0816496580927726,-0.14237369936287486,-0.2103806732152868,-0.18505830254940134,-0.280305955290694,-0.5578275643047641,-0.45651777194825466,-0.25629956685409805,-0.3813771739533776,-0.11585688927269844,-0.16495721976846447,-0.14237369936287486,-0.08164965809277261,-0.0816496580927726,-0.11585688927269844,-0.058980255208882684
2.54,compound_111,111,NC(=O)c1ccc([N+](=O)[O-])cc1,-0.6598726160598076,-1.2266968732854455,1.0771369844485073,-1.6664102549500808,-0.4477930309915608,-0.43799610898534597,-0.053552925985654316,-0.7592756485720966,0.17031175598437026,0.07951451867821813,-0.7956885648370101,-0.9581377871527507,-0.5306038718723419,-0.22969507956656612,-0.08164965809277261,-0.43722819541551783,-0.1078489619050793,-0.08164965809277262,-0.7291796181945297,-0.9961458223557725,-0.958547514640966,0.4191979547539657,-0.9971134346828908,-0.0028736524671002803,-0.10527834823321645,-0.7873506726902065,-0.8202706357994438,-0.19389609348572942,-0.4973848672492461,-0.8672712867775809,-0.7919863665840899,-0.7849818426271344,1.0442162036961522,0.3235285311883679,-1.5576058671874127,1.1374788860762175,-0.44366661006795666,-0.1850583025494013,-0.34426518632954817,-0.3813771739533777,1.9677567906130091,-0.32250493633782445,-0.2501851166488378,-0.48650923597732115,-0.408030732073532,-0.8396668382714256,0.49829944054513414,-0.8041259160573513,-0.43502175163138596,-0.5732277470320264,-0.7498793298249649,-0.11585688927269844,-0.1423736993628749,-0.1850583025494013,-0.06916652743285642,-1.029882139131166,0.3783599910700389,1.2601177368580594,-0.3325250781121237,-0.7955793462767262,-0.0549526437328043,-0.4401646196306631,-0.29601761901900703,-0.23402132579539733,-0.9083432985070807,-0.30461351335365483,-0.2871057896387489,-0.9570823497509603,-0.8823492635317962,-0.6661851238422826,-0.8066522706448144,-0.44543540318737407,-0.36513981808175977,2.7354661520078225,-0.6961133411633624,-0.8079066623809701,-0.21663791079610198,-0.762291769811869,-0.6900083680603052,0.5810778995381293,-0.7160421888467345,-0.7747657498463855,-0.5204605339654889,-0.7071681405616813,-0.6663308010709861,-0.36476600869042364,0.06661879903838124,-0.025574722875090782,-0.2948745963484151,-0.7136624601978838,-0.671200784935944,0.31479042259877477,0.46200226148539447,0.19051949575234373,0.1632214440095226,0.3424214259965502,0.7257259661536316,0.3995122807956569,-0.10983780389073187,-0.41396633210742717,-0.18505830254940134,-0.20509449742850697,-0.0816496580927726,0.9787284789295669,-0.1649572197684645,-0.6548947442298997,-0.4139663321074272,1.764324365564924,-0.11585688927269844,-0.11585688927269847,-0.3184399010871054,-0.21286501985332265,-0.5828678671740337,-0.11585688927269844,-0.11585688927269844,-0.24473874221703176,-0.2034190510862431,-0.08164965809277261,-0.2794722107346492,-0.4025033049430488,-0.1423736993628749,-0.603234650793541,-0.08164965809277261,-0.0816496580927726,-0.14237369936287486,-0.2103806732152868,-0.18505830254940134,-0.280305955290694,-0.5578275643047641,-0.45651777194825466,-0.25629956685409805,-0.3813771739533776,-0.11585688927269844,6.0621778264910695,-0.14237369936287486,-0.08164965809277261,-0.0816496580927726,-0.11585688927269844,0.4155414179713004
1.93,compound_135,135,O=C(O)c1ccc([N+](=O)[O-])cc1,-0.658264178259979,-1.1248052633280472,1.1455414899615373,-1.6357389455558704,0.5389822814816075,-0.49148559352471993,-0.0535607734665577,-0.7592731667642246,0.24188135798417376,0.09640648270648176,-0.8119650111788296,-0.9692066248534467,-0.7153522860015902,-0.22969507956656612,-0.08164965809277261,-0.43722819541551783,-0.1078489619050793,-0.08164965809277262,0.06462300819753596,-1.1035636015588195,-0.9480250238212763,0.4191979547539657,-0.9971134346828908,-0.0028736524671002803,-0.10527834867436668,-0.6082222078762785,-0.8202706357994438,-0.4548160687791551,0.9065734154943795,0.3930224251100693,0.052775919309643954,0.741904559039368,1.0415260296676685,-0.9633091055141445,-1.0637739894109257,0.17253893215762853,-0.44366661006795666,-0.1850583025494013,-0.34426518632954817,-0.3813771739533777,-0.3004208840630549,-0.32250493633782445,-0.2501851166488378,-0.48650923597732115,-0.408030732073532,-0.33452862082526913,0.49829944054513414,-0.8041259160573513,-0.43502175163138596,-0.5732277470320264,-0.7498793298249649,-0.11585688927269844,-0.1423736993628749,-0.1850583025494013,-0.19458354883651188,-1.029882139131166,-0.7114743284423424,-0.46965587898313627,-0.025081379573785204,0.5342332819848411,-0.7803142062310864,1.1361615763709698,-0.29601761901900703,-0.23402132579539733,-0.9083432985070807,-0.30461351335365483,-0.6785193943012349,-0.43822546274250596,-0.7331615497846821,-0.4970252284596319,-0.8017627683803978,1.4763001934210112,-0.36513981808175977,-0.30708344176251406,-0.6961133411633624,-0.8079066623809701,-0.21663791079610198,-0.762291769811869,-0.858674225258427,-1.090194889000231,-0.7160421888467345,-0.7747657498463855,-0.03278757975681061,-0.7071681405616813,-0.6663308010709861,-0.36476600869042364,0.06661879903838124,-0.6922725817415895,0.1282143743010553,-0.8511425462143544,-0.671200784935944,0.28254713356980427,0.5848664472401905,0.18882203205098155,0.2179385225958622,0.3424214259965502,0.7257259661536316,0.3995122807956569,-0.10983780389073187,-0.41396633210742717,5.403702434442519,-0.20509449742850697,-0.0816496580927726,0.9787284789295669,-0.1649572197684645,-0.6548947442298997,-0.4139663321074272,-0.4557837944376053,-0.11585688927269844,-0.11585688927269847,-0.3184399010871054,-0.21286501985332265,-0.5828678671740337,-0.11585688927269844,-0.11585688927269844,-0.24473874221703176,-0.2034190510862431,-0.08164965809277261,-0.2794722107346492,-0.4025033049430488,-0.1423736993628749,-0.603234650793541,-0.08164965809277261,-0.0816496580927726,-0.14237369936287486,-0.2103806732152868,-0.18505830254940134,-0.280305955290694,-0.5578275643047641,-0.45651777194825466,-0.25629956685409805,-0.3813771739533776,-0.11585688927269844,-0.16495721976846447,-0.14237369936287486,-0.08164965809277261,-0.0816496580927726,-0.11585688927269844,0.53441435188191
2.903,compound_5,5,O=[N+]([O-])c1ccc(F)cc1F,-1.1796245984032625,-0.5919687542735583,1.197380593760043,-1.2172243883648772,0.8012243031274182,-1.0785205623187688,-0.10380436809476304,-0.5450048455519533,0.891127743503541,0.0647141068723561,-0.9586712419272582,-1.068974560908565,-0.90934670312336,0.2748117794275504,-0.08164965809277261,-0.43722819541551783,-0.1078489619050793,-0.08164965809277262,-0.7291796181945297,-1.319709726580694,-1.0336651170444109,0.2827648855204974,-0.9971134346828908,0.45450308749918966,-0.10527834948166338,-0.3175321691227857,-0.8788482026384152,1.1796992400050645,-1.2631032098276964,-0.19118115296363122,0.8105699024412918,-1.0329590759216254,0.8540758013931428,1.5568665740010255,-0.5858455910956203,-0.7924010217609605,-1.336915385004776,-0.1850583025494013,-0.34426518632954817,-0.3813771739533777,-0.3004208840630549,-0.32250493633782445,-0.2501851166488378,-0.48650923597732115,-0.408030732073532,-1.3448050557175821,-0.798997378805129,-0.8041259160573513,-0.43502175163138596,-0.5732277470320264,-1.1571878866723377,-0.11585688927269844,-0.1423736993628749,-0.1850583025494013,-1.2434005283644773,0.16062133859367989,-0.7114743284423424,1.2337754688670812,-1.5542631231630102,0.4714287434486923,-0.7803142062310864,1.0032961327358585,0.5884255576178857,-0.23402132579539733,-0.9083432985070807,-0.9246353900744995,-0.6785193943012349,-1.0849216089511409,-0.5643052089092951,-0.6815937397961981,-1.2715683102539779,-0.44543540318737407,-0.36513981808175977,-0.30708344176251406,-0.6961133411633624,-0.8079066623809701,-0.21453351204286267,-0.762291769811869,-1.0580066019471164,-1.090194889000231,0.47473509747232,-0.7747657498463855,-1.0775691586539007,-0.7071681405616813,0.8826362483309698,-0.8798047160121578,-0.39498307471953714,-0.6922725817415895,-0.2948745963484151,-0.6511067496988795,-0.671200784935944,-0.8702182314302076,0.7069505346289467,-0.5055417767858825,0.24043605137959656,0.3424214259965502,0.7257259661536316,0.3995122807956569,-0.10983780389073187,-0.41396633210742717,-0.18505830254940134,-0.20509449742850697,-0.0816496580927726,-0.5293123406455822,-0.1649572197684645,-0.6548947442298997,-0.4139663321074272,-0.4557837944376053,-0.11585688927269844,-0.11585688927269847,-0.3184399010871054,-0.21286501985332265,-0.5828678671740337,-0.11585688927269844,-0.11585688927269844,-0.24473874221703176,-0.2034190510862431,-0.08164965809277261,-0.2794722107346492,-0.4025033049430488,-0.1423736993628749,0.9672555607551606,-0.08164965809277261,-0.0816496580927726,-0.14237369936287486,-0.2103806732152868,-0.18505830254940134,-0.280305955290694,-0.5578275643047641,-0.45651777194825466,-0.25629956685409805,-0.3813771739533776,-0.11585688927269844,-0.16495721976846447,-0.14237369936287486,-0.08164965809277261,-0.0816496580927726,-0.11585688927269844,-0.06149710838836243
1.52,compound_25,25,O=C(Cl)c1ccc([N+](=O)[O-])cc1,-1.0801517851968538,-1.1649712289717986,1.166968642985463,-1.5118169934270709,0.8912624775512459,0.3407324105158531,-0.053549743167544996,0.8467440307900798,0.33303135672148754,0.20701884152821592,-0.824615057915773,-0.7630732929333369,-0.7390884740450748,-0.22969507956656612,-0.08164965809277261,-0.43722819541551783,-0.1078489619050793,-0.08164965809277262,-0.7291796181945297,-0.31905870304628103,-0.7559058524300234,0.11904520244033535,-0.9971134346828908,0.5717791746700337,-0.10527834914813802,-0.2400256192521355,-0.6667275828455442,-0.6273821900049693,-1.6249712133989642,-0.8672885251364291,-0.2557665973121899,-0.7850027274537936,1.1679642090064004,1.3570496597661552,-0.5027849315263397,-0.7924010217609605,-0.8902909975363662,-0.1850583025494013,-0.34426518632954817,-0.3813771739533777,-0.3004208840630549,-0.32250493633782445,-0.2501851166488378,-0.48650923597732115,-0.408030732073532,-0.8396668382714256,-0.798997378805129,-0.8041259160573513,-0.43502175163138596,-0.5732277470320264,-0.7498793298249649,-0.11585688927269844,-0.1423736993628749,-0.1850583025494013,-1.2434005283644773,-1.029882139131166,-0.7114743284423424,-0.46965587898313627,0.7936288214162032,-0.7955793462767262,-0.0549526437328043,-0.4401646196306631,-0.29601761901900703,-0.23402132579539733,-0.9083432985070807,0.8857767708127443,-0.2871057896387489,-0.9570823497509603,-0.26100254952584256,-0.8752127780669425,0.054064509365755055,-0.44543540318737407,-0.36513981808175977,-0.30708344176251406,-0.6961133411633624,-0.8079066623809701,-0.21663791079610198,-0.762291769811869,-0.9671022763143625,-1.090194889000231,-0.7160421888467345,-0.7747657498463855,-0.5831536675412189,-0.7071681405616813,-0.6663308010709861,-0.36476600869042364,0.06661879903838124,-0.6922725817415895,-0.2948745963484151,-0.972227390323045,0.3261857535788437,0.2633388706680325,0.6330236009159009,0.7042066539008773,0.34172757722961233,0.3424214259965502,0.7257259661536316,0.3995122807956569,-0.10983780389073187,-0.41396633210742717,-0.18505830254940134,-0.20509449742850697,-0.0816496580927726,0.9787284789295669,-0.1649572197684645,-0.6548947442298997,-0.4139663321074272,-0.4557837944376053,-0.11585688927269844,-0.11585688927269847,-0.3184399010871054,-0.21286501985332265,-0.5828678671740337,-0.11585688927269844,-0.11585688927269844,-0.24473874221703176,-0.2034190510862431,-0.08164965809277261,-0.2794722107346492,-0.4025033049430488,-0.1423736993628749,0.18201045498080975,-0.08164965809277261,-0.0816496580927726,-0.14237369936287486,-0.2103806732152868,-0.18505830254940134,-0.280305955290694,-0.5578275643047641,-0.45651777194825466,-0.25629956685409805,-0.3813771739533776,-0.11585688927269844,-0.16495721976846447,-0.14237369936287486,-0.08164965809277261,-0.0816496580927726,-0.11585688927269844,-0.5990126519176661
2.5,compound_3,3,O=[N+]([O-])c1ccc(Cl)c([N+](=O)[O-])c1,-1.1118661551900044,-0.21288471779596943,1.006345045400319,-0.2990283268532291,0.7679578819370412,-0.023792416333921432,-0.2230159585868239,0.8467422079719502,0.7696821519482806,0.2572828054479458,-0.690325641562018,-0.6500566983281261,-0.7787631494035375,0.4435785872987313,-0.08164965809277261,-0.43722819541551783,-0.1078489619050793,-0.08164965809277262,-0.7291796181945297,-0.42480051919454864,-0.5742229171595351,-0.5736149952065045,-0.9971134346828908,0.25513373930875577,-0.10527834915275996,0.28931943613286204,-0.5866170508155749,-0.9374952020829042,-1.391483715670865,-0.38617931598616434,-0.07945658781399914,-1.0309236624876243,1.2080847690480696,1.5558527658183998,-0.3523198875050035,-0.7924010217609605,0.00295777740045296,-0.1850583025494013,-0.34426518632954817,-0.3813771739533777,-0.3004208840630549,-0.32250493633782445,-0.2501851166488378,-0.48650923597732115,-0.408030732073532,-0.33452862082526913,-0.798997378805129,-0.03562583172405988,-0.43502175163138596,-0.5732277470320264,-0.7498793298249649,-0.11585688927269844,-0.1423736993628749,-0.1850583025494013,-1.2434005283644773,-0.0019922599718506786,-0.7114743284423424,-0.46965587898313627,0.8892129669387627,-0.7955793462767262,0.7498726337854658,-0.4401646196306631,-0.29601761901900703,-0.23402132579539733,0.007294656942094409,-0.9246353900744995,-1.1036304770124312,-0.06223912242006773,0.08344479381107528,-0.967152645356769,0.08908440395531816,-0.44543540318737407,-0.36513981808175977,-0.30708344176251406,-0.6961133411633624,-0.8079066623809701,0.043439710309976676,-0.762291769811869,-1.1459622237827003,-1.090194889000231,0.055230039504731064,-0.7747657498463855,-0.6132496063484922,-0.7071681405616813,0.680252572121473,-0.8798047160121578,-0.39498307471953714,0.49361744361734783,-0.2948745963484151,-1.1135028820215256,0.38702084477011844,0.11115288478369537,0.5099621134015554,0.7042066539008773,0.5671474340184895,0.3424214259965502,0.7257259661536316,0.3995122807956569,-0.10983780389073187,-0.41396633210742717,-0.18505830254940134,-0.20509449742850697,-0.0816496580927726,-0.5293123406455822,-0.1649572197684645,0.4817616509277422,-0.4139663321074272,-0.4557837944376053,-0.11585688927269844,-0.11585688927269847,-0.3184399010871054,-0.21286501985332265,-0.5828678671740337,-0.11585688927269844,-0.11585688927269844,-0.24473874221703176,-0.2034190510862431,-0.08164965809277261,-0.2794722107346492,-0.4025033049430488,-0.1423736993628749,0.18201045498080975,-0.08164965809277261,-0.0816496580927726,-0.14237369936287486,-0.2103806732152868,-0.18505830254940134,-0.280305955290694,1.1611920726344063,1.146602776056082,-0.25629956685409805,-0.3813771739533776,-0.11585688927269844,-0.16495721976846447,-0.14237369936287486,-0.08164965809277261,-0.0816496580927726,-0.11585688927269844,0.6394400234020249
1.808,compound_9,9,Nc1cc([N+](=O)[O-])ccc1O,-0.8167238641328595,-1.1369196549158893,0.8591332484999815,-0.6094086613992421,0.9005423049904205,-0.8086770644336327,-0.05263346646809765,-0.7592728644683638,0.6525081501491244,0.1889970564278306,-0.9128946186709986,-1.0378440547361225,-0.9157974803799888,-0.8364936638409942,-0.08164965809277261,0.7844817684740985,-0.1078489619050793,-0.08164965809277262,0.06462300819753596,-0.991483329630433,-1.0868685406248306,1.5925223501617933,-0.9971134346828908,0.1495852608549969,-0.10527834872595812,-1.0030694835926794,-0.9569001852350951,-0.8409345259007003,1.2592917110124688,-0.4059143767291617,-1.3424804654711353,-0.22603309470970867,1.2469367381805239,-1.2866030262845245,-1.4019495319429969,2.1024188399948067,-0.44366661006795666,-0.1850583025494013,-0.34426518632954817,-0.3813771739533777,-0.3004208840630549,-0.32250493633782445,-0.2501851166488378,-0.48650923597732115,-0.408030732073532,-0.33452862082526913,1.7955962598953972,-0.8041259160573513,-0.43502175163138596,-0.5732277470320264,-0.34257077297759186,-0.11585688927269844,-0.1423736993628749,-0.1850583025494013,0.9796504520951096,0.1467645826931329,0.3783599910700389,-0.46965587898313627,-0.025081379573785204,-0.7955793462767262,-0.7803142062310864,-0.4401646196306631,-0.29601761901900703,-0.23402132579539733,-0.9083432985070807,-0.9246353900744995,-0.6785193943012349,-0.5545063546614319,-1.1597749650941218,-0.7443932738553172,-0.8239507967026044,1.4763001934210112,-0.36513981808175977,-0.30708344176251406,-0.6961133411633624,-0.07329925148241778,-1.0714545476264294,0.6995374463304165,-0.6374371917907607,0.5810778995381293,0.055230039504731064,0.8729754927846599,-0.46077824576931575,-0.7071681405616813,-0.6663308010709861,-0.8798047160121578,-0.39498307471953714,-0.025574722875090782,-0.2948745963484151,-0.7180584857141745,-0.671200784935944,-0.8091603548811095,0.5667773371849069,0.44300093953527353,0.6393196935436392,0.3424214259965502,0.7257259661536316,0.3995122807956569,-0.10983780389073187,1.901178710419295,-0.18505830254940134,-0.20509449742850697,-0.0816496580927726,-0.5293123406455822,-0.1649572197684645,-0.6548947442298997,-0.4139663321074272,1.764324365564924,-0.11585688927269844,-0.11585688927269847,-0.3184399010871054,-0.21286501985332265,1.0173693681583134,-0.11585688927269844,-0.11585688927269844,-0.24473874221703176,-0.2034190510862431,-0.08164965809277261,-0.2794722107346492,-0.4025033049430488,-0.1423736993628749,-0.603234650793541,-0.08164965809277261,-0.0816496580927726,-0.14237369936287486,-0.2103806732152868,-0.18505830254940134,-0.280305955290694,-0.5578275643047641,-0.45651777194825466,-0.25629956685409805,2.3609063149494802,-0.11585688927269844,-0.16495721976846447,-0.14237369936287486,-0.08164965809277261,-0.0816496580927726,-0.11585688927269844,-1.7445270676782347
1.936,compound_12,12,Nc1ccccc1[N+](=O)[O-],-0.9246774703054554,-1.1011005764347854,1.1194081894760595,-1.063366673659353,0.6984028989103683,-0.8107033352968732,-0.035538366486786765,-0.7592607292882012,0.7766747525057432,0.19462760949317026,-1.1006538489100939,-1.1655301849072022,-0.906232618490998,-0.8364936638409942,-0.08164965809277261,0.7844817684740985,-0.1078489619050793,-0.08164965809277262,-0.7291796181945297,-0.9961458223557725,-1.2579088618383902,0.8394118079930487,-0.9971134346828908,0.3841374351966837,-0.10527834912724138,-1.1899017609026494,-1.1816411444010853,-0.8371031353985775,-0.1519302401077048,-0.4365587205431043,-1.279924317870334,-0.2631597037026393,1.2549117316372076,0.006892330923188087,-1.1593596690739867,1.1374788860762175,-0.8902909975363662,-0.1850583025494013,-0.34426518632954817,-0.3813771739533777,-0.3004208840630549,-0.32250493633782445,-0.2501851166488378,-0.48650923597732115,-0.408030732073532,-0.8396668382714256,0.49829944054513414,-1.188375958223997,-0.43502175163138596,-0.5732277470320264,-0.7498793298249649,-0.11585688927269844,-0.1423736993628749,-0.1850583025494013,-0.06916652743285642,0.134050488525099,0.3783599910700389,-0.46965587898313627,-0.3325250781121237,-0.7955793462767262,-0.7803142062310864,-0.4401646196306631,-0.29601761901900703,-0.23402132579539733,0.045487677914223,-0.9246353900744995,-1.1036304770124312,-0.9570823497509603,-1.2635946358717816,-1.0211082685987276,-0.8239507967026044,-0.44543540318737407,-0.36513981808175977,-0.30708344176251406,-0.6961133411633624,-0.07329925148241778,-0.6264073474354356,-0.762291769811869,-0.5165234863708085,0.5810778995381293,0.055230039504731064,-0.7747657498463855,-1.0775691586539007,-0.7071681405616813,-0.6663308010709861,-0.8196112698700501,0.06661879903838124,-0.025574722875090782,-0.2948745963484151,-0.7130152081033584,-0.671200784935944,-0.8073657396899833,0.553562237999012,0.7042066539008773,0.4506001736214169,0.3424214259965502,0.7257259661536316,0.3995122807956569,-0.10983780389073187,1.901178710419295,-0.18505830254940134,-0.20509449742850697,-0.0816496580927726,-0.5293123406455822,-0.1649572197684645,-0.6548947442298997,-0.4139663321074272,1.764324365564924,-0.11585688927269844,-0.11585688927269847,-0.3184399010871054,-0.21286501985332265,1.0173693681583134,-0.11585688927269844,-0.11585688927269844,-0.24473874221703176,-0.2034190510862431,-0.08164965809277261,-0.2794722107346492,-0.4025033049430488,-0.1423736993628749,-0.603234650793541,-0.08164965809277261,-0.0816496580927726,-0.14237369936287486,-0.2103806732152868,-0.18505830254940134,-0.280305955290694,-0.5578275643047641,-0.45651777194825466,6.780288541322049,-0.3813771739533776,-0.11585688927269844,-0.16495721976846447,-0.14237369936287486,-0.08164965809277261,-0.0816496580927726,-0.11585688927269844,-0.9730821236746605
3.79,compound_104,104,O=[N+]([O-])c1ccc(O)c([N+](=O)[O-])c1,-0.8167238641328595,-0.1454440788743733,0.9672979232106579,-0.2061898766259511,0.7964300479109508,-0.8587973980115852,-0.2356037294910334,-0.7587799627182725,0.6256653103570434,0.29744473552251555,-0.6763976805960994,-0.8770137254807266,-0.7550269613600527,0.4435785872987313,-0.08164965809277261,-0.43722819541551783,-0.1078489619050793,-0.08164965809277262,0.06462300819753596,-1.209305417707087,-0.7663420885507881,-0.2965509161477687,-0.9971134346828908,-0.3195190878283785,-0.10527834872595812,-0.16572171397348776,-0.7342646482979062,-0.8659285802881354,1.2129215719112771,0.04806151596672572,0.39861478409455686,0.3239733130851395,1.1764662569666244,-1.244101164977125,-1.133320811510601,0.17253893215762853,0.44958216486886254,-0.1850583025494013,-0.34426518632954817,-0.3813771739533777,-0.3004208840630549,-0.32250493633782445,-0.2501851166488378,-0.48650923597732115,-0.408030732073532,0.1706095966208874,0.49829944054513414,-0.03562583172405988,-0.43502175163138596,-0.5732277470320264,-0.34257077297759186,-0.11585688927269844,-0.1423736993628749,-0.1850583025494013,-0.19458354883651188,-1.029882139131166,1.5076178110181495,-0.46965587898313627,-0.025081379573785204,0.4714287434486923,0.7498726337854658,-0.4401646196306631,-0.29601761901900703,-0.23402132579539733,-0.9083432985070807,-0.9246353900744995,-1.1036304770124312,-0.06223912242006773,-0.46068679651712635,-0.5889650957494582,-0.8239507967026044,1.4763001934210112,-0.36513981808175977,-0.30708344176251406,-0.6961133411633624,-0.8079066623809701,-0.32649640335782654,0.6995374463304165,-1.04587479203876,-1.090194889000231,0.055230039504731064,0.8729754927846599,0.003541306536093114,-0.7071681405616813,0.680252572121473,-0.8798047160121578,-0.39498307471953714,-0.6922725817415895,-0.2948745963484151,-0.9888945247338884,-0.671200784935944,0.11092036979802192,0.45750534964339046,0.3513378996617188,0.4417906888714674,0.3424214259965502,0.7257259661536316,0.3995122807956569,-0.10983780389073187,-0.41396633210742717,-0.18505830254940134,-0.20509449742850697,-0.0816496580927726,-0.5293123406455822,-0.1649572197684645,0.4817616509277422,-0.4139663321074272,-0.4557837944376053,-0.11585688927269844,-0.11585688927269847,-0.3184399010871054,-0.21286501985332265,-0.5828678671740337,-0.11585688927269844,-0.11585688927269844,-0.24473874221703176,-0.2034190510862431,-0.08164965809277261,-0.2794722107346492,-0.4025033049430488,-0.1423736993628749,-0.603234650793541,-0.08164965809277261,-0.0816496580927726,-0.14237369936287486,-0.2103806732152868,-0.18505830254940134,-0.280305955290694,1.1611920726344063,1.146602776056082,-0.25629956685409805,2.3609063149494802,-0.11585688927269844,-0.16495721976846447,-0.14237369936287486,-0.08164965809277261,-0.0816496580927726,-0.11585688927269844,0.6869827072040253
2.401,compound_23,23,O=[N+]([O-])c1cc(C(F)(F)F)ccc1Cl,-1.1764545743350447,1.096313066629125,0.0912264457982867,0.21369228535358134,-0.10783189520890946,-0.024473147423178635,-0.05476255593746941,0.846742215781006,0.12068162414151784,0.28162726318633474,-0.44469232074882187,-0.48301314933312345,-0.7418939805715855,0.8304645010618225,-0.08164965809277261,-0.43722819541551783,-0.1078489619050793,-0.08164965809277262,-0.7291796181945297,-0.42480051919454864,-0.32824962050873224,0.11904520244033535,-0.2153973442972486,0.7125104792750463,-0.1052783489957552,0.7695477299844087,-0.4288522370423722,0.8165615188998882,0.13621117559098003,1.9342485051885234,0.36321715911068986,-1.0319127275634479,-1.1200994421628319,1.5563454039479656,0.5628305938208206,-0.7924010217609605,-1.336915385004776,-0.1850583025494013,-0.34426518632954817,-0.3813771739533777,-0.3004208840630549,-0.32250493633782445,-0.2501851166488378,-0.48650923597732115,-0.408030732073532,-1.3448050557175821,-0.798997378805129,-0.03562583172405988,-0.43502175163138596,-0.5732277470320264,-1.1571878866723377,-0.11585688927269844,-0.1423736993628749,-0.1850583025494013,-1.2434005283644773,-0.0019922599718506786,-0.7114743284423424,-0.46965587898313627,-0.3325250781121237,0.5803462209725962,-0.7803142062310864,-0.4401646196306631,2.3573119108916716,-0.23402132579539733,0.007294656942094409,-0.30461351335365483,-1.1036304770124312,-0.5660647219426868,0.3839385367086565,-0.35658637085065314,-0.35853310959605517,-0.44543540318737407,-0.36513981808175977,-0.30708344176251406,-0.26966407273190296,-0.8079066623809701,-0.29174899731929305,-0.762291769811869,-0.9171909512251224,-1.090194889000231,1.0701237406318476,-0.7747657498463855,-1.0775691586539007,0.05868635327530716,-0.6663308010709861,-0.6354996075579553,-0.39498307471953714,0.49361744361734783,-0.2948745963484151,-0.41640739356830336,0.3674928146694504,-0.8466873884551033,0.252209462980637,0.7042066539008773,0.12689255620104903,-0.6083949254271415,0.7257259661536316,0.3995122807956569,-0.10983780389073187,-0.41396633210742717,-0.18505830254940134,-0.20509449742850697,-0.0816496580927726,-0.5293123406455822,-0.1649572197684645,-0.6548947442298997,-0.4139663321074272,-0.4557837944376053,-0.11585688927269844,-0.11585688927269847,3.0362874289700748,-0.21286501985332265,-0.5828678671740337,-0.11585688927269844,-0.11585688927269844,-0.24473874221703176,-0.2034190510862431,-0.08164965809277261,-0.2794722107346492,-0.4025033049430488,-0.1423736993628749,2.5377457723038623,-0.08164965809277261,-0.0816496580927726,-0.14237369936287486,-0.2103806732152868,-0.18505830254940134,-0.280305955290694,-0.5578275643047641,-0.45651777194825466,-0.25629956685409805,-0.3813771739533776,-0.11585688927269844,-0.16495721976846447,-0.14237369936287486,-0.08164965809277261,-0.0816496580927726,-0.11585688927269844,0.6452967165131039
1.863,compound_15,15,Nc1ccc(N)c([N+](=O)[O-])c1,-0.8350343397044111,-0.8667865950427478,0.8156152384604357,-0.71505702587174,0.49914010150431093,-0.7391390432706977,-0.034442341447854664,-0.7592594025479278,0.534934668713964,0.3001215416677488,-0.8949739173465766,-1.0256570373567195,-0.9178261879309727,-0.8364936638409942,-0.08164965809277261,2.006191732363715,-0.1078489619050793,-0.08164965809277262,-0.7291796181945297,-0.884065550427386,-1.0973910314445203,0.6102042516808222,-0.9971134346828908,0.14958526085499613,-0.10527834832495876,-1.1336222914960736,-0.9569001852350956,-0.6895274059323241,-0.08482847340179277,-0.3973521036737211,-1.3142134317269796,-0.21565962527762977,1.2277947774300926,-0.054611689493754195,-1.5036329187569772,3.067358793913396,-0.44366661006795666,-0.1850583025494013,-0.34426518632954817,-0.3813771739533777,-0.3004208840630549,-0.32250493633782445,-0.2501851166488378,-0.48650923597732115,-0.408030732073532,-0.33452862082526913,1.7955962598953972,-0.8041259160573513,-0.43502175163138596,-0.5732277470320264,-0.34257077297759186,-0.11585688927269844,-0.1423736993628749,-0.1850583025494013,1.1050674734987644,0.134050488525099,1.4681943105824202,-0.46965587898313627,-0.3325250781121237,-0.7955793462767262,-0.7803142062310864,-0.4401646196306631,-0.29601761901900703,-0.23402132579539733,-0.9083432985070807,-0.30461351335365483,-0.7034975080804389,-1.0849216089511409,-1.2568231896731776,-0.9135531692379678,-0.376333283151231,-0.44543540318737407,-0.36513981808175977,-0.30708344176251406,-0.6961133411633624,0.6613081594161345,-1.0714545476264294,-0.762291769811869,-0.4534380748473549,2.2523506880764894,0.8265022678561967,-0.7747657498463855,-1.0775691586539007,-0.7071681405616813,-0.6663308010709861,-0.8798047160121578,-0.39498307471953714,0.6411231359914079,-0.2948745963484151,-0.5751549073780805,-0.671200784935944,-0.7955760246550618,0.27219361247715146,0.7042066539008773,0.6461637155605324,0.3424214259965502,0.7257259661536316,0.3995122807956569,-0.10983780389073187,4.216323752946018,-0.18505830254940134,-0.20509449742850697,-0.0816496580927726,-0.5293123406455822,-0.1649572197684645,-0.6548947442298997,-0.4139663321074272,3.984432525567453,-0.11585688927269844,-0.11585688927269847,-0.3184399010871054,-0.21286501985332265,2.617606603490661,-0.11585688927269844,-0.11585688927269844,-0.24473874221703176,-0.2034190510862431,-0.08164965809277261,-0.2794722107346492,-0.4025033049430488,-0.1423736993628749,-0.603234650793541,-0.08164965809277261,-0.0816496580927726,-0.14237369936287486,-0.2103806732152868,-0.18505830254940134,-0.280305955290694,-0.5578275643047641,-0.45651777194825466,-0.25629956685409805,-0.3813771739533776,-0.11585688927269844,-0.16495721976846447,-0.14237369936287486,-0.08164965809277261,-0.0816496580927726,-0.11585688927269844,-1.0273123599873542
1.705,compound_77,77,CCOc1ccc([N+](=O)[O-])cc1,-0.5009276311189701,-1.442982534060597,0.5259114234857645,-1.19922911182006,0.8147859987407252,-1.0311005713559875,-0.053761256540392696,-0.759268177682761,0.9260999386429676,-0.22466392434878701,-0.9308153199954202,-1.0500310721155253,-0.46627226446568343,-0.8364936638409942,-0.08164965809277261,-0.43722819541551783,-0.1078489619050793,-0.08164965809277262,0.006830447740405579,-0.6852588296910893,-0.9476359383448177,1.019503459381227,0.37088972349198374,0.3841374351966837,-0.10527834547933469,-1.0995935948330398,-0.5588543274167823,-0.7747370700536281,1.1101011611634368,-0.8630139697055154,0.48787172640301707,-0.7798239659483853,-0.0500072785073851,-1.149858212036269,-0.48655184627321635,-0.7924010217609605,-0.8902909975363662,-0.1850583025494013,-0.34426518632954817,-0.3813771739533777,-0.3004208840630549,-0.32250493633782445,-0.2501851166488378,-0.48650923597732115,-0.408030732073532,-0.8396668382714256,-0.798997378805129,-1.188375958223997,-0.43502175163138596,-0.5732277470320264,-0.34257077297759186,-0.11585688927269844,-0.1423736993628749,-0.1850583025494013,-0.2709423522500662,0.1467645826931329,-0.7114743284423424,-0.46965587898313627,-0.3325250781121237,-0.7955793462767262,-0.7803142062310864,-0.4401646196306631,-0.29601761901900703,-0.23402132579539733,-0.9083432985070807,0.39846967488460744,-0.3892024756258782,-0.08970178449121627,-0.9454364291820503,-0.3721194292193027,-1.2715683102539779,-0.44543540318737407,-0.36513981808175977,-0.30708344176251406,-0.22301697567202783,0.03449151708642146,-0.6264073474354356,0.6995374463304165,0.24970140775780267,0.2938928536832671,-0.7160421888467345,0.8729754927846599,-0.4589884796411379,-0.7071681405616813,-0.6663308010709861,-0.21776027135266465,0.06661879903838124,-0.6922725817415895,-0.2948745963484151,-0.21037747866906062,-0.671200784935944,-0.8087564275755775,0.767587440426859,0.33644265568226595,0.05074561865319877,0.3424214259965502,-0.04734702596855357,0.3995122807956569,-0.10983780389073187,-0.41396633210742717,-0.18505830254940134,-0.20509449742850697,-0.0816496580927726,-0.5293123406455822,-0.1649572197684645,-0.6548947442298997,-0.4139663321074272,-0.4557837944376053,-0.11585688927269844,-0.11585688927269847,-0.3184399010871054,-0.21286501985332265,-0.5828678671740337,-0.11585688927269844,-0.11585688927269844,-0.24473874221703176,-0.2034190510862431,-0.08164965809277261,-0.2794722107346492,1.1169466712169605,-0.1423736993628749,-0.603234650793541,-0.08164965809277261,-0.0816496580927726,-0.14237369936287486,-0.2103806732152868,-0.18505830254940134,-0.280305955290694,-0.5578275643047641,-0.45651777194825466,-0.25629956685409805,-0.3813771739533776,-0.11585688927269844,-0.16495721976846447,-0.14237369936287486,-0.08164965809277261,-0.0816496580927726,-0.11585688927269844,0.35384058410847513
1.077,compound_79,79,COc1ccc(N)c([N+](=O)[O-])c1,-0.6458100275630847,-0.7276461857584597,0.5260741135943497,-0.4775484473847295,0.5506734415728075,-0.7748214240364703,-0.03639344929467948,-0.7592407867744525,0.6097721910948067,0.0948294537055182,-0.8190150035514506,-0.9740009896505823,-0.6859734334260762,-0.8364936638409942,-0.08164965809277261,0.7844817684740985,-0.1078489619050793,-0.08164965809277262,0.006830447740405579,-0.7846621900592373,-0.9369933242878892,1.6198089640084887,-0.2153973442972486,0.14958526085499613,-0.10527834682041869,-1.0324241663383873,-0.907080468741872,-0.6109851684715477,1.1429036275639912,-0.3660033852155229,-1.096132550217908,-0.17767964372888304,0.07994459752161255,-1.179924239538463,-1.1522731445472427,1.1374788860762175,-0.44366661006795666,-0.1850583025494013,-0.34426518632954817,-0.3813771739533777,-0.3004208840630549,-0.32250493633782445,-0.2501851166488378,-0.48650923597732115,-0.408030732073532,-0.33452862082526913,0.49829944054513414,-0.8041259160573513,-0.43502175163138596,-0.5732277470320264,-0.34257077297759186,-0.11585688927269844,-0.1423736993628749,-0.1850583025494013,0.9032916486815548,1.310697210349398,0.3783599910700389,-0.46965587898313627,-0.3325250781121237,-0.7955793462767262,-0.7803142062310864,-0.4401646196306631,-0.29601761901900703,-0.23402132579539733,-0.9083432985070807,-0.30461351335365483,-1.5287415597236276,0.518493686317697,-1.061577245203379,-0.4675094395863438,-0.8239507967026044,-0.44543540318737407,-0.36513981808175977,-0.30708344176251406,-0.6961133411633624,0.8306147106573522,-1.0714545476264294,0.6995374463304165,-0.15991567400906467,1.9651656422216275,0.055230039504731064,0.8729754927846599,-0.4138168784399812,-0.7071681405616813,-0.6663308010709861,-0.6992243775858348,-0.39498307471953714,-0.025574722875090782,-0.2948745963484151,-0.3631291019920683,-0.671200784935944,-0.7924243606085644,0.45710888478693673,0.3502175736188198,0.5187596133999095,0.3424214259965502,0.7257259661536316,-0.932428301020429,-0.10983780389073187,1.901178710419295,-0.18505830254940134,-0.20509449742850697,-0.0816496580927726,-0.5293123406455822,-0.1649572197684645,-0.6548947442298997,-0.4139663321074272,1.764324365564924,-0.11585688927269844,-0.11585688927269847,-0.3184399010871054,-0.21286501985332265,1.0173693681583134,-0.11585688927269844,-0.11585688927269844,-0.24473874221703176,-0.2034190510862431,-0.08164965809277261,-0.2794722107346492,1.1169466712169605,-0.1423736993628749,-0.603234650793541,-0.08164965809277261,-0.0816496580927726,-0.14237369936287486,-0.2103806732152868,-0.18505830254940134,3.567530340063379,-0.5578275643047641,-0.45651777194825466,-0.25629956685409805,-0.3813771739533776,-0.11585688927269844,-0.16495721976846447,-0.14237369936287486,-0.08164965809277261,-0.0816496580927726,-0.11585688927269844,-0.5447201158417777
2.42,compound_102,102,O=C(O)c1cc([N+](=O)[O-])cc([N+](=O)[O-])c1O,-0.317041869896226,0.5880783056740316,0.5086365830485156,0.1836163938326774,0.12965713241572333,-0.43143697433376765,-0.23638785034305612,-0.7587648477878923,-0.16864504834656305,0.5432485397474652,-0.1820289113013177,-0.5408170178764883,-0.5757401983106194,1.05037717157316,-0.08164965809277261,-0.43722819541551783,-0.1078489619050793,-0.08164965809277262,0.8584256345896013,-1.2046429249817474,-0.2959404201398045,-0.33118392603011054,-0.9971134346828908,-0.9410823498338498,-0.10527834548018808,0.632185280413581,-0.6144430988475721,-0.25711530460347226,1.2053990761418585,0.4753276278413088,0.8079252522988202,0.841619961608906,0.8917113360516289,-1.2372062089111184,-1.3820083815305306,1.1374788860762175,1.3428309398056817,-0.1850583025494013,-0.34426518632954817,-0.3813771739533777,-0.3004208840630549,-0.32250493633782445,-0.2501851166488378,-0.48650923597732115,-0.408030732073532,1.1808860315132004,1.7955962598953972,0.7328742526092316,-0.43502175163138596,-0.5732277470320264,0.0647377838697811,-0.11585688927269844,-0.1423736993628749,-0.1850583025494013,0.8542334306914532,0.10868703848800981,-0.7114743284423424,1.2139485361263138,0.2823623189645535,1.8012413717102598,0.7498726337854658,1.1361615763709698,-0.29601761901900703,-0.23402132579539733,-0.9083432985070807,-1.5446572667953442,-1.1036304770124312,-0.19007838162024807,0.19167222533640735,0.04267304375039717,-0.35414525482902454,3.398035790029396,-0.36513981808175977,-0.30708344176251406,-0.6961133411633624,-0.8079066623809701,-0.3617741669094872,0.6995374463304165,-1.1598632559693591,-1.090194889000231,0.055230039504731064,0.8729754927846599,1.048322885433183,-0.7071681405616813,0.680252572121473,-0.485152900974639,-0.8565849484774555,-0.6922725817415895,0.1282143743010553,-0.997515736139515,-0.671200784935944,1.2519376310944101,0.08263897661337904,-0.3358972544717517,0.6816405327751528,0.3424214259965502,0.7257259661536316,0.3995122807956569,-0.10983780389073187,-0.41396633210742717,5.403702434442519,-0.20509449742850697,-0.0816496580927726,0.9787284789295669,-0.1649572197684645,0.4817616509277422,-0.4139663321074272,-0.4557837944376053,-0.11585688927269844,-0.11585688927269847,-0.3184399010871054,-0.21286501985332265,-0.5828678671740337,-0.11585688927269844,-0.11585688927269844,-0.24473874221703176,-0.2034190510862431,-0.08164965809277261,-0.2794722107346492,-0.4025033049430488,-0.1423736993628749,-0.603234650793541,-0.08164965809277261,-0.0816496580927726,-0.14237369936287486,-0.2103806732152868,-0.18505830254940134,-0.280305955290694,1.1611920726344063,1.146602776056082,-0.25629956685409805,-0.3813771739533776,-0.11585688927269844,-0.16495721976846447,-0.14237369936287486,-0.08164965809277261,-0.0816496580927726,-0.11585688927269844,0.9371914678272761
3.611,compound_1,1,O=[N+]([O-])c1cc([N+](=O)[O-])c(F)cc1F,-1.1118661551900044,0.39998614144661465,0.8930748795168058,-0.4451090028988118,0.36691354831002254,-0.9377288499783114,-0.2835282979574715,-0.5450005745153474,0.5823066741407792,0.2572828054479458,-0.5164943722888417,-0.7682710841026865,-0.760169753543399,1.5548840305672764,-0.08164965809277261,-0.43722819541551783,-0.1078489619050793,-0.08164965809277262,-0.7291796181945297,-1.4254515427289618,-0.5526208345764985,-1.4245975237440507,-0.9971134346828908,-0.2491534355258722,-0.10527834915275996,0.8696807345535682,-0.7812453337896386,1.290761386922967,-1.176770086929601,-0.06004909157657915,1.3919860645326338,-1.0330443075941587,0.7516339743884848,1.556909026588588,-0.6614901203462155,-0.7924010217609605,0.00295777740045296,-0.1850583025494013,-0.34426518632954817,-0.3813771739533777,-0.3004208840630549,-0.32250493633782445,-0.2501851166488378,-0.48650923597732115,-0.408030732073532,-0.33452862082526913,-0.798997378805129,0.34862421044258585,-0.43502175163138596,-0.5732277470320264,-0.7498793298249649,-0.11585688927269844,-0.1423736993628749,-0.1850583025494013,-1.2434005283644773,0.20670843941208858,-0.7114743284423424,2.9372068167172984,-1.5542631231630102,1.7384368331741107,0.7498726337854658,-0.4401646196306631,1.4728687342547786,-0.23402132579539733,-0.9083432985070807,-1.5446572667953442,-1.1036304770124312,-0.7536045605289325,0.3747671493323942,-0.4186104623295792,-0.8239507967026044,-0.44543540318737407,-0.36513981808175977,-0.30708344176251406,-0.6961133411633624,-0.8079066623809701,0.08537743203474583,-0.762291769811869,-1.288944269131187,-1.090194889000231,1.2460073258237856,-0.7747657498463855,-0.6132496063484922,-0.7071681405616813,2.229219621523429,-0.9399981621542656,-0.8565849484774555,-0.6922725817415895,-0.2948745963484151,-0.7722890906142238,-0.671200784935944,0.007699911857144783,0.24815954932410816,-0.6923985810318254,0.45930436572495237,0.3424214259965502,0.7257259661536316,0.3995122807956569,-0.10983780389073187,-0.41396633210742717,-0.18505830254940134,-0.20509449742850697,-0.0816496580927726,-0.5293123406455822,-0.1649572197684645,0.4817616509277422,-0.4139663321074272,-0.4557837944376053,-0.11585688927269844,-0.11585688927269847,-0.3184399010871054,-0.21286501985332265,-0.5828678671740337,-0.11585688927269844,-0.11585688927269844,-0.24473874221703176,-0.2034190510862431,-0.08164965809277261,-0.2794722107346492,-0.4025033049430488,-0.1423736993628749,0.9672555607551606,-0.08164965809277261,-0.0816496580927726,-0.14237369936287486,-0.2103806732152868,-0.18505830254940134,-0.280305955290694,1.1611920726344063,1.146602776056082,-0.25629956685409805,-0.3813771739533776,-0.11585688927269844,-0.16495721976846447,-0.14237369936287486,-0.08164965809277261,-0.0816496580927726,-0.11585688927269844,0.6310441508035746
1.507,compound_76,76,O=Cc1ccc([N+](=O)[O-])cc1,-1.0801517851968538,-1.5258929935769576,1.3685709824177965,-1.74115824155047,1.124795204591846,-0.6234527289569254,-0.05354760394898109,-0.7592760845160984,0.3572184926454152,0.20701884152821592,-0.9824970110622987,-1.0851773342972761,-0.7057874241125998,-0.22969507956656612,-0.08164965809277261,-0.43722819541551783,-0.1078489619050793,-0.08164965809277262,-0.7291796181945297,-1.108226094284159,-1.119065345034836,0.2827648855204974,-0.9971134346828908,0.231678521874587,-0.10527834914813802,-0.8254801598568601,-0.7958813321686784,-0.715736044072584,-1.3457654382235669,-0.867324434981858,-0.03876966254518566,-0.7850462333874931,1.0388358556391846,1.101135716811761,-0.9695891343636163,-0.7924010217609605,-0.8902909975363662,-0.1850583025494013,-0.34426518632954817,-0.3813771739533777,-0.3004208840630549,-0.32250493633782445,-0.2501851166488378,-0.48650923597732115,-0.408030732073532,-0.8396668382714256,-0.798997378805129,-1.188375958223997,-0.43502175163138596,-0.5732277470320264,-0.7498793298249649,-0.11585688927269844,-0.1423736993628749,-0.1850583025494013,-1.2434005283644773,0.5322174328208098,-0.7114743284423424,-0.46965587898313627,-0.3325250781121237,-0.7955793462767262,-0.0549526437328043,-0.4401646196306631,-0.29601761901900703,-0.23402132579539733,-0.9083432985070807,-0.30461351335365483,-0.2871057896387489,-0.9570823497509603,-0.8487027970585284,-0.7737402232030421,-0.778709956336415,-0.44543540318737407,-0.36513981808175977,-0.30708344176251406,-0.6961133411633624,-0.8079066623809701,-0.21663791079610198,-0.762291769811869,-0.7688651324646215,-1.090194889000231,-0.7160421888467345,-0.7747657498463855,-0.486977274691298,-0.7071681405616813,-0.6663308010709861,-0.3045725625483159,0.06661879903838124,-0.6922725817415895,-0.2948745963484151,-0.847249029792098,-0.671200784935944,0.2503038445408338,0.6019749097302455,0.7042066539008773,0.2726556011822003,0.08081375125999768,0.7257259661536316,0.3995122807956569,-0.10983780389073187,-0.41396633210742717,-0.18505830254940134,-0.20509449742850697,-0.0816496580927726,0.9787284789295669,-0.1649572197684645,-0.6548947442298997,-0.4139663321074272,-0.4557837944376053,-0.11585688927269844,8.631338250816036,-0.3184399010871054,-0.21286501985332265,-0.5828678671740337,-0.11585688927269844,-0.11585688927269844,-0.24473874221703176,-0.2034190510862431,-0.08164965809277261,-0.2794722107346492,-0.4025033049430488,-0.1423736993628749,-0.603234650793541,-0.08164965809277261,-0.0816496580927726,-0.14237369936287486,-0.2103806732152868,-0.18505830254940134,-0.280305955290694,-0.5578275643047641,-0.45651777194825466,-0.25629956685409805,-0.3813771739533776,-0.11585688927269844,-0.16495721976846447,-0.14237369936287486,-0.08164965809277261,-0.0816496580927726,-0.11585688927269844,-0.9304773013526161
1.706,compound_47,47,CC(=O)c1cccc([N+](=O)[O-])c1,-0.7190889692047587,-1.094168416208213,1.0234791183315186,-1.5074508834944385,0.6688380634066563,-0.42049966233013186,-0.05377351883574723,-0.759274982305791,-0.1481687248657062,0.20742054548028452,-0.7736388187968688,-0.9431428026743018,-0.4976798245921817,-0.22969507956656612,-0.08164965809277261,-0.43722819541551783,-0.1078489619050793,-0.08164965809277262,-0.7291796181945297,-0.8967424619876242,-0.9691901286978946,1.019503459381227,-0.31311185559545357,0.231678521874587,-0.10527834781191385,-0.8887800775994822,-0.7585750876166034,0.012253507985170456,-1.388229037969242,-0.8543304240310859,0.3992250879735894,-0.769303570834553,0.007546661517815064,1.1400569290829838,-0.6481410857725807,-0.7924010217609605,-0.8902909975363662,-0.1850583025494013,-0.34426518632954817,-0.3813771739533777,-0.3004208840630549,-0.32250493633782445,-0.2501851166488378,-0.48650923597732115,-0.408030732073532,-0.8396668382714256,-0.798997378805129,-1.188375958223997,-0.43502175163138596,-0.5732277470320264,-0.7498793298249649,-0.11585688927269844,-0.1423736993628749,-0.1850583025494013,-1.2434005283644773,-1.029882139131166,1.5206375052545034,-0.46965587898313627,-0.3325250781121237,-0.7955793462767262,-0.0549526437328043,-0.4401646196306631,-0.29601761901900703,-0.23402132579539733,0.045487677914223,-0.8415740785570819,0.0022111290366077885,-0.9570823497509603,-0.923277246060713,-0.5707951134752413,-0.8164063785467017,-0.44543540318737407,-0.36513981808175977,-0.30708344176251406,-0.22301697567202783,-0.8079066623809701,-0.21663791079610198,-0.762291769811869,-0.28039128629343835,-1.090194889000231,-0.7160421888467345,-0.7747657498463855,-0.5321488758924549,-0.7071681405616813,-0.6663308010709861,0.11669809754274689,0.06661879903838124,-0.6922725817415895,-0.2948745963484151,-0.5756417478191308,-0.671200784935944,0.34203740933957777,0.49385560484899665,0.10809135125652594,0.09634019965637158,0.3424214259965502,0.34900231296670053,0.3995122807956569,-0.10983780389073187,-0.41396633210742717,-0.18505830254940134,-0.20509449742850697,-0.0816496580927726,0.9787284789295669,-0.1649572197684645,-0.6548947442298997,-0.4139663321074272,-0.4557837944376053,-0.11585688927269844,-0.11585688927269847,-0.3184399010871054,-0.21286501985332265,-0.5828678671740337,-0.11585688927269844,-0.11585688927269844,-0.24473874221703176,-0.2034190510862431,-0.08164965809277261,-0.2794722107346492,-0.4025033049430488,-0.1423736993628749,-0.603234650793541,-0.08164965809277261,-0.0816496580927726,-0.14237369936287486,3.7605545337232513,5.403702434442519,-0.280305955290694,-0.5578275643047641,-0.45651777194825466,-0.25629956685409805,-0.3813771739533776,-0.11585688927269844,-0.16495721976846447,-0.14237369936287486,-0.08164965809277261,-0.0816496580927726,-0.11585688927269844,-0.7842865085648939
2.021,compound_19,19,Nc1ccc(O)c([N+](=O)[O-])c1,-0.8167238641328595,-0.702105539527847,0.8979068464771047,-0.3995110435354449,0.883730267679346,-0.8282270998351535,-0.07083048107282623,-0.7591763360223329,0.6489933049821238,0.19011148165382133,-0.9128946186709984,-1.0378440547361223,-0.9157974803799888,-0.8364936638409942,-0.08164965809277261,0.7844817684740985,-0.1078489619050793,-0.08164965809277262,0.06462300819753596,-0.991483329630433,-1.0868685406248306,1.5925223501617933,-0.9971134346828908,0.14958526085499613,-0.10527834872595812,-1.0030694835926801,-0.9569001852350956,-0.7929014151914348,1.2129746263206918,-0.04357973515639894,-1.3571838068833297,0.21294698735506404,1.2430480641715949,-1.2441497934952703,-1.4019495319429969,2.1024188399948067,-0.44366661006795666,-0.1850583025494013,-0.34426518632954817,-0.3813771739533777,-0.3004208840630549,-0.32250493633782445,-0.2501851166488378,-0.48650923597732115,-0.408030732073532,-0.33452862082526913,1.7955962598953972,-0.8041259160573513,-0.43502175163138596,-0.5732277470320264,-0.34257077297759186,-0.11585688927269844,-0.1423736993628749,-0.1850583025494013,0.9796504520951096,-1.029882139131166,2.597452130530531,-0.46965587898313627,-1.2468194246246715,0.4714287434486923,-0.7803142062310864,-0.4401646196306631,-0.29601761901900703,-0.23402132579539733,-0.9083432985070807,-0.30461351335365483,-0.7034975080804389,-1.0849216089511409,-1.1597749650941225,-0.7443932738553172,-0.8239507967026044,1.4763001934210112,-0.36513981808175977,-0.30708344176251406,-0.6961133411633624,-0.07329925148241778,-1.0714545476264294,0.6995374463304165,-0.6374371917907607,0.5810778995381293,0.055230039504731064,0.8729754927846599,-0.46077824576931575,-0.7071681405616813,-0.6663308010709861,-0.8798047160121578,-0.39498307471953714,-0.025574722875090782,-0.2948745963484151,-0.7186050467678489,-0.671200784935944,-0.8044762199685865,0.5684603821823659,0.3920770284944098,0.6919660167505083,0.3424214259965502,0.7257259661536316,0.3995122807956569,-0.10983780389073187,1.901178710419295,-0.18505830254940134,-0.20509449742850697,-0.0816496580927726,-0.5293123406455822,-0.1649572197684645,-0.6548947442298997,-0.4139663321074272,1.764324365564924,-0.11585688927269844,-0.11585688927269847,-0.3184399010871054,-0.21286501985332265,1.0173693681583134,-0.11585688927269844,-0.11585688927269844,-0.24473874221703176,-0.2034190510862431,-0.08164965809277261,-0.2794722107346492,-0.4025033049430488,-0.1423736993628749,-0.603234650793541,-0.08164965809277261,-0.0816496580927726,-0.14237369936287486,-0.2103806732152868,-0.18505830254940134,-0.280305955290694,-0.5578275643047641,-0.45651777194825466,-0.25629956685409805,2.3609063149494802,-0.11585688927269844,-0.16495721976846447,-0.14237369936287486,-0.08164965809277261,-0.0816496580927726,-0.11585688927269844,-1.7445270676782347
2.283,compound_8,8,O=[N+]([O-])c1cc(Cl)ccc1Cl,-1.1796245984032625,-0.7499599131712417,1.0407948820678419,-0.3987961245386968,1.0969786679281992,-0.003110930397291648,-0.05078090570089839,0.8468354445974098,1.05150922675317,0.0647141068723561,-0.9586712419272582,-0.5961170178103252,-0.9612411489159741,-0.8364936638409942,-0.08164965809277261,-0.43722819541551783,-0.1078489619050793,-0.08164965809277262,-0.7291796181945297,0.470108688191597,-0.692107707022635,0.2827648855204974,-0.9971134346828908,1.2988909151292642,-0.10527834948166338,-0.08278714720358096,-0.650186230124177,-0.989955302935553,-1.4589642710022521,-0.48867606378240364,-0.7518080278811385,-1.0319258820732577,1.3383609300007715,1.5563519560073462,0.26173570288217807,-0.7924010217609605,-1.336915385004776,-0.1850583025494013,-0.34426518632954817,-0.3813771739533777,-0.3004208840630549,-0.32250493633782445,-0.2501851166488378,-0.48650923597732115,-0.408030732073532,-1.3448050557175821,-0.798997378805129,-0.8041259160573513,-0.43502175163138596,-0.5732277470320264,-1.1571878866723377,-0.11585688927269844,-0.1423736993628749,-0.1850583025494013,-1.2434005283644773,-0.0019922599718506786,-0.7114743284423424,-0.46965587898313627,-0.3325250781121237,-0.7955793462767262,-0.7803142062310864,-0.4401646196306631,-0.29601761901900703,-0.23402132579539733,0.9229326123912696,-0.30461351335365483,-0.7502658411989676,-1.0849216089511409,-0.09970098427473051,-1.331608477687288,0.5545020910618679,-0.44543540318737407,-0.36513981808175977,-0.30708344176251406,-0.6961133411633624,-0.8079066623809701,-0.3315823202908224,-0.762291769811869,-1.0580066019471164,-1.090194889000231,-0.7160421888467345,-0.7747657498463855,-1.0775691586539007,-0.7071681405616813,-0.6663308010709861,-0.8798047160121578,-0.39498307471953714,1.6795074689762852,-0.2948745963484151,-1.1119438110104394,1.4691563719934666,-0.8100817833954754,0.859772192644743,0.7042066539008773,1.006440054039538,0.3424214259965502,0.7257259661536316,0.3995122807956569,-0.10983780389073187,-0.41396633210742717,-0.18505830254940134,-0.20509449742850697,-0.0816496580927726,-0.5293123406455822,-0.1649572197684645,-0.6548947442298997,-0.4139663321074272,-0.4557837944376053,-0.11585688927269844,-0.11585688927269847,-0.3184399010871054,-0.21286501985332265,-0.5828678671740337,-0.11585688927269844,-0.11585688927269844,-0.24473874221703176,-0.2034190510862431,-0.08164965809277261,-0.2794722107346492,-0.4025033049430488,-0.1423736993628749,0.9672555607551606,-0.08164965809277261,-0.0816496580927726,-0.14237369936287486,-0.2103806732152868,-0.18505830254940134,-0.280305955290694,-0.5578275643047641,-0.45651777194825466,-0.25629956685409805,-0.3813771739533776,-0.11585688927269844,-0.16495721976846447,-0.14237369936287486,-0.08164965809277261,-0.0816496580927726,-0.11585688927269844,0.31846370777651234
2.011,compound_34,34,O=C=Nc1ccc([N+](=O)[O-])cc1,-0.8225831307982588,-1.5096859063653096,1.3411122618142717,-1.2011589518684076,1.2754525266567793,-0.8715383095693722,-0.053367245061483805,-0.7592757919061071,0.8217302467274812,0.19268325971016798,-0.913845402684805,-1.0384906377626766,-0.906232618490998,-0.22969507956656612,-0.08164965809277261,-0.43722819541551783,-0.1078489619050793,12.247448713915894,0.04653632973959895,-1.2139679104324266,-0.9801017049940429,0.11904520244033535,-0.9971134346828908,-0.10842213092085969,-0.10527834903736875,-0.4167672789341841,-0.7019881037870588,-0.9444372201816394,-1.7068709707757845,-0.8652235056180969,-0.48632584050213207,-1.0308393836099166,1.266374343566534,1.555810787803312,-0.8420316928822211,-0.7924010217609605,-0.44366661006795666,-0.1850583025494013,-0.34426518632954817,-0.3813771739533777,-0.3004208840630549,-0.32250493633782445,-0.2501851166488378,-0.48650923597732115,-0.408030732073532,-0.33452862082526913,-0.798997378805129,-0.8041259160573513,-0.43502175163138596,-0.5732277470320264,-0.7498793298249649,-0.11585688927269844,-0.1423736993628749,-0.1850583025494013,-1.2434005283644773,-1.029882139131166,-0.7114743284423424,1.310706219313488,-0.3325250781121237,-0.7955793462767262,-0.7803142062310864,1.1361615763709698,0.709695565917304,-0.23402132579539733,-0.9083432985070807,-0.30461351335365483,-0.6785193943012349,-0.4266670954612511,-0.38166022393438126,-0.8752127780669425,-0.3454379507266275,-0.44543540318737407,-0.36513981808175977,2.348579251982752,-0.6961133411633624,-0.8079066623809701,-0.6264073474354356,-0.762291769811869,-1.075530327370298,-1.090194889000231,0.055230039504731064,-0.7747657498463855,-0.5041674886630766,-0.11265059288818507,-0.6663308010709861,-0.8196112698700501,0.4480063675992689,-0.6922725817415895,-0.2948745963484151,-0.9717861173975068,-0.671200784935944,0.4772417112673649,0.6671419938250036,0.7042066539008773,0.43182298501096755,0.5403995502092532,0.7257259661536316,0.3995122807956569,-0.10983780389073187,-0.41396633210742717,-0.18505830254940134,-0.20509449742850697,-0.0816496580927726,-0.5293123406455822,6.06217782649107,0.4817616509277422,-0.4139663321074272,-0.4557837944376053,-0.11585688927269844,-0.11585688927269847,-0.3184399010871054,-0.21286501985332265,-0.5828678671740337,-0.11585688927269844,-0.11585688927269844,-0.24473874221703176,-0.2034190510862431,-0.08164965809277261,-0.2794722107346492,-0.4025033049430488,-0.1423736993628749,-0.603234650793541,-0.08164965809277261,-0.0816496580927726,-0.14237369936287486,-0.2103806732152868,-0.18505830254940134,-0.280305955290694,-0.5578275643047641,-0.45651777194825466,-0.25629956685409805,-0.3813771739533776,-0.11585688927269844,-0.16495721976846447,-0.14237369936287486,-0.08164965809277261,-0.0816496580927726,-0.11585688927269844,-1.6024578559380556
2.77,compound_120,120,O=[N+]([O-])c1ccccc1Cl,-1.1796245984032625,-1.0053161844169158,1.2775437278564135,-0.7811976334425326,1.1591693274302968,-0.025044754794977205,-0.05096310037153532,0.8467421928070097,1.0890392807905738,0.0647141068723561,-1.1325025112004345,-0.9507601751340051,-0.9279400989834987,-0.8364936638409942,-0.08164965809277261,-0.43722819541551783,-0.1078489619050793,-0.08164965809277262,-0.7291796181945297,-0.31905870304628103,-1.0552671996274476,0.4792285052166924,-0.9971134346828908,0.9587902623338177,-0.10527834948166338,-0.7367829557394701,-1.0434904764376327,-1.012043766452457,-1.4776587062997137,-0.5170711890220707,-0.46679611637310153,-1.0319085061526898,1.3177003934620168,1.5563433013280765,-0.27667535825440853,-0.7924010217609605,-1.336915385004776,-0.1850583025494013,-0.34426518632954817,-0.3813771739533777,-0.3004208840630549,-0.32250493633782445,-0.2501851166488378,-0.48650923597732115,-0.408030732073532,-1.3448050557175821,-0.798997378805129,-1.188375958223997,-0.43502175163138596,-0.5732277470320264,-1.1571878866723377,-0.11585688927269844,-0.1423736993628749,-0.1850583025494013,-1.2434005283644773,-0.0019922599718506786,-0.7114743284423424,-0.46965587898313627,-0.3325250781121237,-0.7955793462767262,-0.7803142062310864,-0.4401646196306631,-0.29601761901900703,-0.23402132579539733,0.9611256333633983,-0.9246353900744995,-1.1036304770124312,-0.9570823497509603,-0.7652842373790306,-1.2301359228233877,-0.35853310959605517,-0.44543540318737407,-0.36513981808175977,-0.30708344176251406,-0.6961133411633624,-0.8079066623809701,-0.25647123376763187,-0.762291769811869,-0.8490361762756772,-1.090194889000231,-0.7160421888467345,-0.7747657498463855,-1.0775691586539007,-0.7071681405616813,-0.6663308010709861,-0.8196112698700501,0.06661879903838124,0.49361744361734783,-0.2948745963484151,-0.9798959606770219,0.39381804782940927,-0.8160859932631099,0.8458002816111979,0.7042066539008773,0.659945353057797,0.3424214259965502,0.7257259661536316,0.3995122807956569,-0.10983780389073187,-0.41396633210742717,-0.18505830254940134,-0.20509449742850697,-0.0816496580927726,-0.5293123406455822,-0.1649572197684645,-0.6548947442298997,-0.4139663321074272,-0.4557837944376053,-0.11585688927269844,-0.11585688927269847,-0.3184399010871054,-0.21286501985332265,-0.5828678671740337,-0.11585688927269844,-0.11585688927269844,-0.24473874221703176,-0.2034190510862431,-0.08164965809277261,-0.2794722107346492,-0.4025033049430488,-0.1423736993628749,0.18201045498080975,-0.08164965809277261,-0.0816496580927726,-0.14237369936287486,-0.2103806732152868,-0.18505830254940134,-0.280305955290694,-0.5578275643047641,-0.45651777194825466,3.261994487233975,-0.3813771739533776,-0.11585688927269844,-0.16495721976846447,-0.14237369936287486,-0.08164965809277261,-0.0816496580927726,-0.11585688927269844,-0.058980255208882684
2.412,compound_16,16,Nc1cccc([N+](=O)[O-])c1,-1.1118661551900044,-1.5260243794694857,1.262159989983939,-1.4747362505967858,0.9792541896898059,-0.9166822340340663,-0.052395645413548235,-0.7592760324688752,0.8347631706611025,0.1382930477438462,-1.1006538489100939,-1.1655301849072022,-0.906232618490998,-0.8364936638409942,-0.08164965809277261,0.7844817684740985,-0.1078489619050793,-0.08164965809277262,-0.7291796181945297,-0.9961458223557725,-1.2579088618383902,1.1995951107694058,-0.9971134346828908,0.3841374351966837,-0.10527834915275996,-1.1899017609026494,-1.0605799944028782,-0.896275424450544,-0.08480097763103361,-0.8289969304128302,-1.4001541820396783,-0.738611227813589,1.2583013509130974,-0.054636891519411174,-1.1593596690739867,1.1374788860762175,-0.8902909975363662,-0.1850583025494013,-0.34426518632954817,-0.3813771739533777,-0.3004208840630549,-0.32250493633782445,-0.2501851166488378,-0.48650923597732115,-0.408030732073532,-0.8396668382714256,0.49829944054513414,-1.188375958223997,-0.43502175163138596,-0.5732277470320264,-0.7498793298249649,-0.11585688927269844,-0.1423736993628749,-0.1850583025494013,-0.06916652743285642,-1.029882139131166,0.3783599910700389,-0.46965587898313627,-0.3325250781121237,-0.7955793462767262,-0.7803142062310864,-0.4401646196306631,-0.29601761901900703,-0.23402132579539733,-0.43142781029642885,-0.9246353900744995,-0.27838642536924246,-0.9570823497509603,-1.2635946358717816,-1.0211082685987276,-0.8239507967026044,-0.44543540318737407,-0.36513981808175977,-0.30708344176251406,-0.6961133411633624,-0.07329925148241778,-0.6264073474354356,-0.762291769811869,-0.5165234863708085,0.5810778995381293,0.055230039504731064,-0.7747657498463855,-1.0775691586539007,-0.7071681405616813,-0.6663308010709861,-0.8196112698700501,0.06661879903838124,-0.025574722875090782,-0.2948745963484151,-0.7116641271162141,-0.671200784935944,-0.8133764152821112,0.5920548528964287,0.7042066539008773,0.4133265767909537,0.3424214259965502,0.7257259661536316,0.3995122807956569,-0.10983780389073187,1.901178710419295,-0.18505830254940134,-0.20509449742850697,-0.0816496580927726,-0.5293123406455822,-0.1649572197684645,-0.6548947442298997,-0.4139663321074272,1.764324365564924,-0.11585688927269844,-0.11585688927269847,-0.3184399010871054,-0.21286501985332265,1.0173693681583134,-0.11585688927269844,-0.11585688927269844,-0.24473874221703176,-0.2034190510862431,-0.08164965809277261,-0.2794722107346492,-0.4025033049430488,-0.1423736993628749,-0.603234650793541,-0.08164965809277261,-0.0816496580927726,-0.14237369936287486,-0.2103806732152868,-0.18505830254940134,-0.280305955290694,-0.5578275643047641,-0.45651777194825466,-0.25629956685409805,-0.3813771739533776,-0.11585688927269844,-0.16495721976846447,-0.14237369936287486,-0.08164965809277261,-0.0816496580927726,-0.11585688927269844,-0.9730821236746605
1.79,compound_127,127,Cc1ccc(C)c([N+](=O)[O-])c1,-0.9343950928113629,-0.9926729700233003,0.8174686637226256,-1.095849905731878,0.8625446846343352,-0.970083233005768,-0.06445729148239199,-0.7592675713183598,-0.1658646145082754,0.5832894640668017,-0.8464194718900822,-0.9926374663079475,-0.4784238500101871,-0.8364936638409942,-0.08164965809277261,-0.43722819541551783,-0.1078489619050793,-0.08164965809277262,-0.7291796181945297,-0.6852588296910893,-1.1186762595583775,0.6102042516808222,0.37088972349198374,0.6186896095383713,-0.10527834743913236,-1.2580183409913668,-0.8358034758317473,-0.5578401562055119,-1.6695559248827399,-0.808545388060793,0.47673368061067845,-1.0310428601773767,0.057644839124583167,1.5559121363576733,-0.3068013276378703,-0.7924010217609605,-1.336915385004776,-0.1850583025494013,-0.34426518632954817,-0.3813771739533777,-0.3004208840630549,-0.32250493633782445,-0.2501851166488378,-0.48650923597732115,-0.408030732073532,-1.3448050557175821,-0.798997378805129,-1.5726260003906427,-0.43502175163138596,-0.5732277470320264,-1.1571878866723377,-0.11585688927269844,-0.1423736993628749,-0.1850583025494013,-1.2434005283644773,-1.029882139131166,-0.7114743284423424,-0.46965587898313627,-0.3325250781121237,-0.7955793462767262,-0.7803142062310864,-0.4401646196306631,-0.29601761901900703,-0.23402132579539733,0.045487677914223,0.43238342372905914,-0.13358303499923196,-1.0849216089511409,-1.2867422416935357,-0.7227731485038855,-1.2715683102539779,-0.44543540318737407,-0.36513981808175977,-0.30708344176251406,0.25007938981930694,-0.8079066623809701,-0.2519156743477632,-0.762291769811869,0.4402719217349012,-1.090194889000231,-0.7160421888467345,-0.7747657498463855,-1.0775691586539007,-0.7071681405616813,1.1581409536990817,-0.03003382225110664,-0.39498307471953714,-0.6922725817415895,-0.2948745963484151,-0.2856116978695233,-0.671200784935944,-0.79350838953914,0.20126632291777316,0.7042066539008773,0.40570163431315914,0.3424214259965502,0.0013144559176902703,0.3995122807956569,-0.10983780389073187,-0.41396633210742717,-0.18505830254940134,-0.20509449742850697,-0.0816496580927726,-0.5293123406455822,-0.1649572197684645,-0.6548947442298997,-0.4139663321074272,-0.4557837944376053,-0.11585688927269844,-0.11585688927269847,-0.3184399010871054,-0.21286501985332265,-0.5828678671740337,-0.11585688927269844,-0.11585688927269844,-0.24473874221703176,-0.2034190510862431,-0.08164965809277261,-0.2794722107346492,-0.4025033049430488,-0.1423736993628749,-0.603234650793541,-0.08164965809277261,-0.0816496580927726,-0.14237369936287486,-0.2103806732152868,-0.18505830254940134,-0.280305955290694,-0.5578275643047641,-0.45651777194825466,-0.25629956685409805,-0.3813771739533776,-0.11585688927269844,-0.16495721976846447,-0.14237369936287486,-0.08164965809277261,-0.0816496580927726,-0.11585688927269844,-0.12715246366742283
2.3,compound_122,122,O=[N+]([O-])c1ccc(Cl)c(Cl)c1,-1.1796245984032625,-1.111055916943301,1.0585337518159255,-0.48192450940750575,1.1969933985400298,0.0737863358827102,-0.053313345895165586,0.8469609183237152,1.061096288620343,0.0647141068723561,-0.9586712419272585,-0.5961170178103252,-1.2892689158761506,-0.8364936638409942,-0.08164965809277261,1.7084028525551878,-0.1078489619050793,-0.08164965809277262,-0.7291796181945297,0.470108688191597,-0.692107707022635,-0.04467448063982665,-0.9971134346828908,1.2988909151292642,-0.10527834948166338,-0.08278714720358096,-0.650186230124177,-1.005534431489517,-1.6887931606724003,-0.8377649772498063,-1.0288181774196428,-1.0308565471431415,1.3204264364775473,1.5558193366957067,0.2617357028821788,-0.7924010217609605,-1.336915385004776,-0.1850583025494013,-0.34426518632954817,-0.3813771739533777,-0.3004208840630549,-0.32250493633782445,-0.2501851166488378,-0.48650923597732115,-0.408030732073532,-1.3448050557175821,-0.798997378805129,-0.8041259160573513,-0.43502175163138596,-0.5732277470320264,-1.1571878866723377,-0.11585688927269844,-0.1423736993628749,-0.1850583025494013,-1.2434005283644773,-1.029882139131166,-0.7114743284423424,-0.46965587898313627,-0.3325250781121237,-0.7955793462767262,-0.7803142062310864,-0.4401646196306631,-0.29601761901900703,-0.23402132579539733,0.9229326123912696,-0.9246353900744995,-0.6785193943012349,-0.14808306919140013,-0.09970098427473051,-1.331608477687288,0.5545020910618679,-0.44543540318737407,-0.36513981808175977,-0.30708344176251406,-0.6961133411633624,-0.8079066623809701,-0.3315823202908224,-0.762291769811869,-1.0580066019471164,-1.090194889000231,-0.7160421888467345,-0.7747657498463855,-1.0775691586539007,-0.7071681405616813,-0.6663308010709861,-0.8798047160121578,-0.39498307471953714,1.6795074689762852,-0.2948745963484151,-1.1120392050203936,1.483064885655973,-0.8148932868031207,0.8438752627576874,0.7042066539008773,0.922954684616379,0.3424214259965502,0.7257259661536316,0.3995122807956569,-0.10983780389073187,-0.41396633210742717,-0.18505830254940134,-0.20509449742850697,-0.0816496580927726,-0.5293123406455822,-0.1649572197684645,-0.6548947442298997,-0.4139663321074272,-0.4557837944376053,-0.11585688927269844,-0.11585688927269847,-0.3184399010871054,-0.21286501985332265,-0.5828678671740337,-0.11585688927269844,-0.11585688927269844,-0.24473874221703176,-0.2034190510862431,-0.08164965809277261,-0.2794722107346492,-0.4025033049430488,-0.1423736993628749,0.9672555607551606,-0.08164965809277261,-0.0816496580927726,-0.14237369936287486,-0.2103806732152868,-0.18505830254940134,-0.280305955290694,-0.5578275643047641,-0.45651777194825466,-0.25629956685409805,-0.3813771739533776,-0.11585688927269844,-0.16495721976846447,-0.14237369936287486,-0.08164965809277261,-0.0816496580927726,-0.11585688927269844,0.3184637077765114
1.874,compound_26,26,COc1ccc([N+](=O)[O-])cc1N,-0.7876057590043875,-1.0342870346858322,0.3930911497291405,-0.5138583707549764,0.6381431762783771,-0.8001427548336305,-0.052595734378650845,-0.7592674600278221,0.6303393621668628,0.12024997631102308,-0.8190150035514508,-0.9740009896505826,-0.6859734334260764,-0.8364936638409942,-0.08164965809277261,0.7844817684740985,-0.1078489619050793,-0.08164965809277262,0.006830447740405579,-0.7846621900592373,-0.9369933242878892,1.6198089640084887,-0.2153973442972486,0.14958526085499638,-0.10527834691170618,-1.0324241663383869,-0.9070804687418712,-0.7222521760276478,1.1190131675327344,-0.8236721709600893,-1.1227710690195432,-0.732160110328953,0.08025094795179458,-1.15802676330699,-1.1522731445472427,1.1374788860762175,-0.44366661006795666,-0.1850583025494013,-0.34426518632954817,-0.3813771739533777,-0.3004208840630549,-0.32250493633782445,-0.2501851166488378,-0.48650923597732115,-0.408030732073532,-0.33452862082526913,0.49829944054513414,-0.8041259160573513,-0.43502175163138596,-0.5732277470320264,-0.34257077297759186,-0.11585688927269844,-0.1423736993628749,-0.1850583025494013,0.9032916486815548,0.1467645826931329,0.3783599910700389,-0.46965587898313627,-0.3325250781121237,-0.7955793462767262,-0.7803142062310864,-0.4401646196306631,-0.29601761901900703,-0.23402132579539733,-0.9083432985070807,-0.9246353900744995,-0.6785193943012349,0.48538276169872147,-1.0615772452033785,-0.4675094395863438,-0.8239507967026044,-0.44543540318737407,-0.36513981808175977,-0.30708344176251406,-0.6961133411633624,0.8306147106573522,-1.0714545476264294,0.6995374463304165,-0.15991567400906467,1.9651656422216275,0.055230039504731064,0.8729754927846599,-0.4138168784399812,-0.7071681405616813,-0.6663308010709861,-0.6992243775858348,-0.39498307471953714,-0.025574722875090782,-0.2948745963484151,-0.35915345044934593,-0.671200784935944,-0.8023263234173144,0.47484608327350153,0.36661507297397783,0.4796697184188093,0.3424214259965502,0.7257259661536316,-0.9321988550428373,-0.10983780389073187,1.901178710419295,-0.18505830254940134,-0.20509449742850697,-0.0816496580927726,-0.5293123406455822,-0.1649572197684645,-0.6548947442298997,-0.4139663321074272,1.764324365564924,-0.11585688927269844,-0.11585688927269847,-0.3184399010871054,-0.21286501985332265,1.0173693681583134,-0.11585688927269844,-0.11585688927269844,-0.24473874221703176,-0.2034190510862431,-0.08164965809277261,-0.2794722107346492,1.1169466712169605,-0.1423736993628749,-0.603234650793541,-0.08164965809277261,-0.0816496580927726,-0.14237369936287486,-0.2103806732152868,-0.18505830254940134,3.567530340063379,-0.5578275643047641,-0.45651777194825466,-0.25629956685409805,-0.3813771739533776,-0.11585688927269844,-0.16495721976846447,-0.14237369936287486,-0.08164965809277261,-0.0816496580927726,-0.11585688927269844,-0.5447201158417787
2.31,compound_96,96,Cc1c([N+](=O)[O-])cc(N)cc1[N+](=O)[O-],-0.7191235630514593,0.18049826584372927,0.5389982406432433,-0.13815863295297048,0.2909324295617013,-0.7561160306905166,-0.2421935868117997,-0.758829390524287,-0.184115589988854,0.7963965621808744,-0.42851982497991287,-0.7084437750264548,-0.5489480693906188,0.4435785872987313,-0.08164965809277261,0.7844817684740985,-0.1078489619050793,-0.08164965809277262,-0.7291796181945297,-0.8904040062075053,-0.6269893630335364,-0.1382285852570622,-0.2153973442972486,-0.3195190878283785,-0.10527834544499015,-0.5084707417224786,-0.7970348832184083,-0.5384423154766999,-0.0873656055640553,-0.6431801163280583,-0.8788176623529269,-0.5134881759798405,-0.0683343635839838,-0.05228620931687344,-0.9808616524480186,1.1374788860762175,0.44958216486886254,-0.1850583025494013,-0.34426518632954817,-0.3813771739533777,-0.3004208840630549,-0.32250493633782445,-0.2501851166488378,-0.48650923597732115,-0.408030732073532,0.1706095966208874,0.49829944054513414,-0.03562583172405988,-0.43502175163138596,-0.5732277470320264,-0.34257077297759186,-0.11585688927269844,-0.1423736993628749,-0.1850583025494013,-0.06916652743285642,0.10868703848800981,0.3783599910700389,-0.46965587898313627,0.8892129669387627,-0.7955793462767262,0.7498726337854658,-0.4401646196306631,-0.29601761901900703,-0.23402132579539733,-0.9083432985070807,-0.8415740785570819,0.0109304933061142,-0.7536045605289325,-0.7296156850146197,-0.5551798814043081,-0.376333283151231,-0.44543540318737407,-0.36513981808175977,-0.30708344176251406,-0.22301697567202783,-0.07329925148241778,-0.3617741669094872,-0.762291769811869,-0.46282578489548765,0.5810778995381293,0.8265022678561967,-0.7747657498463855,-0.6132496063484922,-0.7071681405616813,1.592488449506507,-0.5151127152737399,-0.8565849484774555,-0.025574722875090782,-0.2948745963484151,-0.5706661452648725,-0.671200784935944,0.15946198475599183,-0.3721391237674033,0.7042066539008773,0.7130771923564624,0.3424214259965502,0.33355676331920664,0.3995122807956569,-0.10983780389073187,1.901178710419295,-0.18505830254940134,-0.20509449742850697,-0.0816496580927726,-0.5293123406455822,-0.1649572197684645,0.4817616509277422,-0.4139663321074272,1.764324365564924,-0.11585688927269844,-0.11585688927269847,-0.3184399010871054,-0.21286501985332265,1.0173693681583134,-0.11585688927269844,-0.11585688927269844,-0.24473874221703176,-0.2034190510862431,-0.08164965809277261,-0.2794722107346492,-0.4025033049430488,-0.1423736993628749,-0.603234650793541,-0.08164965809277261,-0.0816496580927726,-0.14237369936287486,-0.2103806732152868,-0.18505830254940134,-0.280305955290694,1.1611920726344063,1.146602776056082,-0.25629956685409805,-0.3813771739533776,-0.11585688927269844,-0.16495721976846447,-0.14237369936287486,-0.08164965809277261,-0.0816496580927726,-0.11585688927269844,-0.2935148476337736
1.977,compound_33,33,O=[N+]([O-])c1ccc(CCl)cc1,-1.141483830022484,-1.5210550957459328,1.1151306800931153,-1.527610553456341,1.1482874920434545,-0.18678275991170773,-0.05365962785278029,0.8467397926654109,0.38417399722790346,0.21755188893407282,-0.9894609915452586,-0.9716988207209764,-0.7198324994630805,-0.8364936638409942,-0.08164965809277261,-0.43722819541551783,-0.1078489619050793,-0.08164965809277262,-0.7291796181945297,-0.10757507074974615,-0.9053919832905062,0.6102042516808222,-0.2153973442972486,0.9587902623338177,-0.1052783489890574,-0.8329783557905894,-0.5836330786470978,-0.8790962909946363,-1.7085734984649996,-0.8678094883552072,-0.1591351497987585,-1.0308390376839307,0.33004637109776086,1.5558106155028892,-0.20630452167487953,-0.7924010217609605,-1.336915385004776,-0.1850583025494013,-0.34426518632954817,-0.3813771739533777,-0.3004208840630549,-0.32250493633782445,-0.2501851166488378,-0.48650923597732115,-0.408030732073532,-1.3448050557175821,-0.798997378805129,-1.188375958223997,-0.43502175163138596,-0.5732277470320264,-0.7498793298249649,-0.11585688927269844,-0.1423736993628749,-0.1850583025494013,-1.2434005283644773,-1.029882139131166,-0.7114743284423424,-0.46965587898313627,-0.3325250781121237,-0.7955793462767262,-0.7803142062310864,-0.4401646196306631,-0.29601761901900703,3.6574998218094454,0.045487677914223,-0.9737829527474654,-0.07532675110745563,-0.9570823497509603,-0.6914715035891265,-1.0271908130955867,-0.35853310959605517,-0.44543540318737407,-0.36513981808175977,-0.30708344176251406,-0.2934291706083442,-0.8079066623809701,-0.21663791079610198,-0.762291769811869,-0.308867340106107,-1.090194889000231,-0.7160421888467345,-0.7747657498463855,-1.0775691586539007,0.016006934285815625,-0.6663308010709861,-0.4549192691316323,0.06661879903838124,-0.6922725817415895,-0.2948745963484151,-0.6950017499492448,0.3709278165214899,-0.8129275496219976,0.616839470635378,-0.26011208220804005,0.2929595331656499,0.3424214259965502,0.7257259661536316,0.3995122807956569,-0.10983780389073187,-0.41396633210742717,-0.18505830254940134,-0.20509449742850697,-0.0816496580927726,-0.5293123406455822,-0.1649572197684645,-0.6548947442298997,-0.4139663321074272,-0.4557837944376053,-0.11585688927269844,-0.11585688927269847,0.7998025422652879,-0.21286501985332265,-0.5828678671740337,-0.11585688927269844,-0.11585688927269844,-0.24473874221703176,-0.2034190510862431,-0.08164965809277261,-0.2794722107346492,-0.4025033049430488,-0.1423736993628749,0.18201045498080975,-0.08164965809277261,-0.0816496580927726,-0.14237369936287486,-0.2103806732152868,-0.18505830254940134,-0.280305955290694,-0.5578275643047641,-0.45651777194825466,-0.25629956685409805,-0.3813771739533776,-0.11585688927269844,-0.16495721976846447,-0.14237369936287486,-0.08164965809277261,-0.0816496580927726,-0.11585688927269844,-0.7100909904558947
2.69,compound_129,129,O=[N+]([O-])c1cc2c(ccc3ccccc32)o1,1.4198632340254127,-0.4481859603210102,0.8451442603522039,-0.06901032764074395,1.4963184954319164,-0.29800219355647406,-0.3590289368995288,-0.7575711878200068,-0.5329717851026782,-1.4944416029035128,0.3150775432710549,-0.20275854060970508,-0.31126952714213735,-0.8364936638409942,-0.08164965809277261,3.014203309927245,-0.1078489619050793,-0.08164965809277262,-0.7291796181945297,-0.5559986014568414,-0.45590602476243614,-1.0065276187357795,-0.9971134346828908,-0.5306160447358963,-0.10527831436255332,-0.36843576094371683,-1.100716053882957,-0.5667009921803563,0.3555187414228374,2.2673564968831283,-1.2151303893797507,2.2511066220762896,1.3031325520826698,-0.07887613128596331,0.7500466836436441,-0.7924010217609605,-0.8902909975363662,-0.1850583025494013,-0.34426518632954817,-0.3813771739533777,-0.3004208840630549,1.9964591297103413,2.6558112382722783,3.8348375071153544,-0.408030732073532,-0.8396668382714256,-0.798997378805129,-1.188375958223997,1.8300915068630719,2.574313700307463,-1.1571878866723377,-0.11585688927269844,-0.1423736993628749,-0.1850583025494013,-0.33657789368745133,1.1202552137637485,-0.7114743284423424,-0.46965587898313627,-1.5542631231630102,0.5152699773154236,-0.7803142062310864,-0.4401646196306631,-0.29601761901900703,-0.23402132579539733,1.4762341425461791,0.18074211104315846,-1.1497966837863764,-0.4691947008641236,-0.8686433569779386,-0.5987317230868233,0.4550687237291781,-0.44543540318737407,-0.36513981808175977,-0.30708344176251406,-0.6961133411633624,-0.8079066623809701,0.7087342531375462,-0.762291769811869,-0.5273662914764019,-1.090194889000231,-0.6893544933124468,-0.7747657498463855,-1.0775691586539007,-0.7071681405616813,-0.6663308010709861,-0.6390309314437271,1.788866303746903,-0.6922725817415895,6.132370109945536,-0.3949250979153046,-0.671200784935944,-0.7689715719013961,0.9416391954817612,0.36057591282992757,0.10033334169567742,0.3424214259965502,0.7257259661536316,0.3995122807956569,-0.10983780389073187,-0.41396633210742717,-0.18505830254940134,-0.20509449742850697,-0.0816496580927726,-0.5293123406455822,-0.1649572197684645,-0.6548947442298997,-0.4139663321074272,-0.4557837944376053,-0.11585688927269844,-0.11585688927269847,-0.3184399010871054,-0.21286501985332265,-0.5828678671740337,-0.11585688927269844,-0.11585688927269844,6.68442689680268,-0.2034190510862431,-0.08164965809277261,-0.2794722107346492,-0.4025033049430488,7.023769168568494,-0.603234650793541,-0.08164965809277261,-0.0816496580927726,-0.14237369936287486,-0.2103806732152868,-0.18505830254940134,-0.280305955290694,-0.5578275643047641,-2.059638319952591,-0.25629956685409805,-0.3813771739533776,-0.11585688927269844,-0.16495721976846447,-0.14237369936287486,-0.08164965809277261,-0.0816496580927726,-0.11585688927269844,-0.10086643303305975
2.228,compound_88,88,NC(=O)c1cc([N+](=O)[O-])cc([N+](=O)[O-])c1,-0.6451671834998439,-0.14718897190457825,0.7962958901116958,-0.769019030126193,-0.5390541165748056,-0.4240324823461035,-0.22496366486190936,-0.7588448435428075,-0.052229071071663725,0.43706066552830625,-0.3535116951985932,-0.6574343103468718,-0.3814269222923812,1.05037717157316,-0.08164965809277261,-0.43722819541551783,-0.1078489619050793,-0.08164965809277262,-0.7291796181945297,-1.10188763850404,-0.47750323217305357,-0.7213825040378306,-0.9971134346828908,-0.7065301754921622,-0.10527834630121877,0.0941627964754777,-0.3579913709993957,-0.09956933856915573,-0.49747674428483357,-0.7219972331422532,-0.47017562220665293,-0.6089776501770129,0.9174024980236479,0.3236127436815707,-1.6332503964380076,1.1374788860762175,0.8962065523372722,-0.1850583025494013,-0.34426518632954817,-0.3813771739533777,1.9677567906130091,-0.32250493633782445,-0.2501851166488378,-0.48650923597732115,-0.408030732073532,0.1706095966208874,0.49829944054513414,0.34862421044258585,-0.43502175163138596,-0.5732277470320264,-0.34257077297759186,-0.11585688927269844,-0.1423736993628749,-0.1850583025494013,-0.06916652743285642,-1.029882139131166,0.3783599910700389,1.2601177368580594,0.8892129669387627,-0.7955793462767262,1.4752341962837487,-0.4401646196306631,-0.29601761901900703,-0.23402132579539733,-0.9083432985070807,-1.5446572667953442,-0.6785193943012349,0.45661776458838677,-0.1713426056738165,-0.4032018463756638,-0.3590347570934409,-0.44543540318737407,-0.36513981808175977,2.7354661520078225,-0.6961133411633624,-0.8079066623809701,0.08327303328150602,-0.762291769811869,-0.9791498375427998,0.5810778995381293,0.055230039504731064,-0.7747657498463855,-0.0561409816600803,-0.7071681405616813,0.680252572121473,-0.4249594548325313,-0.39498307471953714,-0.025574722875090782,-0.2948745963484151,-0.8510173007956766,-0.671200784935944,1.2648047367068467,-0.05767132614811599,0.11050174971246016,0.22515500839598632,0.3424214259965502,0.7257259661536316,0.3995122807956569,-0.10983780389073187,-0.41396633210742717,-0.18505830254940134,-0.20509449742850697,-0.0816496580927726,0.9787284789295669,-0.1649572197684645,0.4817616509277422,-0.4139663321074272,1.764324365564924,-0.11585688927269844,-0.11585688927269847,-0.3184399010871054,-0.21286501985332265,-0.5828678671740337,-0.11585688927269844,-0.11585688927269844,-0.24473874221703176,-0.2034190510862431,-0.08164965809277261,-0.2794722107346492,-0.4025033049430488,-0.1423736993628749,-0.603234650793541,-0.08164965809277261,-0.0816496580927726,-0.14237369936287486,-0.2103806732152868,-0.18505830254940134,-0.280305955290694,1.1611920726344063,1.146602776056082,-0.25629956685409805,-0.3813771739533776,-0.11585688927269844,6.0621778264910695,-0.14237369936287486,-0.08164965809277261,-0.0816496580927726,-0.11585688927269844,0.9406673917216589
3.61,compound_103,103,O=[N+]([O-])c1cnc(Cl)c([N+](=O)[O-])c1,-1.604074463022225,-0.07411591976097152,1.0692254600664834,-0.5116632072873168,0.6157228727290336,-0.03705939155919805,-0.2327077751852354,0.8467426420881333,1.4796657162740428,-0.014811455273420666,-0.7359174033489984,-0.6935417137703651,-0.9675566731697999,0.4435785872987313,-0.08164965809277261,-0.43722819541551783,-0.1078489619050793,-0.08164965809277262,0.04522707154891595,-0.5305423353428159,-0.5635803031026067,-0.019486837089032125,-0.9971134346828908,0.17304047828916538,-0.10527834938200026,0.6356513019217861,-0.6081394358738176,-1.034905326192453,-1.1585530998180997,-0.03237916615279714,-0.16083043835162514,-1.0320540268584737,1.2293909473536602,1.556415782957509,-0.8508486478166587,-0.7924010217609605,0.44958216486886254,-0.1850583025494013,-0.34426518632954817,-0.3813771739533777,-0.3004208840630549,-2.6414690023859904,2.6558112382722783,-0.48650923597732115,-0.408030732073532,0.1706095966208874,-0.798997378805129,0.34862421044258585,1.8300915068630719,-0.5732277470320264,-0.7498793298249649,-0.11585688927269844,-0.1423736993628749,-0.1850583025494013,-1.2434005283644773,0.2334106628633938,-0.7114743284423424,1.0393067409458092,-0.3325250781121237,0.4714287434486923,0.7498726337854658,1.1984452401444634,-0.29601761901900703,-0.23402132579539733,0.007294656942094409,-1.5446572667953442,-1.5287415597236276,-0.19007838162024807,0.35081157155481535,-1.0686252002206695,0.08908440395531816,-0.44543540318737407,1.22469163517828,-0.30708344176251406,-0.6961133411633624,-0.8079066623809701,-0.38238730497571527,-0.762291769811869,-1.3016537842732747,-1.090194889000231,0.055230039504731064,-0.7747657498463855,-0.14320847902591033,-0.7071681405616813,0.680252572121473,-0.9399981621542656,-0.8466173839556997,0.5244241487789038,-0.2948745963484151,-1.2528566251466386,0.36882068357310965,0.4062634908905531,0.5402345873075697,0.7042066539008773,1.2488588236327662,0.18021148772558324,0.7257259661536316,0.3995122807956569,-0.10983780389073187,-0.41396633210742717,-0.18505830254940134,1.7304848220530276,-0.0816496580927726,-0.5293123406455822,-0.1649572197684645,1.618418046085384,-0.4139663321074272,-0.4557837944376053,-0.11585688927269844,-0.11585688927269847,-0.3184399010871054,-0.21286501985332265,-0.5828678671740337,-0.11585688927269844,-0.11585688927269844,-0.24473874221703176,-0.2034190510862431,-0.08164965809277261,-0.2794722107346492,-0.4025033049430488,-0.1423736993628749,0.18201045498080975,-0.08164965809277261,-0.0816496580927726,-0.14237369936287486,-0.2103806732152868,-0.18505830254940134,-0.280305955290694,1.1611920726344063,-2.059638319952591,-0.25629956685409805,-0.3813771739533776,-0.11585688927269844,-0.16495721976846447,7.023769168568492,-0.08164965809277261,-0.0816496580927726,-0.11585688927269844,-0.5085502386321493
1.659,compound_11,11,Cc1ccc(O)c([N+](=O)[O-])c1,-0.8713042968412968,-0.7391980943809736,0.9038456895767292,-0.5054023761666803,1.0584469211490939,-0.9145921510013275,-0.07251004500965341,-0.7591769789423898,0.24283291656663772,0.33184511312645626,-0.8886173959427511,-1.0213342692117362,-0.6960963114195956,-0.8364936638409942,-0.08164965809277261,-0.43722819541551783,-0.1078489619050793,-0.08164965809277262,0.06462300819753596,-0.8920799692622845,-1.097511154681759,1.5925223501617933,-0.2153973442972486,0.3841374351966837,-0.10527834845076098,-1.089318421614402,-0.8970798232846617,-0.7377506915506955,1.2129946840903332,-0.07771979383868491,0.2211180726093593,0.17158520726968832,0.15271888338184325,-1.2441681780108218,-0.8035337363834436,0.17253893215762853,-0.8902909975363662,-0.1850583025494013,-0.34426518632954817,-0.3813771739533777,-0.3004208840630549,-0.32250493633782445,-0.2501851166488378,-0.48650923597732115,-0.408030732073532,-0.8396668382714256,0.49829944054513414,-1.188375958223997,-0.43502175163138596,-0.5732277470320264,-0.7498793298249649,-0.11585688927269844,-0.1423736993628749,-0.1850583025494013,-0.19458354883651188,-1.029882139131166,1.5076178110181495,-0.46965587898313627,-1.2468194246246715,0.4714287434486923,-0.7803142062310864,-0.4401646196306631,-0.29601761901900703,-0.23402132579539733,-0.43142781029642885,0.34932211221164156,-0.8143135583370744,-1.0849216089511409,-1.1865946671278702,-0.6490032634882762,-1.2715683102539779,1.4763001934210112,-0.36513981808175977,-0.30708344176251406,-0.22301697567202783,-0.8079066623809701,-0.6616851109870963,0.6995374463304165,-0.19058219349963265,-1.090194889000231,-0.7160421888467345,0.8729754927846599,-0.46077824576931575,-0.7071681405616813,0.24590507631404773,-0.4549192691316323,-0.39498307471953714,-0.6922725817415895,-0.2948745963484151,-0.5748953469323914,-0.671200784935944,-0.8036474145269423,0.5417850813236532,0.36912731925199377,0.5644302987818686,0.3424214259965502,0.3785520555700684,0.3995122807956569,-0.10983780389073187,-0.41396633210742717,-0.18505830254940134,-0.20509449742850697,-0.0816496580927726,-0.5293123406455822,-0.1649572197684645,-0.6548947442298997,-0.4139663321074272,-0.4557837944376053,-0.11585688927269844,-0.11585688927269847,-0.3184399010871054,-0.21286501985332265,-0.5828678671740337,-0.11585688927269844,-0.11585688927269844,-0.24473874221703176,-0.2034190510862431,-0.08164965809277261,-0.2794722107346492,-0.4025033049430488,-0.1423736993628749,-0.603234650793541,-0.08164965809277261,-0.0816496580927726,-0.14237369936287486,-0.2103806732152868,-0.18505830254940134,-0.280305955290694,-0.5578275643047641,-0.45651777194825466,-0.25629956685409805,2.3609063149494802,-0.11585688927269844,-0.16495721976846447,-0.14237369936287486,-0.08164965809277261,-0.0816496580927726,-0.11585688927269844,0.19048041816759606
3.96,compound_181,181,O=[N+]([O-])c1ccc(O)c(CNCCCl)c1,0.10817554348386484,-0.8983442311759855,0.16034255583294219,-0.7433696839772278,-0.8216839938612743,-0.17657661888684856,-0.05456097182987767,0.8467398007292464,-0.012516767302707961,0.37031090071655803,-0.4931818639608878,-0.6342029692241726,-0.1316962560546155,-0.8364936638409942,-0.08164965809277261,-0.43722819541551783,-0.1078489619050793,-0.08164965809277262,0.06462300819753596,0.42896573060699006,-0.27408339900919365,1.4397173126203102,0.8268907762169418,0.6773276531237928,-0.10527831186259413,-0.6308462959021603,0.42563893442084777,-0.45337697298086144,1.2821982066551323,-0.40785437905851407,-0.33328072558536986,-0.2283834699817179,-0.1832943069384452,-1.3075986221510465,-0.7870699270759611,1.1374788860762175,-0.44366661006795666,-0.1850583025494013,-0.34426518632954817,-0.3813771739533777,-0.3004208840630549,-0.32250493633782445,-0.2501851166488378,-0.48650923597732115,-0.408030732073532,-0.33452862082526913,1.7955962598953972,-0.4198758738907056,-0.43502175163138596,-0.5732277470320264,0.879354897564527,-0.11585688927269844,-0.1423736993628749,-0.1850583025494013,0.8954989507858157,0.4357003047802801,-0.7114743284423424,-0.46965587898313627,-0.025081379573785204,-0.7955793462767262,-0.7803142062310864,-0.4401646196306631,-0.29601761901900703,3.6574998218094454,-0.9083432985070807,-0.9246353900744995,1.616008806179648,-1.0849216089511409,-0.17213589276286217,-0.24007177178424485,-0.35853310959605517,1.4763001934210112,1.328629174805808,-0.30708344176251406,-0.247530577287307,0.7755545700969003,-0.6616851109870963,0.6995374463304165,0.428005313938674,0.46130610435821595,-0.7160421888467345,0.8729754927846599,0.7019718031396669,0.0984355994468685,-0.6663308010709861,-0.27433893070530924,-0.39498307471953714,-0.3589236523083401,-0.2948745963484151,0.03441322757700223,0.3517947199451637,-0.7857262562677887,0.39517003291411595,-0.9165442170584287,0.26783587439667383,0.3424214259965502,-0.10458321776549744,0.3995122807956569,-0.10983780389073187,-0.41396633210742717,-0.18505830254940134,-0.20509449742850697,-0.0816496580927726,-0.5293123406455822,-0.1649572197684645,-0.6548947442298997,1.9011787104192954,-0.4557837944376053,-0.11585688927269844,-0.11585688927269847,0.7998025422652879,-0.21286501985332265,-0.5828678671740337,-0.11585688927269844,-0.11585688927269844,-0.24473874221703176,-0.2034190510862431,-0.08164965809277261,-0.2794722107346492,-0.4025033049430488,-0.1423736993628749,0.18201045498080975,-0.08164965809277261,-0.0816496580927726,-0.14237369936287486,-0.2103806732152868,-0.18505830254940134,-0.280305955290694,-0.5578275643047641,-0.45651777194825466,-0.25629956685409805,2.3609063149494802,-0.11585688927269844,-0.16495721976846447,-0.14237369936287486,-0.08164965809277261,-0.0816496580927726,-0.11585688927269844,-1.066218341377241
1.81,compound_118,118,Nc1c(Br)cc([N+](=O)[O-])cc1[N+](=O)[O-],-0.8350343397044111,0.06964439377934604,0.5916195107894873,0.173204945135782,0.3521215516954058,2.8682930625585943,-0.21570705356908176,4.628075073586467,0.5009547141953317,0.3990508572427836,-0.48464570999850043,-0.2505667410600669,-0.808314131208768,0.4435785872987313,-0.08164965809277261,0.7844817684740985,-0.1078489619050793,-0.08164965809277262,1.7460026222508491,-1.2076294546523076,0.05626515758735878,-0.1382285852570622,-0.9971134346828908,0.2434061305916714,-0.10527834832495876,0.3057736786388284,-0.6680470056121751,-0.7066431477518647,-0.16369807879138826,-0.28333520224851927,-1.32359529696945,-0.07752447891913533,1.2114385193369124,0.017678476000956674,-0.606693157435926,1.1374788860762175,0.44958216486886254,-0.1850583025494013,-0.34426518632954817,-0.3813771739533777,-0.3004208840630549,-0.32250493633782445,-0.2501851166488378,-0.48650923597732115,-0.408030732073532,0.1706095966208874,0.49829944054513414,0.34862421044258585,-0.43502175163138596,-0.5732277470320264,-0.34257077297759186,-0.11585688927269844,-0.1423736993628749,-0.1850583025494013,-0.06916652743285642,0.134050488525099,0.3783599910700389,-0.46965587898313627,0.8892129669387627,-0.7955793462767262,0.7498726337854658,-0.4401646196306631,-0.29601761901900703,-0.23402132579539733,-0.9083432985070807,0.08993877653047361,-1.1036304770124312,0.22705499824479192,0.07589631573644143,-0.8595975459960092,0.877409918774981,-0.44543540318737407,-0.36513981808175977,-0.30708344176251406,-0.6961133411633624,-0.07329925148241778,-0.44211073997776557,-0.762291769811869,-1.0514352049134235,0.5810778995381293,0.8265022678561967,-0.7747657498463855,-0.6132496063484922,-0.7071681405616813,0.680252572121473,-0.9399981621542656,-0.5148979835070533,-0.025574722875090782,-0.2948745963484151,-0.9872020877718759,-0.1420856986165094,0.15443293796744742,0.28665608491084527,0.7042066539008773,0.9111502090351051,0.3424214259965502,0.7257259661536316,0.3995122807956569,-0.10983780389073187,1.901178710419295,-0.18505830254940134,-0.20509449742850697,-0.0816496580927726,-0.5293123406455822,-0.1649572197684645,0.4817616509277422,-0.4139663321074272,1.764324365564924,-0.11585688927269844,-0.11585688927269847,-0.3184399010871054,-0.21286501985332265,1.0173693681583134,-0.11585688927269844,-0.11585688927269844,-0.24473874221703176,-0.2034190510862431,-0.08164965809277261,-0.2794722107346492,-0.4025033049430488,-0.1423736993628749,0.18201045498080975,-0.08164965809277261,-0.0816496580927726,-0.14237369936287486,-0.2103806732152868,-0.18505830254940134,-0.280305955290694,1.1611920726344063,1.146602776056082,-0.25629956685409805,-0.3813771739533776,-0.11585688927269844,-0.16495721976846447,-0.14237369936287486,-0.08164965809277261,-0.0816496580927726,-0.11585688927269844,0.22539740839597508
2.54,compound_134,134,O=C(O)c1c(Cl)ccc(Cl)c1Cl,-0.7530895033626673,-0.38017355434189404,0.3770668239368653,-0.06044497823298988,0.35878496952378114,0.11396414182747423,8.31016451606829,0.8470251333286423,0.31395900393803033,-0.08266885714972809,-0.7326480729977176,-0.20598062968828557,-1.8354632479831272,-1.5097673307062915,-0.08164965809277261,5.260188458861376,-0.1078489619050793,-0.08164965809277262,0.06462300819753596,1.3696803883030826,-0.33959082847475086,-0.181107549873295,-0.9971134346828908,1.7210848289443015,-0.10527834927806205,0.37461935041908256,-0.7607053557202219,-0.4238832041560994,0.9056001340413897,0.4522342523723643,-1.1187362822637206,0.8136415938367644,1.2048206912268424,-0.9624170168956961,0.6271037232494308,0.17253893215762853,-1.7835397724731854,-0.1850583025494013,-0.34426518632954817,-0.3813771739533777,-0.3004208840630549,-0.32250493633782445,-0.2501851166488378,-0.48650923597732115,-0.408030732073532,-1.3448050557175821,0.49829944054513414,-0.8041259160573513,-0.43502175163138596,-0.5732277470320264,-1.1571878866723377,-0.11585688927269844,-0.1423736993628749,-0.1850583025494013,-0.19458354883651188,-1.029882139131166,-0.7114743284423424,-0.46965587898313627,-1.2468194246246715,0.5342332819848411,-2.3105010462476385,1.1361615763709698,-0.29601761901900703,-0.23402132579539733,1.8385705678404445,-0.30461351335365483,-1.5287415597236276,0.25219752087435476,0.44421180034253055,-1.064426170517952,1.4897253200419966,1.4763001934210112,-0.36513981808175977,-0.30708344176251406,-0.6961133411633624,-0.8079066623809701,-0.7418821144432827,-0.762291769811869,-1.11167301105561,-1.090194889000231,-1.4873144171982,-0.7747657498463855,-0.4971071320622188,-0.7071681405616813,-2.0129141742634453,-0.485152900974639,-0.8565849484774555,2.8653974943352223,0.1282143743010553,-1.1227752723239777,2.6416789759565953,-0.65784184323733,0.9509777230026062,0.2918587715659898,1.3242006066979217,0.3424214259965502,0.7257259661536316,0.3995122807956569,-0.10983780389073187,-0.41396633210742717,5.403702434442519,-0.20509449742850697,-0.0816496580927726,0.9787284789295669,-0.1649572197684645,-1.7915511393875416,-0.4139663321074272,-0.4557837944376053,-0.11585688927269844,-0.11585688927269847,-0.3184399010871054,-0.21286501985332265,-0.5828678671740337,-0.11585688927269844,-0.11585688927269844,-0.24473874221703176,-0.2034190510862431,-0.08164965809277261,-0.2794722107346492,-0.4025033049430488,-0.1423736993628749,1.7525006665295113,-0.08164965809277261,-0.0816496580927726,-0.14237369936287486,-0.2103806732152868,-0.18505830254940134,-0.280305955290694,-2.2768472012439345,-2.059638319952591,-0.25629956685409805,-0.3813771739533776,-0.11585688927269844,-0.16495721976846447,-0.14237369936287486,-0.08164965809277261,-0.0816496580927726,-0.11585688927269844,2.407200674247637
2.285,compound_58,58,O=[N+]([O-])c1ccc(O)c(Cl)c1,-1.0258596232797308,-1.070636891225314,1.0013337839757361,-0.39968693422658935,1.2096956911192969,-0.0292628546460869,-0.053589615952104354,0.8467421995806689,0.921849126800823,0.0315370846153388,-0.9447432809613393,-0.8230740449629254,-0.9375049608724891,-0.8364936638409942,-0.08164965809277261,-0.43722819541551783,-0.1078489619050793,-0.08164965809277262,0.06462300819753596,-0.31439621032094156,-0.8842268784138879,1.2650829840014695,-0.9971134346828908,0.7242380879921304,-0.10527834931026497,-0.5035375177264335,-0.807763388954892,-0.9664217918500496,1.2668039031387566,-0.4066150892095118,-0.5821435495101878,-0.22688203043606564,1.2947142289263942,-1.2934885382552619,-0.5192652211234196,0.17253893215762853,-0.8902909975363662,-0.1850583025494013,-0.34426518632954817,-0.3813771739533777,-0.3004208840630549,-0.32250493633782445,-0.2501851166488378,-0.48650923597732115,-0.408030732073532,-0.8396668382714256,0.49829944054513414,-0.8041259160573513,-0.43502175163138596,-0.5732277470320264,-0.7498793298249649,-0.11585688927269844,-0.1423736993628749,-0.1850583025494013,-0.19458354883651188,0.1467645826931329,-0.7114743284423424,-0.46965587898313627,-0.025081379573785204,-0.7955793462767262,-0.7803142062310864,-0.4401646196306631,-0.29601761901900703,-0.23402132579539733,0.007294656942094409,-0.9246353900744995,-0.6785193943012349,-0.6165023390712707,-0.6423009551232297,-0.9534209280799776,-0.35853310959605517,1.4763001934210112,-0.36513981808175977,-0.30708344176251406,-0.6961133411633624,-0.8079066623809701,-0.7015184339586256,0.6995374463304165,-0.9397214553406417,-1.090194889000231,-0.7160421888467345,0.8729754927846599,-0.46077824576931575,-0.7071681405616813,-0.6663308010709861,-0.8798047160121578,-0.39498307471953714,0.49361744361734783,-0.2948745963484151,-0.9869285966687826,0.40586958790202843,-0.8149458600483962,0.8267363852232057,0.5097678451221838,0.7975979394693565,0.3424214259965502,0.7257259661536316,0.3995122807956569,-0.10983780389073187,-0.41396633210742717,-0.18505830254940134,-0.20509449742850697,-0.0816496580927726,-0.5293123406455822,-0.1649572197684645,-0.6548947442298997,-0.4139663321074272,-0.4557837944376053,-0.11585688927269844,-0.11585688927269847,-0.3184399010871054,-0.21286501985332265,-0.5828678671740337,-0.11585688927269844,-0.11585688927269844,-0.24473874221703176,-0.2034190510862431,-0.08164965809277261,-0.2794722107346492,-0.4025033049430488,-0.1423736993628749,0.18201045498080975,-0.08164965809277261,-0.0816496580927726,-0.14237369936287486,-0.2103806732152868,-0.18505830254940134,-0.280305955290694,-0.5578275643047641,-0.45651777194825466,-0.25629956685409805,2.3609063149494802,-0.11585688927269844,-0.16495721976846447,-0.14237369936287486,-0.08164965809277261,-0.0816496580927726,-0.11585688927269844,0.450452652553744
2.107,compound_17,17,Cc1cccc([N+](=O)[O-])c1,-1.1764545743350447,-1.5669345050672652,1.2831031466904719,-1.646227968842921,1.1779847558774643,-1.0588050383638765,-0.05405151759470585,-0.7592766282847303,0.37536757012459615,0.28162726318633474,-1.0763766261818466,-1.149020399382816,-0.6865314495306051,-0.8364936638409942,-0.08164965809277261,-0.43722819541551783,-0.1078489619050793,-0.08164965809277262,-0.7291796181945297,-0.8967424619876242,-1.268551475895319,1.1995951107694058,-0.2153973442972486,0.6186896095383713,-0.1052783489957552,-1.2622024057118837,-0.9983146983349969,-0.8411247008098063,-1.7055155647316818,-0.8631647686859292,0.1341497698472719,-1.0308422999013127,0.17297754086164935,1.5558122403632837,-0.5609438735144333,-0.7924010217609605,-1.336915385004776,-0.1850583025494013,-0.34426518632954817,-0.3813771739533777,-0.3004208840630549,-0.32250493633782445,-0.2501851166488378,-0.48650923597732115,-0.408030732073532,-1.3448050557175821,-0.798997378805129,-1.5726260003906427,-0.43502175163138596,-0.5732277470320264,-1.1571878866723377,-0.11585688927269844,-0.1423736993628749,-0.1850583025494013,-1.2434005283644773,-1.029882139131166,-0.7114743284423424,-0.46965587898313627,-0.3325250781121237,-0.7955793462767262,-0.7803142062310864,-0.4401646196306631,-0.29601761901900703,-0.23402132579539733,0.045487677914223,-0.27069976450920297,-0.3892024756258782,-0.9570823497509603,-1.284509061835826,-0.9257182582316864,-1.2715683102539779,-0.44543540318737407,-0.36513981808175977,-0.30708344176251406,-0.22301697567202783,-0.8079066623809701,-0.21663791079610198,-0.762291769811869,-0.024982988250567103,-1.090194889000231,-0.7160421888467345,-0.7747657498463855,-1.0775691586539007,-0.7071681405616813,0.24590507631404773,-0.39472582298952463,0.06661879903838124,-0.6922725817415895,-0.2948745963484151,-0.5684268892191254,-0.671200784935944,-0.8125476098404671,0.560460869071825,0.7042066539008773,0.2620649158304187,0.3424214259965502,0.38267569648657074,0.3995122807956569,-0.10983780389073187,-0.41396633210742717,-0.18505830254940134,-0.20509449742850697,-0.0816496580927726,-0.5293123406455822,-0.1649572197684645,-0.6548947442298997,-0.4139663321074272,-0.4557837944376053,-0.11585688927269844,-0.11585688927269847,-0.3184399010871054,-0.21286501985332265,-0.5828678671740337,-0.11585688927269844,-0.11585688927269844,-0.24473874221703176,-0.2034190510862431,-0.08164965809277261,-0.2794722107346492,-0.4025033049430488,-0.1423736993628749,-0.603234650793541,-0.08164965809277261,-0.0816496580927726,-0.14237369936287486,-0.2103806732152868,-0.18505830254940134,-0.280305955290694,-0.5578275643047641,-0.45651777194825466,-0.25629956685409805,-0.3813771739533776,-0.11585688927269844,-0.16495721976846447,-0.14237369936287486,-0.08164965809277261,-0.0816496580927726,-0.11585688927269844,-0.2846561526942436
3.899,compound_61,61,Cc1c(O)cc([N+](=O)[O-])cc1[N+](=O)[O-],-0.6803347021683908,0.0628741941752794,0.5746153575006898,-0.0074988789008488795,0.5873189481358718,-0.8239063337893366,-0.23253570229628087,-0.7588276928950122,-0.08019762705605477,0.6528727243112182,-0.44644052630433445,-0.7206307924058576,-0.5469193618396346,0.4435785872987313,-0.08164965809277261,-0.43722819541551783,-0.1078489619050793,-0.08164965809277262,0.06462300819753596,-0.997821785410552,-0.6164668722138467,0.11904520244033535,-0.2153973442972486,-0.3195190878283785,-0.10527834665507198,-0.3253519333305061,-0.7970348832184083,-0.6122301802098289,1.276394951093812,-0.4076404250568305,0.787581789664412,-0.22812425782135293,0.009888759967919747,-1.3022794842795733,-0.8791782656340383,0.17253893215762853,0.44958216486886254,-0.1850583025494013,-0.34426518632954817,-0.3813771739533777,-0.3004208840630549,-0.32250493633782445,-0.2501851166488378,-0.48650923597732115,-0.408030732073532,0.1706095966208874,0.49829944054513414,-0.03562583172405988,-0.43502175163138596,-0.5732277470320264,-0.34257077297759186,-0.11585688927269844,-0.1423736993628749,-0.1850583025494013,-0.19458354883651188,0.1467645826931329,-0.7114743284423424,-0.46965587898313627,1.1966566654771011,-0.7955793462767262,0.7498726337854658,-0.4401646196306631,-0.29601761901900703,-0.23402132579539733,-0.9083432985070807,-0.8415740785570819,-1.239424641048271,0.8923046842968898,-0.586281257762216,-0.3860199860216573,-0.8239507967026044,1.4763001934210112,-0.36513981808175977,-0.30708344176251406,-0.22301697567202783,-0.8079066623809701,-0.3617741669094872,0.6995374463304165,-0.607396519636735,-1.090194889000231,0.055230039504731064,0.8729754927846599,0.003541306536093114,-0.7071681405616813,1.592488449506507,-0.5151127152737399,-0.8565849484774555,-0.6922725817415895,-0.2948745963484151,-0.7124084815576458,-0.671200784935944,0.13767957098370176,0.07439554910358712,0.2864268877216311,0.6885791032908664,0.3424214259965502,0.34947904608729136,0.3995122807956569,-0.10983780389073187,-0.41396633210742717,-0.18505830254940134,-0.20509449742850697,-0.0816496580927726,-0.5293123406455822,-0.1649572197684645,0.4817616509277422,-0.4139663321074272,-0.4557837944376053,-0.11585688927269844,-0.11585688927269847,-0.3184399010871054,-0.21286501985332265,-0.5828678671740337,-0.11585688927269844,-0.11585688927269844,-0.24473874221703176,-0.2034190510862431,-0.08164965809277261,-0.2794722107346492,-0.4025033049430488,-0.1423736993628749,-0.603234650793541,-0.08164965809277261,-0.0816496580927726,-0.14237369936287486,-0.2103806732152868,-0.18505830254940134,-0.280305955290694,1.1611920726344063,1.146602776056082,-0.25629956685409805,2.3609063149494802,-0.11585688927269844,-0.16495721976846447,-0.14237369936287486,-0.08164965809277261,-0.0816496580927726,-0.11585688927269844,0.8938157531937961
3.983,compound_41,41,CCC(C)c1cc([N+](=O)[O-])cc([N+](=O)[O-])c1O,0.1896410037185756,0.4831341720101177,-0.292793344483129,0.5741126844218133,0.29622024556379,-0.793167171751283,-0.23751658647560897,-0.7587764627597715,-1.3119334941115224,1.3580352158194915,0.013473782279194161,-0.40786492625612036,0.07740343672161966,0.4435785872987313,-0.08164965809277261,-0.43722819541551783,-0.1078489619050793,-0.08164965809277262,0.06462300819753596,-0.36337088852094723,-0.16684122320302233,0.6487265300526244,1.1916916183969086,-0.3195190878283785,-0.10527823027151288,-0.49705030516129184,-0.1826440972286908,-0.23985957292028556,1.2104267601440388,0.053903787747985626,1.549808779373178,0.3310514134148513,-0.5065694774826047,-1.2418144747541813,0.11382510374839037,0.17253893215762853,0.44958216486886254,-0.1850583025494013,-0.34426518632954817,-0.3813771739533777,-0.3004208840630549,-0.32250493633782445,-0.2501851166488378,-0.48650923597732115,2.0564748896506013,0.1706095966208874,0.49829944054513414,-0.03562583172405988,-0.43502175163138596,-0.5732277470320264,0.47204634071715407,-0.11585688927269844,-0.1423736993628749,-0.1850583025494013,-0.19458354883651188,-1.029882139131166,1.5076178110181495,-0.46965587898313627,-0.025081379573785204,0.4714287434486923,0.7498726337854658,-0.4401646196306631,-0.29601761901900703,-0.23402132579539733,0.1732677689756921,-0.2859335783377179,0.1557338836761247,-0.19007838162024807,-0.4758294537336156,0.22281534316174528,-0.8239507967026044,1.4763001934210112,-0.36513981808175977,-0.30708344176251406,1.097059679106706,-0.8079066623809701,-0.3617741669094872,0.6995374463304165,0.8067239445549614,-1.090194889000231,0.055230039504731064,0.8729754927846599,0.003541306536093114,-0.7071681405616813,0.680252572121473,0.9864850776157345,-0.8565849484774555,-0.6922725817415895,-0.2948745963484151,0.18342721594062625,-0.671200784935944,0.18601155993457655,-0.24051766258427792,-1.3847176389508753,0.40491605805496667,-0.4125344123790364,-0.20109743386013343,0.3995122807956569,-0.10983780389073187,-0.41396633210742717,-0.18505830254940134,-0.20509449742850697,-0.0816496580927726,-0.5293123406455822,-0.1649572197684645,0.4817616509277422,-0.4139663321074272,-0.4557837944376053,-0.11585688927269844,-0.11585688927269847,-0.3184399010871054,-0.21286501985332265,-0.5828678671740337,-0.11585688927269844,-0.11585688927269844,-0.24473874221703176,-0.2034190510862431,-0.08164965809277261,-0.2794722107346492,-0.4025033049430488,-0.1423736993628749,-0.603234650793541,-0.08164965809277261,-0.0816496580927726,-0.14237369936287486,-0.2103806732152868,-0.18505830254940134,-0.280305955290694,1.1611920726344063,1.146602776056082,-0.25629956685409805,2.3609063149494802,-0.11585688927269844,-0.16495721976846447,-0.14237369936287486,-0.08164965809277261,-0.0816496580927726,-0.11585688927269844,1.5139175349981333
2.635,compound_21,21,Nc1ccc(Cl)cc1[N+](=O)[O-],-0.9246774703054554,-0.8335638985194925,0.9071094906341327,-0.5910626031435255,0.6510723596818097,-0.04232343653473253,-0.03535940107114627,0.846742175397457,0.7457116638677219,0.19462760949317026,-0.9268225796369173,-0.8108870275835223,-0.9395336684234732,-0.8364936638409942,-0.08164965809277261,0.7844817684740985,-0.1078489619050793,-0.08164965809277262,-0.7291796181945297,-0.20697843111789488,-0.8947493692335776,1.2650829840014695,-0.9971134346828908,0.7242380879921304,-0.10527834912724138,-0.7126305142569861,-0.807763388954892,-0.8150146718816735,-0.15194914516100083,-0.4081656689430671,-1.3341735515620852,-0.22876060769748768,1.2755722681759623,0.006909658884000179,-0.6209486079373996,1.1374788860762175,-0.8902909975363662,-0.1850583025494013,-0.34426518632954817,-0.3813771739533777,-0.3004208840630549,-0.32250493633782445,-0.2501851166488378,-0.48650923597732115,-0.408030732073532,-0.8396668382714256,0.49829944054513414,-0.8041259160573513,-0.43502175163138596,-0.5732277470320264,-0.7498793298249649,-0.11585688927269844,-0.1423736993628749,-0.1850583025494013,-0.06916652743285642,0.134050488525099,0.3783599910700389,-0.46965587898313627,-0.3325250781121237,-0.7955793462767262,-0.7803142062310864,-0.4401646196306631,-0.29601761901900703,-0.23402132579539733,0.007294656942094409,-0.30461351335365483,-0.7502658411989676,-1.0849216089511409,-0.8169272194354116,-1.122580823462628,0.08908440395531816,-0.44543540318737407,-0.36513981808175977,-0.30708344176251406,-0.6961133411633624,-0.07329925148241778,-0.7015184339586261,-0.762291769811869,-0.7557223383972361,0.5810778995381293,0.055230039504731064,-0.7747657498463855,-1.0775691586539007,-0.7071681405616813,-0.6663308010709861,-0.8798047160121578,-0.39498307471953714,1.1603153024838464,-0.2948745963484151,-0.8454842109493206,0.4036794399326782,-0.8013615298223485,0.582685910331157,0.7042066539008773,0.8352810077025401,0.3424214259965502,0.7257259661536316,0.3995122807956569,-0.10983780389073187,1.901178710419295,-0.18505830254940134,-0.20509449742850697,-0.0816496580927726,-0.5293123406455822,-0.1649572197684645,-0.6548947442298997,-0.4139663321074272,1.764324365564924,-0.11585688927269844,-0.11585688927269847,-0.3184399010871054,-0.21286501985332265,1.0173693681583134,-0.11585688927269844,-0.11585688927269844,-0.24473874221703176,-0.2034190510862431,-0.08164965809277261,-0.2794722107346492,-0.4025033049430488,-0.1423736993628749,0.18201045498080975,-0.08164965809277261,-0.0816496580927726,-0.14237369936287486,-0.2103806732152868,-0.18505830254940134,-0.280305955290694,-0.5578275643047641,-0.45651777194825466,-0.25629956685409805,-0.3813771739533776,-0.11585688927269844,-0.16495721976846447,-0.14237369936287486,-0.08164965809277261,-0.0816496580927726,-0.11585688927269844,-0.6245902333303732
2.1,compound_161,161,Nc1nnc(/C=C/c2ccc([N+](=O)[O-])o2)s1,2.1335988720438275,-0.8617325313217209,1.8616459686210673,-0.9995603259246119,1.4800266058964975,0.8410010953329938,-0.37241713695819256,0.5605562252499994,1.568442076333123,-1.9234028219009704,-0.24621215997796944,0.013525105242963714,-0.8967965388204078,-0.8364936638409942,-0.08164965809277261,2.950172823385755,11.20906503966929,-0.08164965809277262,0.8552787756876036,-0.6554019618249899,-0.18885427209335803,0.7943888951460042,-0.9971134346828908,-0.366429522696716,-0.10527832875297559,0.02175908157795022,-0.36580279222593615,-0.8211983302268822,0.3472713352868576,2.254829446645599,-1.43002585829571,2.2668915099556366,1.2783266738211518,-0.08673834159989069,-0.6526731654117778,1.1374788860762175,0.44958216486886254,-0.1850583025494013,-0.34426518632954817,-0.3813771739533777,-0.3004208840630549,-2.6414690023859904,5.561807593193395,1.6741641355690164,-0.408030732073532,1.1808860315132004,0.49829944054513414,0.34862421044258585,4.095204765357529,1.0005429766377183,0.0647377838697811,-0.11585688927269844,-0.1423736993628749,-0.1850583025494013,0.8376561072441694,2.181343194570648,0.3783599910700389,1.0329959571320133,-1.5542631231630102,0.5152699773154236,-0.7803142062310864,-0.4401646196306631,-0.29601761901900703,3.1866718714200064,-0.013554467528215031,0.317389389594334,-1.5287415597236276,-0.8527124784646655,-0.15927350030951928,-0.6941217334538646,0.992676572891617,-0.44543540318737407,2.8877011301417514,-0.30708344176251406,-0.6961133411633624,-0.07329925148241778,-0.7234069419255135,-0.762291769811869,-0.509294949633746,0.5810778995381293,0.006541363327209608,-0.7747657498463855,-0.11585147268863911,-0.7071681405616813,-0.6663308010709861,-0.3467670427433038,-0.519143065042689,-0.025574722875090782,3.2833330875159534,-0.5946197583219361,-0.5385355797747517,-0.8015780083145586,1.0892615331497786,0.12063472271106304,0.6052932765643971,0.3424214259965502,0.7257259661536316,0.3995122807956569,-0.10983780389073187,1.901178710419295,-0.18505830254940134,3.666064141534562,-0.0816496580927726,-0.5293123406455822,-0.1649572197684645,1.618418046085384,-0.4139663321074272,1.764324365564924,-0.11585688927269844,-0.11585688927269847,-0.3184399010871054,-0.21286501985332265,1.0173693681583134,-0.11585688927269844,-0.11585688927269844,-0.24473874221703176,-0.2034190510862431,-0.08164965809277261,-0.2794722107346492,-0.4025033049430488,7.023769168568494,-0.603234650793541,-0.08164965809277261,-0.0816496580927726,-0.14237369936287486,-0.2103806732152868,-0.18505830254940134,-0.280305955290694,-0.5578275643047641,-2.059638319952591,-0.25629956685409805,-0.3813771739533776,-0.11585688927269844,-0.16495721976846447,-0.14237369936287486,-0.08164965809277261,-0.0816496580927726,-0.11585688927269844,1.5307930978084083
1.84,compound_130,130,Cc1ccc([N+](=O)[O-])cc1,-1.141483830022484,-1.6505645090601866,1.327427424608666,-1.722361272709691,1.2209733090246826,-1.0714685323422652,-0.05365168134575513,-0.7592770713929339,0.4057949147450792,0.21755188893407282,-1.0763766261818466,-1.149020399382816,-0.6865314495306053,-0.8364936638409942,-0.08164965809277261,-0.43722819541551783,-0.1078489619050793,-0.08164965809277262,-0.7291796181945297,-0.8967424619876242,-1.268551475895319,0.4792285052166924,-0.2153973442972486,0.6186896095383713,-0.1052783489890574,-1.2622024057118837,-0.9983146983349969,-0.8915210517228951,-1.7085960529666337,-0.8678437465656549,0.05786178496824576,-1.030839036650427,0.2009180177305453,1.5558106149881168,-0.5609438735144333,-0.7924010217609605,-1.336915385004776,-0.1850583025494013,-0.34426518632954817,-0.3813771739533777,-0.3004208840630549,-0.32250493633782445,-0.2501851166488378,-0.48650923597732115,-0.408030732073532,-1.3448050557175821,-0.798997378805129,-1.5726260003906427,-0.43502175163138596,-0.5732277470320264,-1.1571878866723377,-0.11585688927269844,-0.1423736993628749,-0.1850583025494013,-1.2434005283644773,-1.029882139131166,-0.7114743284423424,-0.46965587898313627,-0.3325250781121237,-0.7955793462767262,-0.7803142062310864,-0.4401646196306631,-0.29601761901900703,-0.23402132579539733,0.4845992841546032,-0.8415740785570819,-0.3892024756258782,-0.9570823497509603,-1.284509061835826,-0.9257182582316864,-1.2715683102539779,-0.44543540318737407,-0.36513981808175977,-0.30708344176251406,-0.22301697567202783,-0.8079066623809701,-0.21663791079610198,-0.762291769811869,-0.024982988250567103,-1.090194889000231,-0.7160421888467345,-0.7747657498463855,-1.0775691586539007,-0.7071681405616813,0.24590507631404773,-0.39472582298952463,0.06661879903838124,-0.6922725817415895,-0.2948745963484151,-0.5675964239181923,-0.671200784935944,-0.8161196087530745,0.5857907794497227,0.7042066539008773,0.22388755711823727,0.3424214259965502,0.38836296839775314,0.3995122807956569,-0.10983780389073187,-0.41396633210742717,-0.18505830254940134,-0.20509449742850697,-0.0816496580927726,-0.5293123406455822,-0.1649572197684645,-0.6548947442298997,-0.4139663321074272,-0.4557837944376053,-0.11585688927269844,-0.11585688927269847,-0.3184399010871054,-0.21286501985332265,-0.5828678671740337,-0.11585688927269844,-0.11585688927269844,-0.24473874221703176,-0.2034190510862431,-0.08164965809277261,-0.2794722107346492,-0.4025033049430488,-0.1423736993628749,-0.603234650793541,-0.08164965809277261,-0.0816496580927726,-0.14237369936287486,-0.2103806732152868,-0.18505830254940134,-0.280305955290694,-0.5578275643047641,-0.45651777194825466,-0.25629956685409805,-0.3813771739533776,-0.11585688927269844,-0.16495721976846447,-0.14237369936287486,-0.08164965809277261,-0.0816496580927726,-0.11585688927269844,-0.2846561526942436
2.19,compound_126,126,Cc1ccccc1[N+](=O)[O-],-0.9690445586112129,-1.1927579273660445,1.1291231287083419,-1.3476758522286392,0.9920542289931176,-1.0072933560507549,-0.0639114254885215,-0.7592682898474441,0.26440431604029624,0.35727342478818824,-1.0763766261818466,-1.149020399382816,-0.6865314495306053,-0.8364936638409942,-0.08164965809277261,-0.43722819541551783,-0.1078489619050793,-0.08164965809277262,-0.7291796181945297,-0.8967424619876242,-1.268551475895319,0.8394118079930487,-0.2153973442972486,0.6186896095383713,-0.10527834895870633,-1.2622024057118837,-1.126473498923316,-0.7605666093125062,-1.672884686744448,-0.8136014707106425,0.040315548446070694,-1.0310395428070336,0.13052659469217673,1.5559104840264357,-0.5609438735144333,-0.7924010217609605,-1.336915385004776,-0.1850583025494013,-0.34426518632954817,-0.3813771739533777,-0.3004208840630549,-0.32250493633782445,-0.2501851166488378,-0.48650923597732115,-0.408030732073532,-1.3448050557175821,-0.798997378805129,-1.5726260003906427,-0.43502175163138596,-0.5732277470320264,-1.1571878866723377,-0.11585688927269844,-0.1423736993628749,-0.1850583025494013,-1.2434005283644773,-1.029882139131166,-0.7114743284423424,-0.46965587898313627,-0.3325250781121237,-0.7955793462767262,-0.7803142062310864,-0.4401646196306631,-0.29601761901900703,-0.23402132579539733,0.5224031661248748,-0.8415740785570819,-0.4228999536745886,-0.9570823497509603,-1.284509061835826,-0.9257182582316864,-1.2715683102539779,-0.44543540318737407,-0.36513981808175977,-0.30708344176251406,-0.22301697567202783,-0.8079066623809701,-0.21663791079610198,-0.762291769811869,-0.024982988250567103,-1.090194889000231,-0.7160421888467345,-0.7747657498463855,-1.0775691586539007,-0.7071681405616813,0.24590507631404773,-0.39472582298952463,0.06661879903838124,-0.6922725817415895,-0.2948745963484151,-0.5699604152542216,-0.671200784935944,-0.8061269100157057,0.5260375732629285,0.7042066539008773,0.3139478673507879,0.3424214259965502,0.3740348248620236,0.3995122807956569,-0.10983780389073187,-0.41396633210742717,-0.18505830254940134,-0.20509449742850697,-0.0816496580927726,-0.5293123406455822,-0.1649572197684645,-0.6548947442298997,-0.4139663321074272,-0.4557837944376053,-0.11585688927269844,-0.11585688927269847,-0.3184399010871054,-0.21286501985332265,-0.5828678671740337,-0.11585688927269844,-0.11585688927269844,-0.24473874221703176,-0.2034190510862431,-0.08164965809277261,-0.2794722107346492,-0.4025033049430488,-0.1423736993628749,-0.603234650793541,-0.08164965809277261,-0.0816496580927726,-0.14237369936287486,-0.2103806732152868,-0.18505830254940134,-0.280305955290694,-0.5578275643047641,-0.45651777194825466,3.261994487233975,-0.3813771739533776,-0.11585688927269844,-0.16495721976846447,-0.14237369936287486,-0.08164965809277261,-0.0816496580927726,-0.11585688927269844,-0.2846561526942436
1.87,compound_98,98,Nc1cc(Cl)c([N+](=O)[O-])cc1Cl,-1.0801517851968538,-0.49112445517018066,0.6379976297396572,0.005216701200266168,0.7865377887320713,0.016512471133286966,-0.050610232730821235,0.846835472013039,0.7704375018076822,0.09071757687367418,-0.7529913103637411,-0.45624387025984225,-0.9728347183559488,-0.8364936638409942,-0.08164965809277261,0.7844817684740985,-0.1078489619050793,-0.08164965809277262,-0.7291796181945297,0.5821889601199834,-0.531589876628765,0.4191979547539657,-0.9971134346828908,1.064338740787577,-0.10527834914813802,-0.10956999125691362,-0.8031977420661482,-0.879273505835861,-0.09797869755666003,-0.48565523434010766,-1.6816910979915927,-0.32264171061799163,1.3156317045356238,-0.04255847994931661,-0.08253754680081228,1.1374788860762175,-0.8902909975363662,-0.1850583025494013,-0.34426518632954817,-0.3813771739533777,-0.3004208840630549,-0.32250493633782445,-0.2501851166488378,-0.48650923597732115,-0.408030732073532,-0.8396668382714256,0.49829944054513414,-0.4198758738907056,-0.43502175163138596,-0.5732277470320264,-0.7498793298249649,-0.11585688927269844,-0.1423736993628749,-0.1850583025494013,-0.06916652743285642,-0.0019922599718506786,0.3783599910700389,-0.46965587898313627,-0.3325250781121237,-0.7955793462767262,-0.7803142062310864,-0.4401646196306631,-0.29601761901900703,-0.23402132579539733,0.9229326123912696,-0.9246353900744995,-1.1036304770124312,-0.21392634398174182,-0.22546523031928944,-1.2240533783265284,1.002119604613241,-0.44543540318737407,-0.36513981808175977,-0.30708344176251406,-0.6961133411633624,-0.07329925148241778,-0.7766295204818161,-0.762291769811869,-0.9550547150859254,0.5810778995381293,0.055230039504731064,-0.7747657498463855,-1.0775691586539007,-0.7071681405616813,-0.6663308010709861,-0.9399981621542656,-0.8565849484774555,2.346205327842784,-0.2948745963484151,-0.9800812559190903,1.505914630891025,-0.8016496625934723,0.7212310316340717,0.7042066539008773,1.126555565231743,0.3424214259965502,0.7257259661536316,0.3995122807956569,-0.10983780389073187,1.901178710419295,-0.18505830254940134,-0.20509449742850697,-0.0816496580927726,-0.5293123406455822,-0.1649572197684645,-0.6548947442298997,-0.4139663321074272,1.764324365564924,-0.11585688927269844,-0.11585688927269847,-0.3184399010871054,-0.21286501985332265,1.0173693681583134,-0.11585688927269844,-0.11585688927269844,-0.24473874221703176,-0.2034190510862431,-0.08164965809277261,-0.2794722107346492,-0.4025033049430488,-0.1423736993628749,0.9672555607551606,-0.08164965809277261,-0.0816496580927726,-0.14237369936287486,-0.2103806732152868,-0.18505830254940134,-0.280305955290694,-0.5578275643047641,-0.45651777194825466,-0.25629956685409805,-0.3813771739533776,-0.11585688927269844,-0.16495721976846447,-0.14237369936287486,-0.08164965809277261,-0.0816496580927726,-0.11585688927269844,-0.2977028570679087
2.74,compound_92,92,Nc1c([N+](=O)[O-])cc(Cl)cc1[N+](=O)[O-],-0.751361127346822,0.3107489359532562,0.6243229672710743,0.20617991535669797,0.22225147306116264,-0.038460591872666344,-0.18934405263071533,0.8467421910252337,0.42323170174177194,0.47816324165081314,-0.48464570999850043,-0.5101835507776429,-0.790356718843512,0.4435785872987313,-0.08164965809277261,0.7844817684740985,-0.1078489619050793,-0.08164965809277262,-0.7291796181945297,-0.31272024726616177,-0.4137050867656652,-0.3955023729544597,-0.9971134346828908,0.020581564967068477,-0.10527834829161326,0.24406929169356334,-0.7198306717796192,-0.7404661075121237,-0.22296098831884548,-0.272305184122808,-0.8672910841024524,-0.06416125689602581,1.1838911372852392,0.07199757036278957,-0.6965931371879945,1.1374788860762175,0.44958216486886254,-0.1850583025494013,-0.34426518632954817,-0.3813771739533777,-0.3004208840630549,-0.32250493633782445,-0.2501851166488378,-0.48650923597732115,-0.408030732073532,0.1706095966208874,0.49829944054513414,0.34862421044258585,-0.43502175163138596,-0.5732277470320264,-0.34257077297759186,-0.11585688927269844,-0.1423736993628749,-0.1850583025494013,-0.06916652743285642,-1.029882139131166,2.5734740359118664,-0.46965587898313627,-1.5542631231630102,1.7384368331741107,0.7498726337854658,-0.4401646196306631,-0.29601761901900703,-0.23402132579539733,0.007294656942094409,-1.5446572667953442,-0.6785193943012349,-0.2851852906490622,-0.042108916667129806,-0.8595975459960092,0.5367019175066915,-0.44543540318737407,-0.36513981808175977,-0.30708344176251406,-0.6961133411633624,-0.07329925148241778,-0.4016074898810171,-0.762291769811869,-1.0514352049134235,0.5810778995381293,0.8265022678561967,-0.7747657498463855,-0.6132496063484922,-0.7071681405616813,0.680252572121473,-0.9399981621542656,-0.8565849484774555,1.1603153024838464,-0.2948745963484151,-0.9831457039617755,0.3957199027691865,0.14541331507286295,0.09364573763869377,0.7042066539008773,0.9166722233803589,0.3424214259965502,0.7257259661536316,0.3995122807956569,-0.10983780389073187,1.901178710419295,-0.18505830254940134,-0.20509449742850697,-0.0816496580927726,-0.5293123406455822,-0.1649572197684645,0.4817616509277422,-0.4139663321074272,1.764324365564924,-0.11585688927269844,-0.11585688927269847,-0.3184399010871054,-0.21286501985332265,1.0173693681583134,-0.11585688927269844,-0.11585688927269844,-0.24473874221703176,-0.2034190510862431,-0.08164965809277261,-0.2794722107346492,-0.4025033049430488,-0.1423736993628749,0.18201045498080975,-0.08164965809277261,-0.0816496580927726,-0.14237369936287486,-0.2103806732152868,-0.18505830254940134,-0.280305955290694,1.1611920726344063,1.146602776056082,-0.25629956685409805,-0.3813771739533776,-0.11585688927269844,-0.16495721976846447,-0.14237369936287486,-0.08164965809277261,-0.0816496580927726,-0.11585688927269844,-0.08633908373745362
2.83,compound_97,97,Cc1ccc([N+](=O)[O-])cc1[N+](=O)[O-],-0.8777157840811481,-0.34136254829421403,0.8921601138536468,-0.6834357251070269,0.6522215528606469,-0.9026917923419936,-0.2307274723556142,-0.7588438466816848,0.08280359328207841,0.5490587930795249,-0.6341997565434299,-0.8483169225769374,-0.5373544999506439,0.4435785872987313,-0.08164965809277261,-0.43722819541551783,-0.1078489619050793,-0.08164965809277262,-0.7291796181945297,-1.0024842781358916,-0.7875071934274064,-0.2965509161477687,-0.2153973442972486,-0.08496691348669093,-0.10527834793145038,-0.5440066537178148,-0.6748543858228802,-0.6860180449429564,-1.5866838759422504,-0.6826703792097605,0.7726802032847105,-1.0309234326637362,0.04257437441399593,1.5558526513466495,-0.636588402765028,-0.7924010217609605,0.00295777740045296,-0.1850583025494013,-0.34426518632954817,-0.3813771739533777,-0.3004208840630549,-0.32250493633782445,-0.2501851166488378,-0.48650923597732115,-0.408030732073532,-0.33452862082526913,-0.798997378805129,-0.4198758738907056,-0.43502175163138596,-0.5732277470320264,-0.7498793298249649,-0.11585688927269844,-0.1423736993628749,-0.1850583025494013,-1.2434005283644773,-1.029882139131166,-0.7114743284423424,-0.46965587898313627,0.8892129669387627,-0.7955793462767262,0.7498726337854658,-0.4401646196306631,-0.29601761901900703,-0.23402132579539733,-0.9083432985070807,-0.22155220183623706,-0.4228999536745886,-0.06223912242006806,-0.7074792832748243,-0.6627349807650675,-0.8239507967026044,-0.44543540318737407,-0.36513981808175977,-0.30708344176251406,-0.22301697567202783,-0.8079066623809701,0.08327303328150602,-0.762291769811869,-0.5120751560710778,-1.090194889000231,0.055230039504731064,-0.7747657498463855,-0.6132496063484922,-0.7071681405616813,1.592488449506507,-0.4549192691316323,-0.39498307471953714,-0.6922725817415895,-0.2948745963484151,-0.705136278001091,-0.671200784935944,0.1258898559487802,0.1047844556015476,0.7042066539008773,0.28306202440275785,0.3424214259965502,0.3561321886879406,0.3995122807956569,-0.10983780389073187,-0.41396633210742717,-0.18505830254940134,-0.20509449742850697,-0.0816496580927726,-0.5293123406455822,-0.1649572197684645,0.4817616509277422,-0.4139663321074272,-0.4557837944376053,-0.11585688927269844,-0.11585688927269847,-0.3184399010871054,-0.21286501985332265,-0.5828678671740337,-0.11585688927269844,-0.11585688927269844,-0.24473874221703176,-0.2034190510862431,-0.08164965809277261,-0.2794722107346492,-0.4025033049430488,-0.1423736993628749,-0.603234650793541,-0.08164965809277261,-0.0816496580927726,-0.14237369936287486,-0.2103806732152868,-0.18505830254940134,-0.280305955290694,1.1611920726344063,1.146602776056082,-0.25629956685409805,-0.3813771739533776,-0.11585688927269844,-0.16495721976846447,-0.14237369936287486,-0.08164965809277261,-0.0816496580927726,-0.11585688927269844,0.39290598278075584
2.84,compound_117,117,O=[N+]([O-])c1ccc(O)cc1,-1.0258596232797308,-1.5654225594676443,1.3704189021047646,-1.344146729445442,1.28392890826898,-1.0403244594243413,-0.053776728151006196,-0.7592743607282207,0.9620291071160622,0.0315370846153388,-1.118574550234516,-1.1777172022866051,-0.9042039109400138,-0.8364936638409942,-0.08164965809277261,-0.43722819541551783,-0.1078489619050793,-0.08164965809277262,0.06462300819753596,-1.1035636015588195,-1.2473863710187005,0.4792285052166924,-0.9971134346828908,0.3841374351966837,-0.10527834931026497,-1.0499063793117815,-1.0605799944028782,-0.9885102553669537,1.2864971265376175,-0.4081766522689114,-0.3337498707440817,-0.22877391435030886,1.2740536923876395,-1.3115389186469935,-1.0576762822600063,0.17253893215762853,-0.8902909975363662,-0.1850583025494013,-0.34426518632954817,-0.3813771739533777,-0.3004208840630549,-0.32250493633782445,-0.2501851166488378,-0.48650923597732115,-0.408030732073532,-0.8396668382714256,0.49829944054513414,-1.188375958223997,-0.43502175163138596,-0.5732277470320264,-0.7498793298249649,-0.11585688927269844,-0.1423736993628749,-0.1850583025494013,-0.19458354883651188,0.1467645826931329,-0.7114743284423424,-0.46965587898313627,-0.025081379573785204,-0.7955793462767262,-0.7803142062310864,-0.4401646196306631,-0.29601761901900703,-0.23402132579539733,-0.9083432985070807,-0.30461351335365483,-0.6785193943012349,-0.9570823497509603,-1.1541067114716759,-0.8519483732160772,-1.2715683102539779,1.4763001934210112,-0.36513981808175977,-0.30708344176251406,-0.6961133411633624,-0.8079066623809701,-0.6264073474354356,0.6995374463304165,-0.7189225150085545,-1.090194889000231,-0.7160421888467345,0.8729754927846599,-0.46077824576931575,-0.7071681405616813,-0.6663308010709861,-0.8196112698700501,0.06661879903838124,-0.6922725817415895,-0.2948745963484151,-0.8536684262035156,-0.671200784935944,-0.8209500699160309,0.8127644741896605,0.4735552861597917,0.44579180943518937,0.3424214259965502,0.7257259661536316,0.3995122807956569,-0.10983780389073187,-0.41396633210742717,-0.18505830254940134,-0.20509449742850697,-0.0816496580927726,-0.5293123406455822,-0.1649572197684645,-0.6548947442298997,-0.4139663321074272,-0.4557837944376053,-0.11585688927269844,-0.11585688927269847,-0.3184399010871054,-0.21286501985332265,-0.5828678671740337,-0.11585688927269844,-0.11585688927269844,-0.24473874221703176,-0.2034190510862431,-0.08164965809277261,-0.2794722107346492,-0.4025033049430488,-0.1423736993628749,-0.603234650793541,-0.08164965809277261,-0.0816496580927726,-0.14237369936287486,-0.2103806732152868,-0.18505830254940134,-0.280305955290694,-0.5578275643047641,-0.45651777194825466,-0.25629956685409805,2.3609063149494802,-0.11585688927269844,-0.16495721976846447,-0.14237369936287486,-0.08164965809277261,-0.0816496580927726,-0.11585688927269844,0.0036190462259601246
2.55,compound_124,124,O=[N+]([O-])c1ccccc1,-1.1796245984032625,-1.826606902502661,1.699404019378715,-1.9990353439915676,1.3175716737227237,-1.1131306701672197,-0.05351328626412317,-0.7592773415477074,1.1360430513476998,0.0647141068723561,-1.306333780473611,-1.305403332457685,-0.8946390490510233,-0.8364936638409942,-0.08164965809277261,-0.43722819541551783,-0.1078489619050793,-0.08164965809277262,-0.7291796181945297,-1.108226094284159,-1.4184266922322604,-0.08105663243541847,-0.9971134346828908,0.6186896095383713,-0.10527834948166338,-1.2437786246706564,-1.039727730023092,-1.0438511539168005,-1.708844522728791,-0.8682211492473866,-0.3235781394268781,-1.0308389852830768,1.285418305120213,1.5558105894028285,-0.815086419390996,-0.7924010217609605,-1.336915385004776,-0.1850583025494013,-0.34426518632954817,-0.3813771739533777,-0.3004208840630549,-0.32250493633782445,-0.2501851166488378,-0.48650923597732115,-0.408030732073532,-1.3448050557175821,-0.798997378805129,-1.5726260003906427,-0.43502175163138596,-0.5732277470320264,-1.1571878866723377,-0.11585688927269844,-0.1423736993628749,-0.1850583025494013,-1.2434005283644773,-1.029882139131166,-0.7114743284423424,-0.46965587898313627,-0.3325250781121237,-0.7955793462767262,-0.7803142062310864,-0.4401646196306631,-0.29601761901900703,-0.23402132579539733,0.5224031661248748,-1.5446572667953442,-0.6785193943012349,-0.8292430905507796,-1.2587523134200536,-1.1286633679594873,-1.2715683102539779,-0.44543540318737407,-0.36513981808175977,-0.30708344176251406,-0.6961133411633624,-0.8079066623809701,-0.1813601472444418,-0.762291769811869,-0.5936278782328067,-1.090194889000231,-0.7160421888467345,-0.7747657498463855,-1.0775691586539007,-0.7071681405616813,-0.6663308010709861,-0.7594178237279424,0.5282206727963001,-0.6922725817415895,-0.2948745963484151,-0.8480509872201399,-0.671200784935944,-0.8251661303170326,0.8209613286626737,0.7042066539008773,0.26718038356868573,0.3424214259965502,0.7257259661536316,0.3995122807956569,-0.10983780389073187,-0.41396633210742717,-0.18505830254940134,-0.20509449742850697,-0.0816496580927726,-0.5293123406455822,-0.1649572197684645,-0.6548947442298997,-0.4139663321074272,-0.4557837944376053,-0.11585688927269844,-0.11585688927269847,-0.3184399010871054,-0.21286501985332265,-0.5828678671740337,-0.11585688927269844,-0.11585688927269844,-0.24473874221703176,-0.2034190510862431,-0.08164965809277261,-0.2794722107346492,-0.4025033049430488,-0.1423736993628749,-0.603234650793541,-0.08164965809277261,-0.0816496580927726,-0.14237369936287486,-0.2103806732152868,-0.18505830254940134,-0.280305955290694,-0.5578275643047641,-0.45651777194825466,3.261994487233975,-0.3813771739533776,-0.11585688927269844,-0.16495721976846447,-0.14237369936287486,-0.08164965809277261,-0.0816496580927726,-0.11585688927269844,-0.4413375627042732
1.429,compound_2,2,Nc1ccc([N+](=O)[O-])cc1Cl,-1.0801517851968538,-1.161744531306155,0.9168367133201998,-0.6641582960904918,0.9274352241458745,-0.018233513770123787,-0.053157023261766786,0.8467421968910476,0.8109040675452491,0.09071757687367268,-0.9268225796369173,-0.8108870275835223,-0.9395336684234736,-0.8364936638409942,-0.08164965809277261,0.7844817684740985,-0.1078489619050793,-0.08164965809277262,-0.7291796181945297,-0.20697843111789488,-0.8947493692335776,1.2650829840014695,-0.9971134346828908,0.7242380879921304,-0.10527834914813802,-0.7126305142569861,-0.807763388954892,-0.9110808933002028,-0.09744130593838546,-0.8368467444785672,-1.6035722014754719,-0.7481215302451009,1.28334961619382,-0.043051041422505675,-0.6209486079373996,1.1374788860762175,-0.8902909975363662,-0.1850583025494013,-0.34426518632954817,-0.3813771739533777,-0.3004208840630549,-0.32250493633782445,-0.2501851166488378,-0.48650923597732115,-0.408030732073532,-0.8396668382714256,0.49829944054513414,-0.8041259160573513,-0.43502175163138596,-0.5732277470320264,-0.7498793298249649,-0.11585688927269844,-0.1423736993628749,-0.1850583025494013,-0.06916652743285642,-1.029882139131166,0.3783599910700389,-0.46965587898313627,-0.3325250781121237,-0.7955793462767262,-0.7803142062310864,-0.4401646196306631,-0.29601761901900703,-0.23402132579539733,0.007294656942094409,-0.9246353900744995,-0.6785193943012349,-0.0860870847815615,-0.8169272194354116,-1.122580823462628,0.08908440395531816,-0.44543540318737407,-0.36513981808175977,-0.30708344176251406,-0.6961133411633624,-0.07329925148241778,-0.7015184339586261,-0.762291769811869,-0.7557223383972361,0.5810778995381293,0.055230039504731064,-0.7747657498463855,-1.0775691586539007,-0.7071681405616813,-0.6663308010709861,-0.8798047160121578,-0.39498307471953714,1.1603153024838464,-0.2948745963484151,-0.8453064845890268,0.41730838921434843,-0.8107297996473951,0.6734781445905336,0.7042066539008773,0.7517956382793809,0.3424214259965502,0.7257259661536316,0.3995122807956569,-0.10983780389073187,1.901178710419295,-0.18505830254940134,-0.20509449742850697,-0.0816496580927726,-0.5293123406455822,-0.1649572197684645,-0.6548947442298997,-0.4139663321074272,1.764324365564924,-0.11585688927269844,-0.11585688927269847,-0.3184399010871054,-0.21286501985332265,1.0173693681583134,-0.11585688927269844,-0.11585688927269844,-0.24473874221703176,-0.2034190510862431,-0.08164965809277261,-0.2794722107346492,-0.4025033049430488,-0.1423736993628749,0.18201045498080975,-0.08164965809277261,-0.0816496580927726,-0.14237369936287486,-0.2103806732152868,-0.18505830254940134,-0.280305955290694,-0.5578275643047641,-0.45651777194825466,-0.25629956685409805,-0.3813771739533776,-0.11585688927269844,-0.16495721976846447,-0.14237369936287486,-0.08164965809277261,-0.0816496580927726,-0.11585688927269844,-0.6245902333303732
2.06,compound_90,90,Nc1ccc(-c2ccc(N)cc2[N+](=O)[O-])cc1,0.42786037594950477,-0.4045754895764936,0.18544980138322228,-0.0012582676986568697,0.618619808668752,-0.6054033508344084,-0.03876501315831194,-0.7592648754349867,-0.8534913232171363,-0.8778310263640309,0.2548118541122451,-0.24374237198237622,0.23478210322192503,-0.8364936638409942,-0.08164965809277261,2.006191732363715,-0.1078489619050793,-0.08164965809277262,-0.7291796181945297,-0.46109828583431606,-0.28435649483517905,-1.2581262493516168,-0.9971134346828908,-0.7651682190775844,-0.10527817278716445,-0.579864992503915,-0.4035499166319029,-0.02270542989881731,-0.08225133889514039,-0.6812255947747281,-1.3661323236992335,-0.5595814978278945,1.1818213503286308,-0.05697383494976035,-0.13000078084040112,3.067358793913396,-0.44366661006795666,-0.1850583025494013,-0.34426518632954817,-0.3813771739533777,-0.3004208840630549,1.9964591297103413,-0.2501851166488378,1.6741641355690164,-0.408030732073532,-0.33452862082526913,1.7955962598953972,-0.8041259160573513,-0.43502175163138596,1.0005429766377183,0.0647377838697811,-0.11585688927269844,-0.1423736993628749,-0.1850583025494013,1.1050674734987644,-1.029882139131166,1.4681943105824202,-0.46965587898313627,-0.3325250781121237,-0.7955793462767262,-0.7803142062310864,-0.4401646196306631,-0.29601761901900703,-0.23402132579539733,0.045487677914223,1.5063045541359132,-0.30336453914844647,-0.054707685141963815,-0.7436980187443821,-0.5076629497823661,-0.376333283151231,-0.44543540318737407,-0.36513981808175977,-0.30708344176251406,-0.6961133411633624,0.6613081594161345,0.7087342531375462,2.066753954060618,-0.2988169681722239,2.2523506880764894,0.8265022678561967,-0.7747657498463855,-1.0775691586539007,-0.7071681405616813,-0.6663308010709861,-0.6390309314437271,1.4514244203121363,0.6411231359914079,2.9944427997047884,0.06835265313625385,-0.671200784935944,-0.7263091575730151,-0.15376752973221125,0.7042066539008773,-0.8371834882056232,0.3424214259965502,0.7257259661536316,0.3995122807956569,-0.10983780389073187,4.216323752946018,-0.18505830254940134,-0.20509449742850697,-0.0816496580927726,-0.5293123406455822,-0.1649572197684645,-0.6548947442298997,-0.4139663321074272,3.984432525567453,-0.11585688927269844,-0.11585688927269847,-0.3184399010871054,-0.21286501985332265,2.617606603490661,-0.11585688927269844,-0.11585688927269844,-0.24473874221703176,-0.2034190510862431,-0.08164965809277261,-0.2794722107346492,-0.4025033049430488,-0.1423736993628749,-0.603234650793541,-0.08164965809277261,-0.0816496580927726,-0.14237369936287486,-0.2103806732152868,-0.18505830254940134,-0.280305955290694,-0.5578275643047641,-0.45651777194825466,-0.25629956685409805,-0.3813771739533776,-0.11585688927269844,-0.16495721976846447,-0.14237369936287486,-0.08164965809277261,-0.0816496580927726,-0.11585688927269844,-0.009005403210701311
2.57,compound_109,109,Cc1c([N+](=O)[O-])cc([N+](=O)[O-])cc1[N+](=O)[O-],-0.7191235630514593,0.6172761273436187,0.6265390390532897,0.050994357063401004,0.2624011490405556,-0.7815456587255307,-0.40402452955358226,-0.7584087600206678,-0.19675541432532634,0.8808687827325471,-0.19202288690501315,-0.5476134457710586,-0.38817755037068297,1.7236508384384572,-0.08164965809277261,-0.43722819541551783,-0.1078489619050793,-0.08164965809277262,-0.7291796181945297,-1.108226094284159,-0.30646291095949385,-1.4567567472062253,-0.2153973442972486,-0.7886234365117536,-0.10527834544499015,0.3829005124258176,-0.5800643652744896,-0.6114694805734034,-1.500303370599502,-0.5514663482537604,1.3182763021629897,-1.0310079324256005,-0.1157692689025524,1.5558947393807447,-0.712232932015623,-0.7924010217609605,1.3428309398056817,-0.1850583025494013,-0.34426518632954817,-0.3813771739533777,-0.3004208840630549,-0.32250493633782445,-0.2501851166488378,-0.48650923597732115,-0.408030732073532,0.6757478140670439,-0.798997378805129,0.7328742526092316,-0.43502175163138596,-0.5732277470320264,-0.34257077297759186,-0.11585688927269844,-0.1423736993628749,-0.1850583025494013,-1.2434005283644773,0.10868703848800981,-0.7114743284423424,-0.46965587898313627,2.1109510119896497,-0.7955793462767262,2.2800594738020186,-0.4401646196306631,-0.29601761901900703,-0.23402132579539733,-0.9083432985070807,-0.8415740785570819,-1.239424641048271,0.8326041049108245,0.03495604903942151,-0.3997517032984487,-0.376333283151231,-0.44543540318737407,-0.36513981808175977,-0.30708344176251406,-0.22301697567202783,-0.8079066623809701,0.3831839773591156,-0.762291769811869,-0.8165077609588965,-1.090194889000231,0.8265022678561967,-0.7747657498463855,-0.14893005404308385,-0.7071681405616813,2.9390718226989665,-0.5151127152737399,-0.8565849484774555,-0.6922725817415895,-0.2948745963484151,-0.8430109661266391,-0.671200784935944,1.053061047903981,-0.4965200222454495,0.7042066539008773,0.5235504288117345,0.3424214259965502,0.3239014089781283,0.3995122807956569,-0.10983780389073187,-0.41396633210742717,-0.18505830254940134,-0.20509449742850697,-0.0816496580927726,-0.5293123406455822,-0.1649572197684645,1.618418046085384,-0.4139663321074272,-0.4557837944376053,-0.11585688927269844,-0.11585688927269847,-0.3184399010871054,-0.21286501985332265,-0.5828678671740337,-0.11585688927269844,-0.11585688927269844,-0.24473874221703176,-0.2034190510862431,-0.08164965809277261,-0.2794722107346492,-0.4025033049430488,-0.1423736993628749,-0.603234650793541,-0.08164965809277261,-0.0816496580927726,-0.14237369936287486,-0.2103806732152868,-0.18505830254940134,-0.280305955290694,2.880211709573577,2.7497233240604184,-0.25629956685409805,-0.3813771739533776,-0.11585688927269844,-0.16495721976846447,-0.14237369936287486,-0.08164965809277261,-0.0816496580927726,-0.11585688927269844,0.8774175473560901
2.57,compound_115,115,O=[N+]([O-])c1ccc(Cl)cc1,-1.1796245984032625,-1.5887902492031265,1.4339115780144687,-1.3718786916078587,1.2749947772382988,-0.045723297062255,-0.05349614607185571,0.8467421701613447,1.1000443971415486,0.0647141068723561,-1.1325025112004348,-0.9507601751340051,-0.9279400989834987,-0.8364936638409942,-0.08164965809277261,-0.43722819541551783,-0.1078489619050793,-0.08164965809277262,-0.7291796181945297,-0.31905870304628103,-1.0552671996274476,0.11904520244033535,-0.9971134346828908,0.9587902623338177,-0.10527834948166338,-0.7367829557394701,-0.9049642684207186,-1.027622895006418,-1.7075187547233077,-0.8662074297658706,-0.8118212426526381,-1.0308392505608093,1.2997658999387927,1.5558107215335943,-0.2766753582544089,-0.7924010217609605,-1.336915385004776,-0.1850583025494013,-0.34426518632954817,-0.3813771739533777,-0.3004208840630549,-0.32250493633782445,-0.2501851166488378,-0.48650923597732115,-0.408030732073532,-1.3448050557175821,-0.798997378805129,-1.188375958223997,-0.43502175163138596,-0.5732277470320264,-1.1571878866723377,-0.11585688927269844,-0.1423736993628749,-0.1850583025494013,-1.2434005283644773,-1.029882139131166,-0.7114743284423424,-0.46965587898313627,-0.3325250781121237,-0.7955793462767262,-0.7803142062310864,-0.4401646196306631,-0.29601761901900703,-0.23402132579539733,0.007294656942094409,-0.30461351335365483,-0.3251547584877712,-0.9570823497509603,-0.7652842373790306,-1.2301359228233877,-0.35853310959605517,-0.44543540318737407,-0.36513981808175977,-0.30708344176251406,-0.6961133411633624,-0.8079066623809701,-0.25647123376763187,-0.762291769811869,-0.8490361762756772,-1.090194889000231,-0.7160421888467345,-0.7747657498463855,-1.0775691586539007,-0.7071681405616813,-0.6663308010709861,-0.8196112698700501,0.06661879903838124,0.49361744361734783,-0.2948745963484151,-0.9788287364833325,0.3955931206939094,-0.8208974966707551,0.8299033517241424,0.7042066539008773,0.6243798369358233,0.3424214259965502,0.7257259661536316,0.3995122807956569,-0.10983780389073187,-0.41396633210742717,-0.18505830254940134,-0.20509449742850697,-0.0816496580927726,-0.5293123406455822,-0.1649572197684645,-0.6548947442298997,-0.4139663321074272,-0.4557837944376053,-0.11585688927269844,-0.11585688927269847,-0.3184399010871054,-0.21286501985332265,-0.5828678671740337,-0.11585688927269844,-0.11585688927269844,-0.24473874221703176,-0.2034190510862431,-0.08164965809277261,-0.2794722107346492,-0.4025033049430488,-0.1423736993628749,0.18201045498080975,-0.08164965809277261,-0.0816496580927726,-0.14237369936287486,-0.2103806732152868,-0.18505830254940134,-0.280305955290694,-0.5578275643047641,-0.45651777194825466,-0.25629956685409805,-0.3813771739533776,-0.11585688927269844,-0.16495721976846447,-0.14237369936287486,-0.08164965809277261,-0.0816496580927726,-0.11585688927269844,-0.058980255208882684
2.464,compound_74,74,O=[N+]([O-])c1cc(C(F)(F)F)cc([N+](=O)[O-])c1Cl,-1.1684649629802264,1.4691157729155235,0.008394666228833286,0.6863694841014673,-0.25089346074072044,-0.0020374801889508623,-0.2265495267517394,0.8467422536059688,-0.0738355396378044,0.5424504283555907,-0.0025154511104053816,-0.1823096725272446,-0.5927170309916245,2.110536752201548,-0.08164965809277261,-0.43722819541551783,-0.1078489619050793,-0.08164965809277262,-0.7291796181945297,-0.5305423353428159,0.15279466195918084,-1.046253718306701,-0.2153973442972486,0.008853956249984097,-0.1052783480440945,2.074922479165962,-0.10005608144393859,0.9276236658177938,0.13936047316997102,1.9390319981236952,1.09558181394933,-1.032000213593131,-1.235992139309908,1.5563889793962145,0.48718606457022523,-0.7924010217609605,0.00295777740045296,-0.1850583025494013,-0.34426518632954817,-0.3813771739533777,-0.3004208840630549,-0.32250493633782445,-0.2501851166488378,-0.48650923597732115,-0.408030732073532,-0.33452862082526913,-0.798997378805129,1.1171242947758773,-0.43502175163138596,-0.5732277470320264,-0.7498793298249649,-0.11585688927269844,-0.1423736993628749,-0.1850583025494013,-1.2434005283644773,-1.029882139131166,1.2270704435491577,-0.46965587898313627,0.8892129669387627,0.5803462209725962,0.7498726337854658,-0.4401646196306631,2.3573119108916716,-0.23402132579539733,0.007294656942094409,-1.5446572667953442,-0.6785193943012349,-0.23474767352047793,1.4367026995586734,-0.09360309338403432,0.08908440395531816,-0.44543540318737407,-0.36513981808175977,-0.30708344176251406,-0.26966407273190296,-0.8079066623809701,0.008161946758315993,-0.762291769811869,-1.1322247331511794,-1.090194889000231,1.8413959689833126,-0.7747657498463855,-0.6132496063484922,0.05868635327530716,0.680252572121473,-0.695693053700063,-0.8565849484774555,0.49361744361734783,-0.2948745963484151,-0.5423506560275677,0.3589205387456592,0.054761597807353055,-0.2600725956074884,0.7042066539008773,0.35955713202233824,-0.6453919825041918,0.7257259661536316,0.3995122807956569,-0.10983780389073187,-0.41396633210742717,-0.18505830254940134,-0.20509449742850697,-0.0816496580927726,-0.5293123406455822,-0.1649572197684645,0.4817616509277422,-0.4139663321074272,-0.4557837944376053,-0.11585688927269844,-0.11585688927269847,3.0362874289700748,-0.21286501985332265,-0.5828678671740337,-0.11585688927269844,-0.11585688927269844,-0.24473874221703176,-0.2034190510862431,-0.08164965809277261,-0.2794722107346492,-0.4025033049430488,-0.1423736993628749,2.5377457723038623,-0.08164965809277261,-0.0816496580927726,-0.14237369936287486,-0.2103806732152868,-0.18505830254940134,-0.280305955290694,1.1611920726344063,1.146602776056082,-0.25629956685409805,-0.3813771739533776,-0.11585688927269844,-0.16495721976846447,-0.14237369936287486,-0.08164965809277261,-0.0816496580927726,-0.11585688927269844,1.2253690008346267
4.452,compound_42,42,Cc1cc([N+](=O)[O-])cc([N+](=O)[O-])c1O,-0.7247721498900539,0.13160508212026453,0.5914681535954622,0.12396772770993243,0.6390009092651304,-0.8096075940881129,-0.23675389457837503,-0.7587778023629873,-0.03165321549149378,0.6489007363001994,-0.44644052630433445,-0.7206307924058576,-0.5469193618396346,0.4435785872987313,-0.08164965809277261,-0.43722819541551783,-0.1078489619050793,-0.08164965809277262,0.06462300819753596,-0.997821785410552,-0.6164668722138467,0.11904520244033535,-0.2153973442972486,-0.3195190878283785,-0.105278346704388,-0.3253519333305061,-0.7970348832184083,-0.6632021271811442,1.2106077473224752,0.053472179482567356,0.813011117957421,0.3305285061075325,0.02439922926849591,-1.2419803636668614,-0.8791782656340383,0.17253893215762853,0.44958216486886254,-0.1850583025494013,-0.34426518632954817,-0.3813771739533777,-0.3004208840630549,-0.32250493633782445,-0.2501851166488378,-0.48650923597732115,-0.408030732073532,0.1706095966208874,0.49829944054513414,-0.03562583172405988,-0.43502175163138596,-0.5732277470320264,-0.34257077297759186,-0.11585688927269844,-0.1423736993628749,-0.1850583025494013,-0.19458354883651188,-1.029882139131166,1.5076178110181495,-0.46965587898313627,-0.025081379573785204,0.4714287434486923,0.7498726337854658,-0.4401646196306631,-0.29601761901900703,-0.23402132579539733,-0.9083432985070807,-0.8415740785570819,-0.4228999536745886,-0.19007838162024807,-0.586281257762216,-0.3860199860216573,-0.8239507967026044,1.4763001934210112,-0.36513981808175977,-0.30708344176251406,-0.22301697567202783,-0.8079066623809701,-0.3617741669094872,0.6995374463304165,-0.607396519636735,-1.090194889000231,0.055230039504731064,0.8729754927846599,0.003541306536093114,-0.7071681405616813,1.592488449506507,-0.5151127152737399,-0.8565849484774555,-0.6922725817415895,-0.2948745963484151,-0.7121315975075501,-0.671200784935944,0.1361574107511524,0.08472312000921586,0.27495203310042304,0.6848763118919831,0.3424214259965502,0.352432645800656,0.3995122807956569,-0.10983780389073187,-0.41396633210742717,-0.18505830254940134,-0.20509449742850697,-0.0816496580927726,-0.5293123406455822,-0.1649572197684645,0.4817616509277422,-0.4139663321074272,-0.4557837944376053,-0.11585688927269844,-0.11585688927269847,-0.3184399010871054,-0.21286501985332265,-0.5828678671740337,-0.11585688927269844,-0.11585688927269844,-0.24473874221703176,-0.2034190510862431,-0.08164965809277261,-0.2794722107346492,-0.4025033049430488,-0.1423736993628749,-0.603234650793541,-0.08164965809277261,-0.0816496580927726,-0.14237369936287486,-0.2103806732152868,-0.18505830254940134,-0.280305955290694,1.1611920726344063,1.146602776056082,-0.25629956685409805,2.3609063149494802,-0.11585688927269844,-0.16495721976846447,-0.14237369936287486,-0.08164965809277261,-0.0816496580927726,-0.11585688927269844,0.8938157531937961
2.321,compound_78,78,O=Cc1cc([N+](=O)[O-])ccc1O,-0.8167238641328595,-0.9675013567847186,0.9242054010869826,-0.8859424697671326,0.9767524608881857,-0.5687996210164601,-0.053970522515437276,-0.7592721559668305,0.1503250311015197,0.29744473552251705,-0.7947377808232036,-0.9574912041261965,-0.7153522860015902,-0.22969507956656612,-0.08164965809277261,-0.43722819541551783,-0.1078489619050793,-0.08164965809277262,0.06462300819753596,-1.1035636015588197,-0.9480250238212763,1.3196562116948576,-0.9971134346828908,-0.0028736524671002803,-0.10527834872595812,-0.6082222078762785,-0.9434245070182719,-0.5925838442664508,1.2770099547726275,-0.4074820768633825,0.04260418799244034,-0.22793241388765426,0.9914629890278032,-1.3028431832799907,-1.2121789972326265,0.17253893215762853,-0.44366661006795666,-0.1850583025494013,-0.34426518632954817,-0.3813771739533777,-0.3004208840630549,-0.32250493633782445,-0.2501851166488378,-0.48650923597732115,-0.408030732073532,-0.33452862082526913,0.49829944054513414,-0.8041259160573513,-0.43502175163138596,-0.5732277470320264,-0.34257077297759186,-0.11585688927269844,-0.1423736993628749,-0.1850583025494013,-0.19458354883651188,0.4272924967663303,1.705500570994647,-0.46965587898313627,-0.025081379573785204,-0.7955793462767262,-0.0549526437328043,-0.4401646196306631,-0.29601761901900703,-0.23402132579539733,-0.9083432985070807,-0.9246353900744995,-0.6785193943012349,-0.5660647219426868,-0.7331615497846821,-0.4970252284596319,-0.778709956336415,1.4763001934210112,-0.36513981808175977,-0.30708344176251406,-0.6961133411633624,-0.8079066623809701,-0.6616851109870963,0.6995374463304165,-0.858674225258427,-1.090194889000231,-0.7160421888467345,0.8729754927846599,0.12981363819328717,-0.7071681405616813,-0.6663308010709861,-0.36476600869042364,-0.39498307471953714,-0.6922725817415895,-0.2948745963484151,-0.8550233687439791,-0.671200784935944,0.2698256872337926,0.5597098788537719,0.4107491292093932,0.5675452062382744,0.06569065297106476,0.7257259661536316,0.3995122807956569,-0.10983780389073187,-0.41396633210742717,-0.18505830254940134,-0.20509449742850697,-0.0816496580927726,0.9787284789295669,-0.1649572197684645,-0.6548947442298997,-0.4139663321074272,-0.4557837944376053,-0.11585688927269844,8.631338250816036,-0.3184399010871054,-0.21286501985332265,-0.5828678671740337,-0.11585688927269844,-0.11585688927269844,-0.24473874221703176,-0.2034190510862431,-0.08164965809277261,-0.2794722107346492,-0.4025033049430488,-0.1423736993628749,-0.603234650793541,-0.08164965809277261,-0.0816496580927726,-0.14237369936287486,-0.2103806732152868,-0.18505830254940134,-0.280305955290694,-0.5578275643047641,-0.45651777194825466,-0.25629956685409805,2.3609063149494802,-0.11585688927269844,-0.16495721976846447,-0.14237369936287486,-0.08164965809277261,-0.0816496580927726,-0.11585688927269844,-0.5640395654528938
1.54,compound_128,128,NC(=O)c1cccnc1,-1.0895420256099901,-2.1411844227128554,1.4263893659532005,-3.233202587976588,-0.45428323225204054,-0.444795693689292,8.867581759712627,-0.800297754979378,0.8039399034286886,-0.36868612114437194,-1.2742812685677976,-1.2836059422452084,-1.0553514668987982,-1.5097673307062915,-0.08164965809277261,0.7844817684740985,-0.1078489619050793,-0.08164965809277262,0.04522707154891595,-0.9961458223557725,-1.42894918305195,1.919961716322119,-0.9971134346828908,0.6186896095383713,-0.10527834933245224,-1.3642605735831863,-1.039727730023092,-0.3460765914178025,-0.4979965454284086,-1.2328925500403534,-1.0666791604640018,-1.227943772667949,1.1513400315405873,0.32408918210810733,-1.9804900982484723,1.1374788860762175,-1.336915385004776,-0.1850583025494013,-0.34426518632954817,-0.3813771739533777,1.9677567906130091,-2.6414690023859904,2.6558112382722783,-0.48650923597732115,-0.408030732073532,-1.3448050557175821,0.49829944054513414,-1.5726260003906427,1.8300915068630719,-0.5732277470320264,-1.1571878866723377,-0.11585688927269844,-0.1423736993628749,-0.1850583025494013,-0.06916652743285642,-1.029882139131166,0.3783599910700389,1.2601177368580594,-1.5542631231630102,-0.7955793462767262,-0.8311174981816264,-0.4401646196306631,-0.29601761901900703,-0.23402132579539733,-0.9083432985070807,-0.30461351335365483,-0.6601601874317259,-0.897381770364895,-1.3596243319818933,-1.0306409561728016,-1.2542697841961878,-0.44543540318737407,1.22469163517828,2.7354661520078225,-0.6961133411633624,-0.8079066623809701,-0.9423758701594035,-0.762291769811869,-0.4329937285203097,0.5810778995381293,-1.4873144171982,-0.7747657498463855,-0.5147389589483157,-0.7071681405616813,-2.0129141742634453,-0.36476600869042364,0.08655392808189336,-0.025574722875090782,-0.2948745963484151,-0.7253946006474391,-0.671200784935944,-0.3253710255258161,0.8176727019840297,0.25811319318291065,1.1578508795824922,0.11029859631368134,0.7257259661536316,0.3995122807956569,-0.10983780389073187,-0.41396633210742717,-0.18505830254940134,1.7304848220530276,-0.0816496580927726,0.9787284789295669,-0.1649572197684645,-0.6548947442298997,-0.4139663321074272,1.764324365564924,-0.11585688927269844,-0.11585688927269847,-0.3184399010871054,-0.21286501985332265,-0.5828678671740337,-0.11585688927269844,-0.11585688927269844,-0.24473874221703176,-0.2034190510862431,-0.08164965809277261,-0.2794722107346492,-0.4025033049430488,-0.1423736993628749,-0.603234650793541,-0.08164965809277261,-0.0816496580927726,-0.14237369936287486,-0.2103806732152868,-0.18505830254940134,-0.280305955290694,-2.2768472012439345,-2.059638319952591,-0.25629956685409805,-0.3813771739533776,-0.11585688927269844,6.0621778264910695,7.023769168568492,-0.08164965809277261,-0.0816496580927726,-0.11585688927269844,0.9394720966440023
2.265,compound_24,24,Nc1ccc([N+](=O)[O-])cc1,-1.0801517851968538,-1.6242894761478466,1.3050747419685544,-1.5809419570085315,1.0584708168434556,-0.9433172949958566,-0.05333675829569494,-0.7592768457201108,0.8516902460245593,0.09071757687367268,-1.1006538489100939,-1.1655301849072022,-0.906232618490998,-0.8364936638409942,-0.08164965809277261,0.7844817684740985,-0.1078489619050793,-0.08164965809277262,-0.7291796181945297,-0.9961458223557725,-1.2579088618383902,0.4792285052166924,-0.9971134346828908,0.3841374351966837,-0.10527834914813802,-1.1899017609026494,-1.0605799944028782,-0.9331693568171084,-0.0823286972167422,-0.8653057581260583,-1.4815114256690314,-0.7826005413941062,1.2626890796550654,-0.05690292999412675,-1.1593596690739867,1.1374788860762175,-0.8902909975363662,-0.1850583025494013,-0.34426518632954817,-0.3813771739533777,-0.3004208840630549,-0.32250493633782445,-0.2501851166488378,-0.48650923597732115,-0.408030732073532,-0.8396668382714256,0.49829944054513414,-1.188375958223997,-0.43502175163138596,-0.5732277470320264,-0.7498793298249649,-0.11585688927269844,-0.1423736993628749,-0.1850583025494013,-0.06916652743285642,-1.029882139131166,0.3783599910700389,-0.46965587898313627,-0.3325250781121237,-0.7955793462767262,-0.7803142062310864,-0.4401646196306631,-0.29601761901900703,-0.23402132579539733,-0.9083432985070807,-0.30461351335365483,-0.27838642536924246,-0.9570823497509603,-1.2635946358717816,-1.0211082685987276,-0.8239507967026044,-0.44543540318737407,-0.36513981808175977,-0.30708344176251406,-0.6961133411633624,-0.07329925148241778,-0.6264073474354356,-0.762291769811869,-0.5165234863708085,0.5810778995381293,0.055230039504731064,-0.7747657498463855,-1.0775691586539007,-0.7071681405616813,-0.6663308010709861,-0.8196112698700501,0.06661879903838124,-0.025574722875090782,-0.2948745963484151,-0.7109502558122751,-0.671200784935944,-0.8167340095150294,0.620695369574919,0.7042066539008773,0.384195611283153,0.3424214259965502,0.7257259661536316,0.3995122807956569,-0.10983780389073187,1.901178710419295,-0.18505830254940134,-0.20509449742850697,-0.0816496580927726,-0.5293123406455822,-0.1649572197684645,-0.6548947442298997,-0.4139663321074272,1.764324365564924,-0.11585688927269844,-0.11585688927269847,-0.3184399010871054,-0.21286501985332265,1.0173693681583134,-0.11585688927269844,-0.11585688927269844,-0.24473874221703176,-0.2034190510862431,-0.08164965809277261,-0.2794722107346492,-0.4025033049430488,-0.1423736993628749,-0.603234650793541,-0.08164965809277261,-0.0816496580927726,-0.14237369936287486,-0.2103806732152868,-0.18505830254940134,-0.280305955290694,-0.5578275643047641,-0.45651777194825466,-0.25629956685409805,-0.3813771739533776,-0.11585688927269844,-0.16495721976846447,-0.14237369936287486,-0.08164965809277261,-0.0816496580927726,-0.11585688927269844,-0.9730821236746605
2.109,compound_89,89,O=[N+]([O-])c1c(Cl)cccc1-c1c[nH]cc1Cl,0.7123768278637128,0.11488337194552546,0.34123769095461826,0.5381298207648373,0.7754591775674362,0.0021212848127967984,-0.03732224082358319,0.846835208876086,-0.5360316097838563,-0.9963377476283581,0.039720118293310555,0.08284150274000468,-0.1947413149419033,-0.8364936638409942,-0.08164965809277261,-0.43722819541551783,4.860430284187523,-0.08164965809277262,-0.7291796181945297,0.7905033645264589,0.003248417659770245,-0.5562984902653335,-0.9971134346828908,0.45450308749918994,-0.10527833521664069,0.22101155394167002,-0.6825502938145014,-0.2938841441409357,-0.49607262287652637,-0.36730511089283435,-0.9988575850088984,-0.17925672629038372,1.3059829470201292,0.3223257565275234,1.0817125117848687,0.17253893215762853,-0.8902909975363662,-0.1850583025494013,-0.34426518632954817,-0.3813771739533777,-0.3004208840630549,-0.32250493633782445,2.6558112382722783,1.6741641355690164,-0.408030732073532,-1.3448050557175821,0.49829944054513414,-0.4198758738907056,1.8300915068630719,1.0005429766377183,-0.7498793298249649,-0.11585688927269844,-0.1423736993628749,-0.1850583025494013,-0.22164254847614892,-0.0019922599718506786,-0.16655716868615175,-0.46965587898313627,-0.3325250781121237,-0.7955793462767262,-0.7803142062310864,-0.4401646196306631,-0.29601761901900703,-0.23402132579539733,1.3998481006019217,-0.30461351335365483,-0.26874658276923985,0.1580330663375451,0.034251290428468556,-1.024149540847157,0.5545020910618679,-0.44543540318737407,1.2224666109452955,-0.30708344176251406,-0.6961133411633624,-0.8079066623809701,0.5777322649964665,2.066753954060618,-0.7442223935882729,-1.090194889000231,-0.7160421888467345,-0.7747657498463855,-0.608185870183763,-0.7071681405616813,-0.6663308010709861,-0.7594178237279424,0.5481558018398112,2.012856398409534,2.9944427997047884,-0.6592595001150069,1.6041873298539258,-0.7055655283533507,0.5897106767119117,0.7042066539008773,0.8429910080154478,0.11187942894818502,0.7257259661536316,0.3995122807956569,-0.10983780389073187,-0.41396633210742717,-0.18505830254940134,1.7304848220530276,12.247448713915889,-0.5293123406455822,-0.1649572197684645,-0.6548947442298997,1.9011787104192954,-0.4557837944376053,-0.11585688927269844,-0.11585688927269847,-0.3184399010871054,-0.21286501985332265,-0.5828678671740337,-0.11585688927269844,-0.11585688927269844,-0.24473874221703176,-0.2034190510862431,-0.08164965809277261,-0.2794722107346492,-0.4025033049430488,-0.1423736993628749,0.9672555607551606,-0.08164965809277261,-0.0816496580927726,-0.14237369936287486,-0.2103806732152868,-0.18505830254940134,-0.280305955290694,-0.5578275643047641,-0.45651777194825466,3.261994487233975,-0.3813771739533776,-0.11585688927269844,-0.16495721976846447,-0.14237369936287486,-0.08164965809277261,-0.0816496580927726,-0.11585688927269844,1.61967224691144
1.54,compound_121,121,O=[N+]([O-])c1c(Cl)c(Cl)cc(Cl)c1Cl,-1.1796245984032625,0.28823550635276446,0.426105977693858,0.819970827839237,0.8455035940487459,0.15021228798890968,-0.04806016556618976,0.8471515117297758,0.9678184701567111,0.0647141068723561,-0.6110087033809058,0.1131692968370351,-1.8812137161138418,-0.8364936638409942,-0.08164965809277261,5.14467173671147,-0.1078489619050793,-0.08164965809277262,-0.7291796181945297,2.0484434706673538,0.03421127818699094,-0.8506790742652403,-0.9971134346828908,1.9790922207201578,-0.10527834948166338,1.6983468921231626,-0.5292624220017664,-0.9360594519543071,-1.2082025007880801,-0.10779203293291736,-1.0908657384545832,-1.033018114176907,1.3913035548813306,1.5568959800495916,1.338557825155352,-0.7924010217609605,-1.336915385004776,-0.1850583025494013,-0.34426518632954817,-0.3813771739533777,-0.3004208840630549,-0.32250493633782445,-0.2501851166488378,-0.48650923597732115,-0.408030732073532,-1.3448050557175821,-0.798997378805129,-0.03562583172405988,-0.43502175163138596,-0.5732277470320264,-1.1571878866723377,-0.11585688927269844,-0.1423736993628749,-0.1850583025494013,-1.2434005283644773,1.0258976191874647,-0.7114743284423424,-0.46965587898313627,-1.5542631231630102,0.4714287434486923,-0.7803142062310864,-0.4401646196306631,-0.29601761901900703,-0.23402132579539733,2.7542085232896194,-0.9246353900744995,-1.5287415597236276,-0.40376158759176145,1.8059581057413392,-1.534553587415089,2.380572492377713,-0.44543540318737407,-0.36513981808175977,-0.30708344176251406,-0.6961133411633624,-0.8079066623809701,-0.481804493337203,-0.762291769811869,-1.379499564518562,-1.090194889000231,-0.7160421888467345,-0.7747657498463855,-1.0775691586539007,-0.7071681405616813,-0.6663308010709861,-1.0001916082963733,-1.3181868222353739,4.051287519694159,-0.2948745963484151,-1.3827007326750504,3.6811493633943027,-0.7949974364739182,0.8985830566268125,0.7042066539008773,1.511716065813195,0.3424214259965502,0.7257259661536316,0.3995122807956569,-0.10983780389073187,-0.41396633210742717,-0.18505830254940134,-0.20509449742850697,-0.0816496580927726,-0.5293123406455822,-0.1649572197684645,-0.6548947442298997,-0.4139663321074272,-0.4557837944376053,-0.11585688927269844,-0.11585688927269847,-0.3184399010871054,-0.21286501985332265,-0.5828678671740337,-0.11585688927269844,-0.11585688927269844,-0.24473874221703176,-0.2034190510862431,-0.08164965809277261,-0.2794722107346492,-0.4025033049430488,-0.1423736993628749,2.5377457723038623,-0.08164965809277261,-0.0816496580927726,-0.14237369936287486,-0.2103806732152868,-0.18505830254940134,-0.280305955290694,-0.5578275643047641,-0.45651777194825466,-0.25629956685409805,-0.3813771739533776,-0.11585688927269844,-0.16495721976846447,-0.14237369936287486,-0.08164965809277261,-0.0816496580927726,-0.11585688927269844,-0.34245284566841533
2.97,compound_159,159,Nc1ncc(/C=C/c2ccc([N+](=O)[O-])o2)nn1,1.3235820342023275,-0.8765259837307985,1.2837110697134908,-1.1576145096363295,0.4665640654806989,-0.7249766426424102,-0.3724187046335192,-0.7575593490478139,1.1960559782271944,-1.823011782206232,-0.07841263362308502,-0.4703525112707793,-0.31504314339133205,-0.8364936638409942,-0.08164965809277261,0.7844817684740985,-0.1078489619050793,-0.08164965809277262,2.316018927921682,-0.8904040062075053,-0.2419061618447038,0.4368539990077086,-0.9971134346828908,-1.0114480021363565,-0.1052783059348088,-0.04811449073628279,-0.09544849765733178,-0.7835433873250383,0.3472712889128277,2.254829376207719,-1.7026453486825683,2.26690339753535,1.2515533789985767,-0.08674426262084106,-1.201878816234452,1.1374788860762175,0.8962065523372722,-0.1850583025494013,-0.34426518632954817,-0.3813771739533777,-0.3004208840630549,-2.6414690023859904,5.561807593193395,1.6741641355690164,-0.408030732073532,1.1808860315132004,0.49829944054513414,0.34862421044258585,4.095204765357529,1.0005429766377183,0.0647377838697811,-0.11585688927269844,-0.1423736993628749,-0.1850583025494013,0.8376561072441694,2.3217964584000623,0.3783599910700389,1.2721703084269074,-1.5542631231630102,0.5152699773154236,-0.7803142062310864,1.1984452401444634,-0.29601761901900703,3.1866718714200064,-0.9083432985070807,0.317389389594334,-1.5287415597236276,-0.14917858119803656,-0.20834977227979268,-0.5926491785899642,0.16471478383914437,-0.44543540318737407,4.477532583401792,-0.30708344176251406,-0.6961133411633624,-0.07329925148241778,-0.21820071828596468,-0.762291769811869,-0.4689001855148678,0.5810778995381293,0.11730583722616547,-0.7747657498463855,0.35418965463394325,-0.7071681405616813,-0.6663308010709861,-0.2564362535858658,-0.0475736267630149,-0.025574722875090782,3.2833330875159534,-0.4525383245283318,-0.671200784935944,-0.4598057085510044,0.9136593109716861,-0.13325869564086532,0.4184617044776508,0.21839942236255172,0.7257259661536316,0.3995122807956569,-0.10983780389073187,1.901178710419295,-0.18505830254940134,5.601643461016097,-0.0816496580927726,-0.5293123406455822,-0.1649572197684645,2.755074441243026,-0.4139663321074272,1.764324365564924,-0.11585688927269844,-0.11585688927269847,-0.3184399010871054,-0.21286501985332265,1.0173693681583134,-0.11585688927269844,-0.11585688927269844,-0.24473874221703176,-0.2034190510862431,-0.08164965809277261,-0.2794722107346492,-0.4025033049430488,7.023769168568494,-0.603234650793541,-0.08164965809277261,-0.0816496580927726,-0.14237369936287486,-0.2103806732152868,-0.18505830254940134,-0.280305955290694,-0.5578275643047641,-2.059638319952591,-0.25629956685409805,-0.3813771739533776,-0.11585688927269844,-0.16495721976846447,-0.14237369936287486,-0.08164965809277261,-0.0816496580927726,-0.11585688927269844,1.3342067436433187
1.591,compound_72,72,O=[N+]([O-])c1ccc(OCC2CO2)cc1,1.7398392733339705,0.2700712984099848,0.36126665467017843,-1.0243504485679245,0.008296071073768988,-1.0300953109427506,-0.053761039529524095,-0.7592145733981581,0.9080307951590744,-1.8915213213461048,-0.4403182823713484,-0.716467345235932,-0.27729438872324635,-0.8364936638409942,-0.08164965809277261,-0.43722819541551783,-0.1078489619050793,-0.08164965809277262,0.7428405136753408,-0.6852588296910893,-0.6482745911473934,1.4054141409273224,0.8268907762169418,0.3372270003283462,-0.10527833060559745,-0.7952243678503449,-0.3868617368962196,-0.698198490288099,1.0713319193778754,-0.8630139662399533,0.4333512465428072,-0.7798239617497452,0.016574528697586657,-1.114323167947505,-0.9983472397105201,-0.7924010217609605,-0.44366661006795666,-0.1850583025494013,2.904737509655563,2.360906314949481,-0.3004208840630549,-0.32250493633782445,-0.2501851166488378,-0.48650923597732115,2.0564748896506013,-0.33452862082526913,-0.798997378805129,-0.8041259160573513,1.8300915068630719,1.0005429766377183,0.0647377838697811,-0.11585688927269844,7.023769168568494,5.403702434442518,0.701515823864345,2.7333566614367344,-0.7114743284423424,-0.46965587898313627,-0.3325250781121237,-0.7955793462767262,-0.7803142062310864,-0.4401646196306631,-0.29601761901900703,-0.23402132579539733,-0.9083432985070807,-0.30461351335365483,-0.6785193943012349,0.2938159931093254,-0.8475915578123484,-0.021465709934719072,-1.2715683102539779,-0.44543540318737407,-0.36513981808175977,-0.30708344176251406,-0.27631186422371784,0.8768896965538128,-0.6264073474354356,0.6995374463304165,2.51120075835303,0.2938928536832671,-0.7160421888467345,0.8729754927846599,0.7330012771832307,-0.1198021365364525,-0.6663308010709861,-0.5186440391595117,0.06661879903838124,-0.6922725817415895,-0.2948745963484151,-0.0860392743773787,-0.671200784935944,-0.7997498839861531,0.7675187128552241,0.34554106112156696,0.06041535148711294,-0.1719311698361327,0.03487400627418442,0.3995122807956569,-0.10983780389073187,-0.41396633210742717,-0.18505830254940134,-0.20509449742850697,-0.0816496580927726,-0.5293123406455822,-0.1649572197684645,-0.6548947442298997,-0.4139663321074272,-0.4557837944376053,-0.11585688927269844,-0.11585688927269847,-0.3184399010871054,-0.21286501985332265,-0.5828678671740337,-0.11585688927269844,-0.11585688927269844,-0.24473874221703176,-0.2034190510862431,12.24744871391589,-0.2794722107346492,2.6363966473769698,-0.1423736993628749,-0.603234650793541,-0.08164965809277261,-0.0816496580927726,-0.14237369936287486,-0.2103806732152868,-0.18505830254940134,-0.280305955290694,-0.5578275643047641,-0.45651777194825466,-0.25629956685409805,-0.3813771739533776,-0.11585688927269844,-0.16495721976846447,-0.14237369936287486,-0.08164965809277261,-0.0816496580927726,-0.11585688927269844,-0.5018806084324022
1.499,compound_63,63,Cc1ccc([N+](=O)[O-])cc1S(=O)(=O)Cl,-0.9227569298585725,-0.19731533579831542,0.5165832349616947,-0.6051682856604411,0.47640925407107637,1.8598651758685925,-0.056948593007640144,0.8669373383254895,0.3586926686894548,0.8199190979145775,-0.4858723849764879,0.818123690204897,-0.4284303918136373,0.22886616062122783,-0.08164965809277261,-0.43722819541551783,-0.1078489619050793,-0.08164965809277262,-0.7291796181945297,-0.17843307228429658,-0.2214205947343065,0.6335927778351305,-0.2153973442972486,0.9001522187483963,-0.10527834742895374,-0.02973465822328592,-0.37954610849845444,-0.1565851850221649,-1.6916117697127002,-0.8420461847550069,0.8266581908080033,-1.0308528821881526,-0.9457447797534232,1.5558175112378934,-0.6206849233038465,-0.7924010217609605,-0.44366661006795666,-0.1850583025494013,-0.34426518632954817,-0.3813771739533777,-0.3004208840630549,-0.32250493633782445,-0.2501851166488378,-0.48650923597732115,-0.408030732073532,-0.33452862082526913,-0.798997378805129,-0.03562583172405988,-0.43502175163138596,-0.5732277470320264,-0.7498793298249649,-0.11585688927269844,-0.1423736993628749,-0.1850583025494013,-1.2434005283644773,-1.029882139131166,-0.7114743284423424,-0.46965587898313627,1.6117304388846039,-0.7955793462767262,-0.7803142062310864,2.3274005049247415,-0.29601761901900703,-0.23402132579539733,-0.43142781029642885,-0.27069976450920297,0.36235121237900914,-0.6283605478365956,-0.22662774384802392,-0.4040501713825887,0.2815054579673088,-0.44543540318737407,-0.36513981808175977,-0.30708344176251406,0.1149970210376059,-0.8079066623809701,-0.6616851109870963,-0.762291769811869,-0.34923449331307915,-1.090194889000231,-0.7160421888467345,-0.7747657498463855,-0.2836831562450007,0.4151240839465909,0.24590507631404773,-0.4549192691316323,-0.020999665992170003,-0.6922725817415895,-0.2948745963484151,-0.2681921507681175,-0.671200784935944,-0.9498203080192191,0.4260976579659008,0.7042066539008773,0.2500674037307199,0.3424214259965502,0.35060433069999375,0.48022154818767715,-0.10983780389073187,-0.41396633210742717,-0.18505830254940134,-0.20509449742850697,-0.0816496580927726,-0.5293123406455822,-0.1649572197684645,-0.6548947442298997,-0.4139663321074272,-0.4557837944376053,-0.11585688927269844,-0.11585688927269847,-0.3184399010871054,-0.21286501985332265,-0.5828678671740337,-0.11585688927269844,-0.11585688927269844,-0.24473874221703176,-0.2034190510862431,-0.08164965809277261,-0.2794722107346492,-0.4025033049430488,-0.1423736993628749,0.18201045498080975,-0.08164965809277261,-0.0816496580927726,-0.14237369936287486,-0.2103806732152868,-0.18505830254940134,-0.280305955290694,-0.5578275643047641,-0.45651777194825466,-0.25629956685409805,-0.3813771739533776,-0.11585688927269844,-0.16495721976846447,-0.14237369936287486,-0.08164965809277261,-0.0816496580927726,-0.11585688927269844,-0.22129716513726022
3.059,compound_69,69,O=[N+]([O-])c1cc([N+](=O)[O-])c(O)c([N+](=O)[O-])c1,-0.6766304498487256,0.8659101340064989,0.7174818484435954,0.5721201405121712,0.4450769060693939,-0.7314198834813621,-0.4146641037409646,-0.7582661004715652,0.3351339898056165,0.5830202268501844,-0.2342208109576827,-0.5763102486748479,-0.6058500117800915,1.7236508384384572,-0.08164965809277261,-0.43722819541551783,-0.1078489619050793,-0.08164965809277262,0.06462300819753596,-1.3150472338553545,-0.28529780608287564,-1.4567567472062253,-0.9971134346828908,-1.023175610853441,-0.10527834736009482,0.9525925793253238,-0.632792858297823,-0.7913800159185856,1.1530276354052666,0.1881706007902119,1.1309794389331969,0.49371997955584435,1.037491866655159,-1.189203685006718,-1.2089653407611962,0.17253893215762853,1.7894553272740914,-0.1850583025494013,-0.34426518632954817,-0.3813771739533777,-0.3004208840630549,-0.32250493633782445,-0.2501851166488378,-0.48650923597732115,-0.408030732073532,1.1808860315132004,0.49829944054513414,1.1171242947758773,-0.43502175163138596,-0.5732277470320264,0.0647377838697811,-0.11585688927269844,-0.1423736993628749,-0.1850583025494013,-0.19458354883651188,-1.029882139131166,-0.7114743284423424,-0.46965587898313627,1.2100021909691776,1.7384368331741107,2.2800594738020186,-0.4401646196306631,-0.29601761901900703,-0.23402132579539733,-0.9083432985070807,-1.5446572667953442,-1.5287415597236276,0.8326041049108245,0.4187894972311262,-0.3259818182828394,-0.376333283151231,1.4763001934210112,-0.36513981808175977,-0.30708344176251406,-0.6961133411633624,-0.8079066623809701,-0.026585459280217508,0.6995374463304165,-1.2502199651826387,-1.090194889000231,0.8265022678561967,0.8729754927846599,0.46786085884150147,-0.7071681405616813,2.0268359453139326,-0.9399981621542656,-0.8565849484774555,-0.6922725817415895,-0.2948745963484151,-1.1244554573069105,-0.671200784935944,1.0279525367654199,-0.018051928901701653,0.22912051316364562,0.6191035054322017,0.3424214259965502,0.7257259661536316,0.3995122807956569,-0.10983780389073187,-0.41396633210742717,-0.18505830254940134,-0.20509449742850697,-0.0816496580927726,-0.5293123406455822,-0.1649572197684645,1.618418046085384,-0.4139663321074272,-0.4557837944376053,-0.11585688927269844,-0.11585688927269847,-0.3184399010871054,-0.21286501985332265,-0.5828678671740337,-0.11585688927269844,-0.11585688927269844,-0.24473874221703176,-0.2034190510862431,-0.08164965809277261,-0.2794722107346492,-0.4025033049430488,-0.1423736993628749,-0.603234650793541,-0.08164965809277261,-0.0816496580927726,-0.14237369936287486,-0.2103806732152868,-0.18505830254940134,-0.280305955290694,2.880211709573577,2.7497233240604184,-0.25629956685409805,2.3609063149494802,-0.11585688927269844,-0.16495721976846447,-0.14237369936287486,-0.08164965809277261,-0.0816496580927726,-0.11585688927269844,1.1534991736409788
2.63,compound_91,91,Nc1ccc(Cl)c([N+](=O)[O-])c1,-1.1118661551900044,-0.7812690593470458,0.9377629370195422,-0.4957882200655906,0.8516069535219061,-0.023553855985741747,-0.04984959098436286,0.846742197580454,0.7957117399169297,0.1382930477438462,-0.9268225796369173,-0.8108870275835223,-0.9395336684234736,-0.8364936638409942,-0.08164965809277261,0.7844817684740985,-0.1078489619050793,-0.08164965809277262,-0.7291796181945297,-0.20697843111789488,-0.8947493692335776,1.2650829840014695,-0.9971134346828908,0.7242380879921304,-0.10527834915275996,-0.7126305142569861,-0.807763388954892,-0.864468036986202,-0.08481958628173038,-0.47786116230790665,-1.4544034157314294,-0.3131989414544827,1.2905834392549014,-0.05461983523477709,-0.6209486079373996,1.1374788860762175,-0.8902909975363662,-0.1850583025494013,-0.34426518632954817,-0.3813771739533777,-0.3004208840630549,-0.32250493633782445,-0.2501851166488378,-0.48650923597732115,-0.408030732073532,-0.8396668382714256,0.49829944054513414,-0.8041259160573513,-0.43502175163138596,-0.5732277470320264,-0.7498793298249649,-0.11585688927269844,-0.1423736993628749,-0.1850583025494013,-0.06916652743285642,-0.0019922599718506786,0.3783599910700389,-0.46965587898313627,-0.3325250781121237,-0.7955793462767262,-0.7803142062310864,-0.4401646196306631,-0.29601761901900703,-0.23402132579539733,0.007294656942094409,-0.30461351335365483,-0.7034975080804389,-1.0849216089511409,-0.8169272194354116,-1.122580823462628,0.08908440395531816,-0.44543540318737407,-0.36513981808175977,-0.30708344176251406,-0.6961133411633624,-0.07329925148241778,-0.7015184339586256,-0.762291769811869,-0.7557223383972361,0.5810778995381293,0.055230039504731064,-0.7747657498463855,-1.0775691586539007,-0.7071681405616813,-0.6663308010709861,-0.8798047160121578,-0.39498307471953714,1.1603153024838464,-0.2948745963484151,-0.8448603476485552,0.40306670117237875,-0.8042962782281884,0.632045567143553,0.7042066539008773,0.8173227618975303,0.3424214259965502,0.7257259661536316,0.3995122807956569,-0.10983780389073187,1.901178710419295,-0.18505830254940134,-0.20509449742850697,-0.0816496580927726,-0.5293123406455822,-0.1649572197684645,-0.6548947442298997,-0.4139663321074272,1.764324365564924,-0.11585688927269844,-0.11585688927269847,-0.3184399010871054,-0.21286501985332265,1.0173693681583134,-0.11585688927269844,-0.11585688927269844,-0.24473874221703176,-0.2034190510862431,-0.08164965809277261,-0.2794722107346492,-0.4025033049430488,-0.1423736993628749,0.18201045498080975,-0.08164965809277261,-0.0816496580927726,-0.14237369936287486,-0.2103806732152868,-0.18505830254940134,-0.280305955290694,-0.5578275643047641,-0.45651777194825466,-0.25629956685409805,-0.3813771739533776,-0.11585688927269844,-0.16495721976846447,-0.14237369936287486,-0.08164965809277261,-0.0816496580927726,-0.11585688927269844,-0.6245902333303722
